resname,example_pdb_id,example_Chain,n_chains,n_residue_instances,sources
1KX,3VRJ,D,4,4,step6_trimmed
1VY,4L4V,E,2,2,step6_trimmed
2L4,4NQE,E,1,1,step6_trimmed
2LJ,6XQP,E,16,16,step6_trimmed
30W,4PJF,E,11,11,step6_trimmed
3AZ,3O3B,C,4,4,step6_trimmed
3IB,2GJ6,C,1,1,step6_trimmed
3IV,8GLH,E,1,1,step6_trimmed
3IY,8GLH,E,1,1,step6_trimmed
3LY,8GLF,E,1,1,step6_trimmed
3XU,4X6F,C,1,1,step6_trimmed
42H,4X6E,C,2,2,step6_trimmed
4GH,3VWK,E,1,1,step6_trimmed
4MA,7ZT9,E,1,1,step6_trimmed
4OG,9ASF,C,2,2,step6_trimmed
54G,7ZT7,E,1,1,step6_trimmed
6F8,5J1A,C,1,1,step6_trimmed
6FP,4L4T,E,2,2,step6_trimmed
6PL,2H26,E,2,2,step6_trimmed
6UL,8DV3,E,6,6,step6_trimmed
70E,5L2J,D,1,1,step6_trimmed
7WO,5U16,E,1,1,step6_trimmed
7WP,5U17,E,1,1,step6_trimmed
7WQ,5U2V,E,1,1,step6_trimmed
7ZS,5U6Q,E,2,2,step6_trimmed
ABA,8SHI,C,2,2,step6_trimmed
ACE,4O2C,C,1,1,step6_trimmed
ACT,6UZQ,C,4,4,step6_trimmed
ACY,5C0F,C,1,1,step6_trimmed
AGH,6V7Y,F,6,6,step6_trimmed
AHF,8SGM,G,1,1,step6_trimmed
ALA,3BZF,C,467,628,step6_trimmed
ARG,1QSE,C,359,497,step6_trimmed
ASN,7LFZ,C,199,220,step6_trimmed
ASP,7OW6,C,173,186,step6_trimmed
B3P,4PJC,E,2,2,step6_trimmed
BAL,3O3E,C,2,2,step6_trimmed
BTB,7SIF,C,1,1,step6_trimmed
CA,7M8T,C,1,1,step6_trimmed
CD,3FQN,C,2,2,step6_trimmed
CDE,1B0R,C,1,1,step6_trimmed
CIR,3FT2,C,5,7,step6_trimmed
CIS,7RYN,E,3,3,step6_trimmed
CL,5WJL,C,2,2,step6_trimmed
CU,5IB5,C,2,2,step6_trimmed
CUY,8DV4,E,9,9,step6_trimmed
CYS,3VXU,C,80,87,step6_trimmed
D10,6C09,E,1,2,step6_trimmed
D12,7MXF,C,8,8,step6_trimmed
D21,5WKG,E,1,1,step6_trimmed
D3D,5WL1,F,1,1,step6_trimmed
DAO,5C9J,C,1,2,step6_trimmed
DB3,3VWJ,E,1,1,step6_trimmed
DIF,5U1R,E,1,1,step6_trimmed
E7P,7S79,C,1,1,step6_trimmed
EDO,5NMK,C,20,24,step6_trimmed
EKG,6C09,E,1,1,step6_trimmed
F2F,3D3V,C,1,1,step6_trimmed
FMT,2GIT,C,1,1,step6_trimmed
FO4,8SOS,E,3,3,step6_trimmed
FOF,6NUX,C,1,1,step6_trimmed
GCY,3SDX,E,1,1,step6_trimmed
GIC,3O3B,C,2,2,step6_trimmed
GLN,7P49,C,222,266,step6_trimmed
GLU,7TUD,C,264,337,step6_trimmed
GLY,1QSE,C,415,605,step6_trimmed
GM2,1GZP,C,1,1,step6_trimmed
GMM,1UQS,C,1,1,step6_trimmed
GOL,3FQT,C,30,33,step6_trimmed
GRN,4WJ5,C,1,1,step6_trimmed
H6N,9BTX,E,1,1,step6_trimmed
HEX,3U0P,D,2,2,step6_trimmed
HIS,1P7Q,C,144,157,step6_trimmed
HOH,3X11,C,756,5868,step6_trimmed
ILE,8RLV,C,373,480,step6_trimmed
IOD,3REW,C,5,5,step6_trimmed
IPA,2P5E,C,1,1,step6_trimmed
JH0,1XZ0,D,1,1,step6_trimmed
JLS,4WO4,H,4,4,step6_trimmed
JSO,7ZT4,E,1,1,step6_trimmed
K,7LGT,C,1,2,step6_trimmed
KYN,6BXP,C,1,1,step6_trimmed
L9Q,8GLG,E,1,1,step6_trimmed
LEU,8RLV,C,725,1232,step6_trimmed
LMR,8TLZ,C,1,1,step6_trimmed
LPH,4WJ5,C,1,1,step6_trimmed
LSC,3U0P,D,2,2,step6_trimmed
LXU,8Y6X,E,1,1,step6_trimmed
LYS,3X11,C,284,339,step6_trimmed
MET,3BZF,C,194,219,step6_trimmed
MG,4U6X,C,1,1,step6_trimmed
MK0,3OV6,B,1,1,step6_trimmed
MSE,2X4P,C,2,2,step6_trimmed
MW9,7SH4,C,1,1,step6_trimmed
MYR,7WJ3,C,2,2,step6_trimmed
N18,6PVD,E,1,1,step6_trimmed
N36,7UFJ,E,1,1,step6_trimmed
NA,7M8U,C,3,3,step6_trimmed
NHE,6NHA,D,2,2,step6_trimmed
NI,5IB4,C,1,1,step6_trimmed
NK,9BU0,E,1,1,step6_trimmed
NVA,4WJ5,C,1,1,step6_trimmed
OLA,4X6D,F,1,1,step6_trimmed
OSE,7S7D,C,1,1,step6_trimmed
OVV,7ZT8,E,1,1,step6_trimmed
OYD,6PUD,E,1,1,step6_trimmed
OYG,6PUH,E,1,1,step6_trimmed
OYV,6PUK,E,1,1,step6_trimmed
OZD,6PUG,E,1,1,step6_trimmed
P1J,6PVC,E,1,1,step6_trimmed
P4G,6Z9V,C,1,1,step6_trimmed
P50,5WKE,E,1,1,step6_trimmed
P6G,3ES6,C,2,2,step6_trimmed
PEG,3KWW,C,1,1,step6_trimmed
PFF,3D39,C,1,1,step6_trimmed
PGE,7RE8,C,1,1,step6_trimmed
PHE,8RLV,C,358,466,step6_trimmed
PIE,8DV3,E,1,1,step6_trimmed
PII,1GZQ,C,1,1,step6_trimmed
PMK,4ONO,C,1,1,step6_trimmed
POV,6D64,F,1,1,step6_trimmed
PRO,8RLV,C,426,601,step6_trimmed
PRQ,2X70,C,4,4,step6_trimmed
PRV,2X4N,C,4,4,step6_trimmed
PRW,2X4T,C,1,1,step6_trimmed
PTY,3JTC,C,5,5,step6_trimmed
PXL,9CGR,E,1,1,step6_trimmed
Q7J,6PUE,E,1,1,step6_trimmed
Q7P,6PUI,E,1,1,step6_trimmed
Q7S,6PUJ,E,1,1,step6_trimmed
Q81,6PUL,E,1,1,step6_trimmed
Q84,6PUM,E,1,1,step6_trimmed
Q87,4NQD,C,2,2,step6_trimmed
QCN,6Z9X,C,1,1,step6_trimmed
QM8,7NDT,C,3,3,step6_trimmed
QMB,6ZKY,C,1,1,step6_trimmed
R8F,8BP6,B,1,1,step6_trimmed
SEP,3FQU,C,18,20,step6_trimmed
SER,8RLV,C,299,420,step6_trimmed
SGF,8GLE,E,1,1,step6_trimmed
SLF,1ONQ,F,1,1,step6_trimmed
SO4,7P49,C,4,4,step6_trimmed
STE,5C9J,C,1,1,step6_trimmed
T8X,3T8X,E,1,1,step6_trimmed
THR,3X11,C,441,513,step6_trimmed
TIG,3O3E,C,2,2,step6_trimmed
TKG,6W9U,E,1,1,step6_trimmed
TRP,7EJL,C,200,233,step6_trimmed
TWT,1GZP,C,2,2,step6_trimmed
TYR,1QSE,C,328,409,step6_trimmed
ULI,3T8X,E,1,1,step6_trimmed
UND,3U0P,D,1,1,step6_trimmed
VAL,3X11,C,514,759,step6_trimmed
WGR,7RYO,E,1,1,step6_trimmed
WU7,7KOZ,C,1,1,step6_trimmed
WUA,7KP0,C,1,1,step6_trimmed
XFW,4UQ3,C,1,1,step6_trimmed
XIE,9BTZ,E,1,1,step6_trimmed
XIK,9BTY,E,1,1,step6_trimmed
XY1,4UQ3,C,2,2,step6_trimmed
ZN,5WMP,C,1,1,step6_trimmed
ZP7,7MXF,C,3,3,step6_trimmed
ZPD,7MX4,C,1,1,step6_trimmed
ZQ4,7MXF,C,1,1,step6_trimmed
ZQ7,7MXH,C,1,1,step6_trimmed
ZR2,8GLI,D,1,1,step6_trimmed
