resname,chem_comp_type,chem_comp_name,biopython_included,pdb_id,chain,chain_type,whitelist,blacklist
HOH,non-polymer,WATER,no,8ryp,C,ligand,,yes
HOH,non-polymer,WATER,no,8ryp,D,binder,,yes
EDO,non-polymer,"1,2-ETHANEDIOL",no,4u1m,C,ligand,,yes
MSE,L-peptide,n,yes,2x4q,C,ligand,yes,
PRV,L-peptide,n,yes,2x4q,C,ligand,yes,
PRQ,L-peptide,.,no,2x4q,C,ligand,yes,
GOL,non-polymer,GLYCEROL,no,5c08,E,binder,,yes
SO4,non-polymer,SULFATE,no,5c08,E,binder,,yes
AGH,D-saccharide,"N-{(1S,2R,3S)-1-[(ALPHA-D-GALACTOPYRANOSYLOXY)METHYL]-2,3-DIHYDROXYHEPTADECYL}HEXACOSANAMIDE",no,2po6,C,binder,,
DPN,D-peptide,.,no,7p0a,C,ligand,yes,
NIY,L-peptide,n,yes,3rol,C,ligand,yes,
GOL,non-polymer,GLYCEROL,no,5vz5,C,ligand,,yes
FME,L-peptide,n,yes,7lfi,C,ligand,yes,
CGU,L-peptide,n,yes,3jtc,B,ligand,yes,
MG,non-polymer,MAGNESIUM,no,3jtc,B,ligand,,yes
CA,non-polymer,CALCIUM,no,3jtc,B,ligand,,yes
ACY,non-polymer,ACETIC,no,1mwa,F,ligand,,yes
CU,non-polymer,COPPER,no,5ib5,C,ligand,,yes
QM8,L-peptide,n,yes,7ndu,C,ligand,yes,
ACT,non-polymer,ACETATE,no,7l1d,E,binder,,yes
ABA,L-peptide,n,yes,4pv9,C,ligand,yes,
4OG,L-peptide,n,yes,9asg,C,ligand,yes,
CIR,L-peptide,n,yes,3hcv,C,ligand,yes,
D3D,non-polymer,"(19S,22R,25R)-22,25,26-trihydroxy-16,22-dioxo-17,21,23-trioxa-22lambda~5~-phosphahexacosan-19-yl",no,5wki,D,binder,,
SEP,L-peptide,n,yes,4no2,C,ligand,yes,
CL,non-polymer,CHLORIDE,no,5wjl,C,ligand,,yes
MYR,non-polymer,MYRISTIC,no,6iwg,C,ligand,,
GIC,peptide-like,N-(2-aminoethyl)-N-(1H-indol-3-ylacetyl)glycine,no,3o3b,C,ligand,yes,
3AZ,peptide-like,3-(aminomethyl)benzoic,no,3o3b,C,ligand,yes,
TYI,L-peptide,n,yes,4pgc,C,ligand,yes,
FLC,non-polymer,CITRATE,no,6vm8,D,binder,,yes
XY1,non-polymer,4-[(E)-[5-(2-azanylethyl)-2-oxidanyl-phenyl]diazenyl]benzoic,no,4uq3,C,ligand,,
XFW,peptide-like,"(2S)-2,5,5-tris(azanyl)pentanoic",no,4uq3,C,ligand,yes,
MOV,non-polymer,AMG,no,8vra,D,binder,yes,
CSO,L-peptide,n,yes,1fzm,A,mhc,yes,
SO4,non-polymer,SULFATE,no,5mer,C,ligand,,yes
POV,non-polymer,(2S)-3-(hexadecanoyloxy)-2-[(9Z)-octadec-9-enoyloxy]propyl,no,6cug,C,binder,,
P4G,non-polymer,1-ETHOXY-2-(2-ETHOXYETHOXY)ETHANE,no,6z9v,C,ligand,,yes
EPE,non-polymer,4-(2-HYDROXYETHYL)-1-PIPERAZINE,no,4jff,E,binder,,yes
KYN,L-peptide,n,yes,6bxp,C,ligand,yes,
ACE,non-polymer,ACETYL,no,4o2c,C,ligand,,yes
K,non-polymer,POTASSIUM,no,7lgt,C,ligand,,yes
EDO,non-polymer,"1,2-ETHANEDIOL",no,5c0b,D,binder,,yes
PGE,non-polymer,TRIETHYLENE,no,7re8,C,ligand,,yes
KFP,D-peptide,n,yes,4l8s,A,mhc,yes,
IPA,non-polymer,ISOPROPYL,no,2p5e,C,ligand,,yes
QCN,non-polymer,(2~{S})-2-azanyl-3-(3-~{tert}-butyl-4-oxidanyl-phenyl)propanal,no,6z9x,C,ligand,,
CL,non-polymer,CHLORIDE,no,4lhu,F,binder,,yes
3X9,L-peptide,n,yes,7rno,C,binder,yes,
PFF,L-peptide,n,yes,3d39,C,ligand,yes,
BAL,peptide-like,BETA-ALANINE,no,3o3e,C,ligand,yes,
TIG,peptide-like,N-(2-aminoethyl)-L-tryptophan,no,3o3e,C,ligand,yes,
3IB,non-polymer,3-INDOLEBUTYRIC,no,2gj6,C,ligand,,
NLE,L-peptide,n,yes,5e8p,C,ligand,yes,
ZN,non-polymer,ZINC,no,5wmp,C,ligand,,yes
MG,non-polymer,MAGNESIUM,no,3huj,D,binder,,yes
E7P,non-polymer,(2S)-2-amino-4-phosphonobutanoic,no,7s79,C,ligand,,
OSE,L-peptide,n,yes,7s7d,C,ligand,yes,
F2F,L-peptide,n,yes,3d3v,C,ligand,yes,
BTB,non-polymer,"2-[BIS-(2-HYDROXY-ETHYL)-AMINO]-2-HYDROXYMETHYL-PROPANE-1,3-DIOL",no,7sif,C,ligand,,yes
CD,non-polymer,CADMIUM,no,3fqn,C,ligand,,yes
ESC,L-peptide,n,yes,1kbg,E,ligand,yes,
QMB,L-peptide,n,yes,6zky,C,ligand,yes,
LLP,L-peptide,n,yes,9cgs,A,mhc,yes,
ACT,non-polymer,ACETATE,no,6uzq,C,ligand,,yes
CGL,non-polymer,CYSTINE-GLUTATHIONE,no,1kcg,A,mhc,yes,
GRN,non-polymer,2-phenyl-L-alanine,no,4wj5,C,ligand,yes,
NVA,L-peptide,n,yes,4wj5,C,ligand,yes,
LPH,L-peptide,.,no,4wj5,C,ligand,yes,
PLM,non-polymer,PALMITIC,no,5efi,C,ligand,,
OCA,non-polymer,OCTANOIC,no,5efi,C,ligand,,
TAM,non-polymer,TRIS(HYDROXYETHYL)AMINOMETHANE,no,6tmo,E,binder,,yes
PCA,L-peptide,n,yes,6bj2,D,binder,yes,
IOD,non-polymer,IODIDE,no,3rew,C,ligand,,yes
FMT,non-polymer,FORMIC,no,2git,C,ligand,,yes
70E,non-polymer,"6-O-[(2R,3R)-3-hydroxy-2-tetradecyldocosanoyl]-alpha-L-idopyranose",no,5l2k,D,binder,,
PEG,non-polymer,DI(HYDROXYETHYL)ETHER,no,3kww,C,ligand,,yes
PRW,non-polymer,"(2R,3R)-4-AMINO-2,3-DIHYDROXYBUTANOIC",no,2x4t,C,ligand,,
CDE,L-peptide,.,no,1b0r,C,ligand,yes,
MSE,L-peptide,n,yes,2o5n,A,mhc,yes,
NA,non-polymer,SODIUM,no,7n5p,D,binder,,yes
NO3,non-polymer,NITRATE,no,3tfk,D,binder,,yes
MES,non-polymer,2-(N-MORPHOLINO)-ETHANESULFONIC,no,8d5q,C,binder,,yes
NAG,"D-saccharide,",linking,no,2wy3,B,binder,yes,
IMD,non-polymer,IMIDAZOLE,no,5d2n,B,binder,,yes
PPI,non-polymer,PROPANOIC,no,8d5n,B,ligand,,yes
SPH,non-polymer,SPHINGOSINE,no,6ilm,B,binder,,yes
JG5,non-polymer,Somapacitan,no,6qio,B,binder,,yes
EDT,non-polymer,{[-(BIS-CARBOXYMETHYL-AMINO)-ETHYL]-CARBOXYMETHYL-AMINO}-ACETIC,no,5jhd,E,binder,,yes
BME,non-polymer,BETA-MERCAPTOETHANOL,no,6qip,B,binder,,yes
MPO,non-polymer,3[N-MORPHOLINO]PROPANE,no,7zt8,C,binder,,yes
GUN,non-polymer,GUANINE,no,7b5f,C,binder,,yes
NI,non-polymer,NICKEL,no,5ib4,C,ligand,,yes
PG4,non-polymer,TETRAETHYLENE,no,5c0c,D,binder,,yes
CO,non-polymer,COBALT,no,3vxm,D,binder,,yes
BR,non-polymer,BROMIDE,no,8umo,D,binder,,yes
PO4,non-polymer,PHOSPHATE,no,8v51,D,binder,,yes
Y01,non-polymer,CHOLESTEROL,no,8es9,C,binder,,yes
FUC,"L-saccharide,",linking,no,4en3,B,binder,yes,
GLC,"D-saccharide,",linking,no,8zox,C,binder,yes,
CS,non-polymer,CESIUM,no,5l2k,C,binder,,yes
NAG,"D-saccharide,",linking,no,1qlf,C,ligand,yes,
1KX,non-polymer,"{(1S,4R)-4-[2-amino-6-(cyclopropylamino)-9H-purin-9-yl]cyclopent-2-en-1-yl}methanol",no,3UPR,D,unclassified,,
1PE,non-polymer,PENTAETHYLENE,no,7ALO,B,unclassified,,
1PG,non-polymer,2-(2-{2-[2-(2-METHOXY-ETHOXY)-ETHOXY]-ETHOXY}-ETHOXY)-ETHANOL,no,1I4F,B,unclassified,,
1VY,non-polymer,"1-deoxy-1-(7-hydroxy-6-methyl-2,4-dioxo-3,4-dihydropteridin-8(2H)-yl)-D-ribitol",no,4L4V,E,unclassified,,
2L4,non-polymer,"1-deoxy-1-({2,6-dioxo-5-[(E)-(2-oxoethylidene)amino]-1,2,3,6-tetrahydropyrimidin-4-yl}amino)-D-ribitol",no,4NQE,E,unclassified,,
2LJ,non-polymer,"1-deoxy-1-({2,6-dioxo-5-[(E)-propylideneamino]-1,2,3,6-tetrahydropyrimidin-4-yl}amino)-D-ribitol",no,4NQC,C,unclassified,,
30W,non-polymer,"N-(6-formyl-4-oxo-3,4-dihydropteridin-2-yl)acetamide",no,4PJ5,E,unclassified,,
3IV,non-polymer,(11E)-hexadec-11-enoic,no,8GLH,E,unclassified,,
3IY,non-polymer,[(2~{R})-1-dodecanoyloxy-3-[oxidanyl-[2-(trimethyl-$l^{4}-azanyl)ethoxy]phosphoryl]oxy-propan-2-yl],no,8GLH,E,unclassified,,
3LY,non-polymer,"[(~{Z},2~{R},3~{S})-2-(hexadecanoylamino)-3-oxidanyl-octadec-4-enyl]",no,8GLF,E,unclassified,,
3NI,non-polymer,NICKEL,no,7KGO,B,unclassified,,
3XU,non-polymer,"(4S,7S,23Z)-4-hydroxy-7-[(1S,2Z)-1-hydroxyhexadec-2-en-1-yl]-N,N,N-trimethyl-9-oxo-3,5-dioxa-8-aza-4-phosphadotriacont-",no,4X6F,C,unclassified,,
42H,non-polymer,"(4R,7R,18Z)-4,7-dihydroxy-N,N,N-trimethyl-10-oxo-3,5,9-trioxa-4-phosphaheptacos-18-en-1-aminium",no,4X6C,E,unclassified,,
4GH,non-polymer,"N-{(2S,3R)-1-[(4-deoxy-alpha-D-xylo-hexopyranosyl)oxy]-3-hydroxyoctadecan-2-yl}hexacosanamide",no,3VWK,E,unclassified,,
4MA,non-polymer,4-METHYLBENZOIC,no,7ZT9,E,unclassified,,
54G,non-polymer,2-hydroxy-5-methylbenzoic,no,7ZT7,E,unclassified,,
6F8,non-polymer,"3-[(8Z,11Z)-pentadeca-8,11-dien-1-yl]benzene-1,2-diol",no,5J1A,C,unclassified,,
6FP,non-polymer,"2-amino-4-oxo-3,4-dihydropteridine-6-carbaldehyde",no,4GUP,C,unclassified,,
6PL,non-polymer,"(4S,7R)-4-HYDROXY-N,N,N-TRIMETHYL-9-OXO-7-[(PALMITOYLOXY)METHYL]-3,5,8-TRIOXA-4-PHOSPHAHEXACOSAN-1-AMINIUM",no,2H26,E,unclassified,,
6UL,non-polymer,TETRACOSYL,no,2H26,E,unclassified,,
7WO,non-polymer,2-hydroxynaphthalene-1-carbaldehyde,no,5U16,E,unclassified,,
7WP,non-polymer,"2,4-diaminopteridine-6-carbaldehyde",no,5U17,E,unclassified,,
7WQ,non-polymer,2-hydroxy-5-methoxybenzaldehyde,no,5U2V,E,unclassified,,
7ZS,non-polymer,3-methanoyl-2-oxidanyl-benzoic,no,5U6Q,E,unclassified,,
B3P,non-polymer,"2-[3-(2-HYDROXY-1,1-DIHYDROXYMETHYL-ETHYLAMINO)-PROPYLAMINO]-2-HYDROXYMETHYL-PROPANE-1,3-DIOL",no,4PJC,E,unclassified,,
BGC,"D-saccharide,",linking,no,6V7Z,B,unclassified,,
BMA,"D-saccharide,",linking,no,1ZAG,B,unclassified,,
CIS,non-polymer,"(15Z)-N-((1S,2R,3E)-2-HYDROXY-1-{[(3-O-SULFO-BETA-D-GALACTOPYRANOSYL)OXY]METHYL}HEPTADEC-3-ENYL)TETRACOS-15-ENAMIDE",no,4MNG,D,unclassified,,
CUY,non-polymer,tetracosyl,no,5WKE,E,unclassified,,
D10,non-polymer,DECANE,no,6C09,E,unclassified,,
D12,non-polymer,DODECANE,no,1GZP,C,unclassified,,
D21,non-polymer,(2R)-1-(hexadecanoyloxy)-3-(phosphonooxy)propan-2-yl,no,5WKG,E,unclassified,,
DAO,non-polymer,LAURIC,no,5C9J,C,unclassified,,
DB3,non-polymer,"(11Z,14E)-N-[(2S,3S,4R)-1-(alpha-D-galactopyranosyloxy)-3,4-dihydroxyoctadecan-2-yl]icosa-11,14-dienamide",no,3VWJ,E,unclassified,,
DIF,non-polymer,"2-[2,6-DICHLOROPHENYL)AMINO]BENZENEACETIC",no,5U1R,E,unclassified,,
EKG,non-polymer,"(2R)-2,3-dihydroxypropyl",no,6C09,E,unclassified,,
EMC,non-polymer,ETHYL,no,1AO7,B,unclassified,,
ER7,non-polymer,"1-[7-(3-fluorophenyl)-5-methyl[1,2,4]triazolo[1,5-a]pyrimidin-6-yl]ethan-1-one",no,6C98,B,unclassified,,
FO4,non-polymer,sphingomyelin,no,7KP1,C,unclassified,,
FOF,non-polymer,"(2E,6E)-3,7,11-trimethyldodeca-2,6,10-trien-1-ol",no,6NUX,C,unclassified,,
FRU,"D-saccharide,",linking,no,7S7E,D,unclassified,,
GCY,non-polymer,"N-[(2S,3R)-1-(beta-D-galactopyranosyloxy)-3-hydroxyoctadec-4-en-2-yl]tetracosanamide",no,3SDX,E,unclassified,,
GM2,non-polymer,"N-[(1S,2S)-2-HYDROXY-1-({[(2R,3R,4S,5S,6R)-3,4,5-TRIHYDROXY-6-(HYDROXYMETHYL)TETRAHYDRO-2H-PYRAN-2-YL]OXY}METHYL)OCTADECYL]OCTADECANAMIDE",no,1GZP,C,unclassified,,
GMM,non-polymer,GLUCOSE,no,1UQS,C,unclassified,,
H6N,non-polymer,Protocatechuic,no,9BTX,E,unclassified,,
HEX,non-polymer,HEXANE,no,3TZV,F,unclassified,,
JH0,non-polymer,"6-(HYDROXY-HEXADECANOYL-AMINO)-2-{[(4S)-2-(2-HYDROXY-PHENYL)-4,5-DIHYDRO-OXAZOLE-4-CARBONYL]-AMINO}-HEXANOIC",no,1XZ0,D,unclassified,,
JLS,non-polymer,"(15Z)-N-[(2S,3S,4R)-1-(alpha-D-galactopyranosyloxy)-3,4-dihydroxyoctadecan-2-yl]tetracos-15-enamide",no,4LHU,G,unclassified,,
JSO,non-polymer,2-azanyl-6-methyl-3~{H}-pteridin-4-one,no,7ZT4,E,unclassified,,
L9Q,non-polymer,(1S)-2-{[(S)-(2-aminoethoxy)(hydroxy)phosphoryl]oxy}-1-[(octadecanoyloxy)methyl]ethyl,no,8GLG,E,unclassified,,
LMR,non-polymer,(2S)-2-hydroxybutanedioic,no,8TLZ,C,unclassified,,
LSC,non-polymer,"(4R,7R,18E)-4,7-dihydroxy-N,N,N-trimethyl-10-oxo-3,5,9-trioxa-4-phosphaheptacos-18-en-1-aminium",no,3TZV,F,unclassified,,
MAN,"D-saccharide,",linking,no,1ZAG,B,unclassified,,
MK0,non-polymer,"1-O-[(S)-hydroxy{[(4S,8S,16S,20S)-4,8,12,16,20-pentamethylheptacosyl]oxy}phosphoryl]-beta-D-mannopyranose",no,3OV6,B,unclassified,,
MLA,non-polymer,MALONIC,no,7MX4,B,unclassified,,
MW9,non-polymer,"(21R,24R,27S)-24,27,28-trihydroxy-18,24-dioxo-19,23,25-trioxa-24lambda~5~-phosphaoctacosan-21-yl",no,7SH4,C,unclassified,,
N18,non-polymer,methyl,no,6PVD,E,unclassified,,
N36,non-polymer,3-ethoxy-4-hydroxybenzaldehyde,no,7UFJ,E,unclassified,,
NDG,"D-saccharide,",linking,no,1L8J,C,unclassified,,
NHE,non-polymer,2-[N-CYCLOHEXYLAMINO]ETHANE,no,5WHK,E,unclassified,,
NK,non-polymer,SALICYLALDEHYDE,no,9BU0,E,unclassified,,
OLA,non-polymer,OLEIC,no,4X6D,F,unclassified,,
OVV,non-polymer,3-methylbenzoic,no,7ZT8,E,unclassified,,
OYD,non-polymer,"6-[(5-hydroxypentyl)amino]-5-[(E)-propylideneamino]pyrimidine-2,4(1H,3H)-dione",no,6PUD,E,unclassified,,
OYG,non-polymer,"6-methyl-5-[(1E)-3-oxobut-1-en-1-yl]pyrimidine-2,4(1H,3H)-dione",no,6PUH,E,unclassified,,
OYV,non-polymer,"1,2-dideoxy-1-{2,6-dioxo-5-[(1E)-3-oxobut-1-en-1-yl]-1,2,3,6-tetrahydropyrimidin-4-yl}-D-ribo-hexitol",no,6PUK,E,unclassified,,
OZD,non-polymer,"6-[(2-hydroxyethyl)amino]-5-[(E)-(2-oxopropylidene)amino]pyrimidine-2,4(1H,3H)-dione",no,6PUG,E,unclassified,,
P1J,non-polymer,"N-(2,6-dioxo-1,2,3,6-tetrahydropyrimidine-4-carbonyl)-beta-alanine",no,6PVC,E,unclassified,,
P50,non-polymer,"(19S,22S,25R)-25-amino-22-hydroxy-16,22,26-trioxo-17,21,23-trioxa-22lambda~5~-phosphahexacosan-19-yl",no,5WKE,E,unclassified,,
P6G,non-polymer,HEXAETHYLENE,no,1T7V,C,unclassified,,
PIE,non-polymer,1-palmitoyl-2-oleoyl-sn-glycero-3-phosphoinositol,no,8DV3,E,unclassified,,
PII,non-polymer,"2-[(HYDROXY{[(2R,3R,5S,6R)-2,3,4,5,6-PENTAHYDROXYCYCLOHEXYL]OXY}PHOSPHORYL)OXY]-1-[(PALMITOYLOXY)METHYL]ETHYL",no,1GZQ,C,unclassified,,
PMK,non-polymer,"(4R,8S,16S,20R)-4,8,12,16,20-pentamethylheptacosyl",no,4ONO,C,unclassified,,
PTY,non-polymer,PHOSPHATIDYLETHANOLAMINE,no,1L8J,A,unclassified,,
PXL,non-polymer,3-HYDROXY-5-(HYDROXYMETHYL)-2-METHYLISONICOTINALDEHYDE,no,9CGR,E,unclassified,,
Q7J,non-polymer,"1,4-dideoxy-1-({2,6-dioxo-5-[(E)-(2-oxopropylidene)amino]-1,2,3,6-tetrahydropyrimidin-4-yl}amino)-D-erythro-pentitol",no,6PUE,E,unclassified,,
Q7P,non-polymer,"6-[(4-hydroxybutyl)amino]-5-[(E)-(2-oxopropylidene)amino]pyrimidine-2,4(1H,3H)-dione",no,6PUI,E,unclassified,,
Q7S,non-polymer,"6-[(3-hydroxypropyl)amino]-5-[(E)-(2-oxopropylidene)amino]pyrimidine-2,4(1H,3H)-dione",no,6PUJ,E,unclassified,,
Q81,non-polymer,"1,3-dideoxy-1-({2,6-dioxo-5-[(E)-(2-oxopropylidene)amino]-1,2,3,6-tetrahydropyrimidin-4-yl}amino)-D-erythro-pentitol",no,6PUL,E,unclassified,,
Q84,non-polymer,"1,2-dideoxy-1-({2,6-dioxo-5-[(E)-(2-oxopropylidene)amino]-1,2,3,6-tetrahydropyrimidin-4-yl}amino)-D-erythro-pentitol",no,6PUM,E,unclassified,,
Q87,non-polymer,"1-deoxy-1-({2,6-dioxo-5-[(E)-(2-oxopropylidene)amino]-1,2,3,6-tetrahydropyrimidin-4-yl}amino)-D-ribitol",no,4NQD,C,unclassified,,
R16,non-polymer,HEXADECANE,no,7OKV,A,unclassified,,
R8F,non-polymer,"(1R,5S)-8-(9H-purin-6-yl)-2-oxa-8-azabicyclo[3.3.1]nona-3,6-diene-4,6-dicarbaldehyde",no,8BP6,B,unclassified,,
SCN,non-polymer,THIOCYANATE,no,2AV1,B,unclassified,,
SGF,non-polymer,"(2S,3R,4E)-2-amino-3-hydroxyoctadec-4-en-1-yl",no,8GLE,E,unclassified,,
SLF,non-polymer,SULFATE-3-D-GALACTOSYL-BETA-1-1-N-STEAROYL-D-SPHINGOSINE,no,1ONQ,F,unclassified,,
STE,non-polymer,STEARIC,no,5C9J,C,unclassified,,
T8X,non-polymer,2-O-sulfo-alpha-D-glucopyranosyl,no,3T8X,E,unclassified,,
TKG,non-polymer,"1-[[6-(1-$l^{1}-oxidanylethyl)-4-$l^{3}-oxidanylidene-2,3,6,8~{a}-tetrahydropteridin-2-yl]-$l^{2}-azanyl]ethanone",no,6W9U,E,unclassified,,
TRS,non-polymer,"2-AMINO-2-HYDROXYMETHYL-PROPANE-1,3-DIOL",no,7ALO,B,unclassified,,
TWT,non-polymer,DOCOSANE,no,1GZP,C,unclassified,,
ULI,non-polymer,tetracontane,no,3T8X,E,unclassified,,
UND,non-polymer,UNDECANE,no,3U0P,D,unclassified,,
WGR,non-polymer,dideoxymycobactin-838,no,7RYO,E,unclassified,,
WU7,non-polymer,"(4S,7S,17Z)-4-hydroxy-7-[(1S,2E)-1-hydroxyhexadec-2-en-1-yl]-N,N,N-trimethyl-4,9-dioxo-3,5-dioxa-8-aza-4lambda~5~-phosphahexacos-17-en-1-aminium",no,7KOZ,C,unclassified,,
WUA,non-polymer,"(4R,7S)-4-hydroxy-7-[(1S,2E)-1-hydroxyhexadec-2-en-1-yl]-N,N,N-trimethyl-4,9-dioxo-3,5-dioxa-8-aza-4lambda~5~-phosphadotriacontan-1-aminium",no,7KP0,C,unclassified,,
XIE,non-polymer,Nicotinaldehyde,no,9BTZ,E,unclassified,,
XIK,non-polymer,"3,4-dimethoxybenzaldehyde",no,9BTY,E,unclassified,,
ZP7,non-polymer,"(2S)-2,3-dihydroxypropyl",no,7MX4,C,unclassified,,
ZPD,non-polymer,"(4S,8R,12S,16S,20S)-4,8,12,16,20-pentamethylheptacosyl",no,7MX4,C,unclassified,,
ZQ4,non-polymer,"2,6-anhydro-1-deoxy-1-[(S)-hydroxy{[(4R,8S,12R,16R,20S)-4,8,12,16,20-pentamethylheptacosyl]oxy}phosphoryl]-D-glycero-D-galacto-heptitol",no,7MXF,C,unclassified,,
ZQ7,non-polymer,"2,6-anhydro-1-deoxy-1,1-difluoro-1-[(R)-hydroxy{[(4S,8S,12S,16S,20S)-4,8,12,16,20-pentamethylheptacosyl]oxy}phosphoryl]-D-glycero-D-galacto-heptitol",no,7MXH,C,unclassified,,
ZR2,non-polymer,"6-O-[(2R,3R)-3-hydroxy-20-{(1R,2S)-2-[(17R,18R)-17-methoxy-18-methyldotriacontyl]cyclopropyl}-2-pentadecylicosanoyl]-alpha-L-galactopyranose",no,8GLI,D,unclassified,,