resname,chem_comp_type,chem_comp_name,missing_in_pdb,biopython_included,frequency,pdb_id,chain,resseq
1KX,non-polymer,"{(1S,4R)-4-[2-amino-6-(cyclopropylamino)-9H-purin-9-yl]cyclopent-2-en-1-yl}methanol",,no,4,3UPR,D,276
1PE,non-polymer,PENTAETHYLENE,,no,2,7ALO,B,104
1PG,non-polymer,2-(2-{2-[2-(2-METHOXY-ETHOXY)-ETHOXY]-ETHOXY}-ETHOXY)-ETHANOL,,no,1,1I4F,B,501
1VY,non-polymer,"1-deoxy-1-(7-hydroxy-6-methyl-2,4-dioxo-3,4-dihydropteridin-8(2H)-yl)-D-ribitol",,no,2,4L4V,E,263
2L4,non-polymer,"1-deoxy-1-({2,6-dioxo-5-[(E)-(2-oxoethylidene)amino]-1,2,3,6-tetrahydropyrimidin-4-yl}amino)-D-ribitol",,no,1,4NQE,E,265
2LJ,non-polymer,"1-deoxy-1-({2,6-dioxo-5-[(E)-propylideneamino]-1,2,3,6-tetrahydropyrimidin-4-yl}amino)-D-ribitol",,no,16,4NQC,C,256
30W,non-polymer,"N-(6-formyl-4-oxo-3,4-dihydropteridin-2-yl)acetamide",,no,10,4PJ5,E,264
3AZ,peptide-like,3-(aminomethyl)benzoic,,no,4,3O3A,C,5
3IB,non-polymer,3-INDOLEBUTYRIC,,no,1,2GJ6,C,10
3IV,non-polymer,(11E)-hexadec-11-enoic,,no,1,8GLH,E,282
3IY,non-polymer,[(2~{R})-1-dodecanoyloxy-3-[oxidanyl-[2-(trimethyl-$l^{4}-azanyl)ethoxy]phosphoryl]oxy-propan-2-yl],,no,1,8GLH,F,283
3LY,non-polymer,"[(~{Z},2~{R},3~{S})-2-(hexadecanoylamino)-3-oxidanyl-octadec-4-enyl]",,no,1,8GLF,F,283
3NI,non-polymer,NICKEL,,no,1,7KGO,B,101
3XU,non-polymer,"(4S,7S,23Z)-4-hydroxy-7-[(1S,2Z)-1-hydroxyhexadec-2-en-1-yl]-N,N,N-trimethyl-9-oxo-3,5-dioxa-8-aza-4-phosphadotriacont-",,no,1,4X6F,C,264
42H,non-polymer,"(4R,7R,18Z)-4,7-dihydroxy-N,N,N-trimethyl-10-oxo-3,5,9-trioxa-4-phosphaheptacos-18-en-1-aminium",,no,2,4X6C,E,266
4GH,non-polymer,"N-{(2S,3R)-1-[(4-deoxy-alpha-D-xylo-hexopyranosyl)oxy]-3-hydroxyoctadecan-2-yl}hexacosanamide",,no,1,3VWK,E,252
4MA,non-polymer,4-METHYLBENZOIC,,no,1,7ZT9,E,267
4OG,L-peptide,n,,yes,2,9ASF,C,6
54G,non-polymer,2-hydroxy-5-methylbenzoic,,no,1,7ZT7,E,268
6F8,non-polymer,"3-[(8Z,11Z)-pentadeca-8,11-dien-1-yl]benzene-1,2-diol",,no,1,5J1A,C,271
6FP,non-polymer,"2-amino-4-oxo-3,4-dihydropteridine-6-carbaldehyde",,no,2,4GUP,C,266
6PL,non-polymer,"(4S,7R)-4-HYDROXY-N,N,N-TRIMETHYL-9-OXO-7-[(PALMITOYLOXY)METHYL]-3,5,8-TRIOXA-4-PHOSPHAHEXACOSAN-1-AMINIUM",,no,2,2H26,F,284
6UL,non-polymer,TETRACOSYL,,no,6,2H26,E,285
70E,non-polymer,"6-O-[(2R,3R)-3-hydroxy-2-tetradecyldocosanoyl]-alpha-L-idopyranose",,no,2,5L2J,D,287
7WO,non-polymer,2-hydroxynaphthalene-1-carbaldehyde,,no,1,5U16,E,266
7WP,non-polymer,"2,4-diaminopteridine-6-carbaldehyde",,no,1,5U17,E,265
7WQ,non-polymer,2-hydroxy-5-methoxybenzaldehyde,,no,1,5U2V,E,266
7ZS,non-polymer,3-methanoyl-2-oxidanyl-benzoic,,no,2,5U6Q,E,262
ABA,L-peptide,n,,yes,2,5W67,C,6
ACE,non-polymer,ACETYL,,no,1,4O2C,C,0
ACT,non-polymer,ACETATE,,no,34,2WY3,B,1164
ACY,non-polymer,ACETIC,,no,2,2AXG,B,1002
AGH,D-saccharide,"N-{(1S,2R,3S)-1-[(ALPHA-D-GALACTOPYRANOSYLOXY)METHYL]-2,3-DIHYDROXYHEPTADECYL}HEXACOSANAMIDE",,no,7,1ZT4,C,273
BAL,peptide-like,BETA-ALANINE,,no,2,3O3A,C,1
BGC,"D-saccharide,",linking,,no,1,6V7Z,B,102
BMA,"D-saccharide,",linking,,no,29,1ZAG,B,3
BME,non-polymer,BETA-MERCAPTOETHANOL,,no,1,6QIP,B,603
BR,non-polymer,BROMIDE,,no,2,6XQP,C,301
BTB,non-polymer,"2-[BIS-(2-HYDROXY-ETHYL)-AMINO]-2-HYDROXYMETHYL-PROPANE-1,3-DIOL",,no,1,7SIF,C,101
CA,non-polymer,CALCIUM,,no,9,1DE4,C,801
CD,non-polymer,CADMIUM,,no,14,1M05,B,101
CDE,L-peptide,.,,no,1,1B0R,C,709
CGL,non-polymer,CYSTINE-GLUTATHIONE,,no,1,1KCG,A,93
CIR,L-peptide,n,,yes,7,3B3I,C,5
CIS,non-polymer,"(15Z)-N-((1S,2R,3E)-2-HYDROXY-1-{[(3-O-SULFO-BETA-D-GALACTOPYRANOSYL)OXY]METHYL}HEPTADEC-3-ENYL)TETRACOS-15-ENAMIDE",,no,3,4MNG,D,277
CL,non-polymer,CHLORIDE,,no,45,1YDP,B,1002
CO,non-polymer,COBALT,,no,9,1YDP,B,1001
CS,non-polymer,CESIUM,,no,1,5L2K,C,302
CU,non-polymer,COPPER,,no,2,5IB3,C,101
CUY,non-polymer,tetracosyl,,no,9,5WKE,E,280
D21,non-polymer,(2R)-1-(hexadecanoyloxy)-3-(phosphonooxy)propan-2-yl,,no,1,5WKG,F,282
D3D,non-polymer,"(19S,22R,25R)-22,25,26-trihydroxy-16,22-dioxo-17,21,23-trioxa-22lambda~5~-phosphahexacosan-19-yl",,no,2,5WKI,G,308
DAO,non-polymer,LAURIC,,no,2,5C9J,D,283
DB3,non-polymer,"(11Z,14E)-N-[(2S,3S,4R)-1-(alpha-D-galactopyranosyloxy)-3,4-dihydroxyoctadecan-2-yl]icosa-11,14-dienamide",,no,1,3VWJ,E,255
DIF,non-polymer,"2-[2,6-DICHLOROPHENYL)AMINO]BENZENEACETIC",,no,1,5U1R,E,268
E7P,non-polymer,(2S)-2-amino-4-phosphonobutanoic,,no,1,7S79,C,4
EDO,non-polymer,"1,2-ETHANEDIOL",,no,328,3BGM,B,100
EDT,non-polymer,{[-(BIS-CARBOXYMETHYL-AMINO)-ETHYL]-CARBOXYMETHYL-AMINO}-ACETIC,,no,1,5JHD,E,301
EKG,non-polymer,"(2R)-2,3-dihydroxypropyl",,no,1,6C09,E,271
EMC,non-polymer,ETHYL,,no,2,1AO7,B,100
EPE,non-polymer,4-(2-HYDROXYETHYL)-1-PIPERAZINE,,no,6,2P5E,E,806
ER7,non-polymer,"1-[7-(3-fluorophenyl)-5-methyl[1,2,4]triazolo[1,5-a]pyrimidin-6-yl]ethan-1-one",,no,1,6C98,B,101
F2F,L-peptide,n,,yes,1,3D3V,C,5
FLC,non-polymer,CITRATE,,no,1,6VM8,D,301
FMT,non-polymer,FORMIC,,no,6,2GIT,B,809
FO4,non-polymer,sphingomyelin,,no,3,7KP1,C,275
FOF,non-polymer,"(2E,6E)-3,7,11-trimethyldodeca-2,6,10-trien-1-ol",,no,1,6NUX,C,271
FRU,"D-saccharide,",linking,,no,2,7S7E,D,2
FUC,"L-saccharide,",linking,,no,52,1ONQ,D,2
GCY,non-polymer,"N-[(2S,3R)-1-(beta-D-galactopyranosyloxy)-3-hydroxyoctadec-4-en-2-yl]tetracosanamide",,no,1,3SDX,E,276
GIC,peptide-like,N-(2-aminoethyl)-N-(1H-indol-3-ylacetyl)glycine,,no,2,3O3A,C,4
GLC,"D-saccharide,",linking,,no,4,7QPD,D,7
GM2,non-polymer,"N-[(1S,2S)-2-HYDROXY-1-({[(2R,3R,4S,5S,6R)-3,4,5-TRIHYDROXY-6-(HYDROXYMETHYL)TETRAHYDRO-2H-PYRAN-2-YL]OXY}METHYL)OCTADECYL]OCTADECANAMIDE",,no,1,1GZP,C,278
GMM,non-polymer,GLUCOSE,,no,1,1UQS,C,282
GOL,non-polymer,GLYCEROL,,no,407,1OF2,C,1010
GRN,non-polymer,2-phenyl-L-alanine,,no,1,4WJ5,C,0
H6N,non-polymer,Protocatechuic,,no,1,9BTX,C,267
HOH,non-polymer,WATER,,no,110552,1A1M,B,306
IMD,non-polymer,IMIDAZOLE,,no,1,5D2N,B,301
IOD,non-polymer,IODIDE,,no,38,2AK4,B,1016
IPA,non-polymer,ISOPROPYL,,no,3,2P5E,C,909
JG5,non-polymer,Somapacitan,,no,2,6QIO,B,603
JH0,non-polymer,"6-(HYDROXY-HEXADECANOYL-AMINO)-2-{[(4S)-2-(2-HYDROXY-PHENYL)-4,5-DIHYDRO-OXAZOLE-4-CARBONYL]-AMINO}-HEXANOIC",,no,1,1XZ0,D,272
JLS,non-polymer,"(15Z)-N-[(2S,3S,4R)-1-(alpha-D-galactopyranosyloxy)-3,4-dihydroxyoctadecan-2-yl]tetracos-15-enamide",,no,4,4LHU,G,276
JSO,non-polymer,2-azanyl-6-methyl-3~{H}-pteridin-4-one,,no,1,7ZT4,E,265
K,non-polymer,POTASSIUM,,no,10,5WJN,B,101
KYN,L-peptide,n,,yes,1,6BXP,C,10
L9Q,non-polymer,(1S)-2-{[(S)-(2-aminoethoxy)(hydroxy)phosphoryl]oxy}-1-[(octadecanoyloxy)methyl]ethyl,,no,1,8GLG,F,281
LPH,L-peptide,.,,no,1,4WJ5,C,9
LSC,non-polymer,"(4R,7R,18E)-4,7-dihydroxy-N,N,N-trimethyl-10-oxo-3,5,9-trioxa-4-phosphaheptacos-18-en-1-aminium",,no,2,3TZV,F,264
MAN,"D-saccharide,",linking,,no,38,1ZAG,B,4
MES,non-polymer,2-(N-MORPHOLINO)-ETHANESULFONIC,,no,18,2X4O,B,1100
MG,non-polymer,MAGNESIUM,,no,22,2P5E,B,800
MK0,non-polymer,"1-O-[(S)-hydroxy{[(4S,8S,16S,20S)-4,8,12,16,20-pentamethylheptacosyl]oxy}phosphoryl]-beta-D-mannopyranose",,no,1,3OV6,B,379
MLA,non-polymer,MALONIC,,no,3,7MX4,B,201
MOV,non-polymer,AMG,,no,4,8UDR,D,301
MPO,non-polymer,3[N-MORPHOLINO]PROPANE,,no,1,7ZT8,C,301
MSE,L-peptide,n,,yes,8,2X4P,C,1
MW9,non-polymer,"(21R,24R,27S)-24,27,28-trihydroxy-18,24-dioxo-19,23,25-trioxa-24lambda~5~-phosphaoctacosan-21-yl",,no,1,7SH4,C,274
MYR,non-polymer,MYRISTIC,,no,2,7WJ3,C,101
N18,non-polymer,methyl,,no,1,6PVD,E,266
N36,non-polymer,3-ethoxy-4-hydroxybenzaldehyde,,no,1,7UFJ,E,268
NA,non-polymer,SODIUM,,no,93,2A83,B,920
NAG,"D-saccharide,",linking,,no,262,1B3J,B,1
NDG,"D-saccharide,",linking,,no,2,1L8J,C,2
NI,non-polymer,NICKEL,,no,6,3VCL,B,101
NK,non-polymer,SALICYLALDEHYDE,,no,1,9BU0,C,263
NO3,non-polymer,NITRATE,,no,3,8EK5,B,202
NVA,L-peptide,n,,yes,1,4WJ5,C,1
OLA,non-polymer,OLEIC,,no,1,4X6D,F,268
OSE,L-peptide,n,,yes,1,7S7D,C,4
OVV,non-polymer,3-methylbenzoic,,no,1,7ZT8,E,258
OYD,non-polymer,"6-[(5-hydroxypentyl)amino]-5-[(E)-propylideneamino]pyrimidine-2,4(1H,3H)-dione",,no,1,6PUD,E,266
OYG,non-polymer,"6-methyl-5-[(1E)-3-oxobut-1-en-1-yl]pyrimidine-2,4(1H,3H)-dione",,no,1,6PUH,E,266
OYV,non-polymer,"1,2-dideoxy-1-{2,6-dioxo-5-[(1E)-3-oxobut-1-en-1-yl]-1,2,3,6-tetrahydropyrimidin-4-yl}-D-ribo-hexitol",,no,1,6PUK,E,268
OZD,non-polymer,"6-[(2-hydroxyethyl)amino]-5-[(E)-(2-oxopropylidene)amino]pyrimidine-2,4(1H,3H)-dione",,no,1,6PUG,E,266
P1J,non-polymer,"N-(2,6-dioxo-1,2,3,6-tetrahydropyrimidine-4-carbonyl)-beta-alanine",,no,1,6PVC,E,267
P4G,non-polymer,1-ETHOXY-2-(2-ETHOXYETHOXY)ETHANE,,no,1,6Z9V,C,102
P50,non-polymer,"(19S,22S,25R)-25-amino-22-hydroxy-16,22,26-trioxo-17,21,23-trioxa-22lambda~5~-phosphahexacosan-19-yl",,no,1,5WKE,F,289
P6G,non-polymer,HEXAETHYLENE,,no,2,1T7V,C,275
PCA,L-peptide,n,,yes,1,6BJ2,D,1
PEG,non-polymer,DI(HYDROXYETHYL)ETHER,,no,33,3KPP,B,100
PFF,L-peptide,n,,yes,1,3D39,C,5
PG4,non-polymer,TETRAETHYLENE,,no,9,5C0C,D,304
PGE,non-polymer,TRIETHYLENE,,no,7,2PYE,E,503
PIE,non-polymer,1-palmitoyl-2-oleoyl-sn-glycero-3-phosphoinositol,,no,1,8DV3,E,293
PII,non-polymer,"2-[(HYDROXY{[(2R,3R,5S,6R)-2,3,4,5,6-PENTAHYDROXYCYCLOHEXYL]OXY}PHOSPHORYL)OXY]-1-[(PALMITOYLOXY)METHYL]ETHYL",,no,1,1GZQ,C,279
PMK,non-polymer,"(4R,8S,16S,20R)-4,8,12,16,20-pentamethylheptacosyl",,no,1,4ONO,C,375
PO4,non-polymer,PHOSPHATE,,no,9,6BJ8,D,305
POV,non-polymer,(2S)-3-(hexadecanoyloxy)-2-[(9Z)-octadec-9-enoyloxy]propyl,,no,2,6CUG,F,301
PRQ,L-peptide,.,,no,4,2X4P,C,8
PRV,L-peptide,n,,yes,4,2X4N,C,5
PRW,non-polymer,"(2R,3R)-4-AMINO-2,3-DIHYDROXYBUTANOIC",,no,1,2X4T,C,4
PTY,non-polymer,PHOSPHATIDYLETHANOLAMINE,,no,9,1L8J,E,171
PXL,non-polymer,3-HYDROXY-5-(HYDROXYMETHYL)-2-METHYLISONICOTINALDEHYDE,,no,1,9CGR,E,267
Q7J,non-polymer,"1,4-dideoxy-1-({2,6-dioxo-5-[(E)-(2-oxopropylidene)amino]-1,2,3,6-tetrahydropyrimidin-4-yl}amino)-D-erythro-pentitol",,no,1,6PUE,E,267
Q7P,non-polymer,"6-[(4-hydroxybutyl)amino]-5-[(E)-(2-oxopropylidene)amino]pyrimidine-2,4(1H,3H)-dione",,no,1,6PUI,E,266
Q7S,non-polymer,"6-[(3-hydroxypropyl)amino]-5-[(E)-(2-oxopropylidene)amino]pyrimidine-2,4(1H,3H)-dione",,no,1,6PUJ,E,268
Q81,non-polymer,"1,3-dideoxy-1-({2,6-dioxo-5-[(E)-(2-oxopropylidene)amino]-1,2,3,6-tetrahydropyrimidin-4-yl}amino)-D-erythro-pentitol",,no,1,6PUL,E,268
Q84,non-polymer,"1,2-dideoxy-1-({2,6-dioxo-5-[(E)-(2-oxopropylidene)amino]-1,2,3,6-tetrahydropyrimidin-4-yl}amino)-D-erythro-pentitol",,no,1,6PUM,E,268
Q87,non-polymer,"1-deoxy-1-({2,6-dioxo-5-[(E)-(2-oxopropylidene)amino]-1,2,3,6-tetrahydropyrimidin-4-yl}amino)-D-ribitol",,no,2,4NQD,C,261
QCN,non-polymer,(2~{S})-2-azanyl-3-(3-~{tert}-butyl-4-oxidanyl-phenyl)propanal,,no,1,6Z9X,C,4
QM8,L-peptide,n,,yes,3,6ZKZ,C,9
QMB,L-peptide,n,,yes,1,6ZKY,C,9
R16,non-polymer,HEXADECANE,,no,1,7OKV,B,169
R8F,non-polymer,"(1R,5S)-8-(9H-purin-6-yl)-2-oxa-8-azabicyclo[3.3.1]nona-3,6-diene-4,6-dicarbaldehyde",,no,1,8BP6,B,368
SCN,non-polymer,THIOCYANATE,,no,1,2AV1,B,801
SEP,L-peptide,n,,yes,20,3BGM,C,4
SGF,non-polymer,"(2S,3R,4E)-2-amino-3-hydroxyoctadec-4-en-1-yl",,no,1,8GLE,F,281
SLF,non-polymer,SULFATE-3-D-GALACTOSYL-BETA-1-1-N-STEAROYL-D-SPHINGOSINE,,no,1,1ONQ,F,276
SO4,non-polymer,SULFATE,,no,193,1S9Y,B,1001
SPH,non-polymer,SPHINGOSINE,,no,2,6ILM,B,301
STE,non-polymer,STEARIC,,no,1,5C9J,C,284
T8X,non-polymer,2-O-sulfo-alpha-D-glucopyranosyl,,no,1,3T8X,F,278
TAM,non-polymer,TRIS(HYDROXYETHYL)AMINOMETHANE,,no,2,6TMO,E,305
TIG,peptide-like,N-(2-aminoethyl)-L-tryptophan,,no,2,3O3D,C,4
TKG,non-polymer,"1-[[6-(1-$l^{1}-oxidanylethyl)-4-$l^{3}-oxidanylidene-2,3,6,8~{a}-tetrahydropteridin-2-yl]-$l^{2}-azanyl]ethanone",,no,1,6W9U,E,266
TRS,non-polymer,"2-AMINO-2-HYDROXYMETHYL-PROPANE-1,3-DIOL",,no,3,7ALO,B,103
ULI,non-polymer,tetracontane,,no,1,3T8X,E,279
WGR,non-polymer,dideoxymycobactin-838,,no,1,7RYO,E,280
WU7,non-polymer,"(4S,7S,17Z)-4-hydroxy-7-[(1S,2E)-1-hydroxyhexadec-2-en-1-yl]-N,N,N-trimethyl-4,9-dioxo-3,5-dioxa-8-aza-4lambda~5~-phosphahexacos-17-en-1-aminium",,no,1,7KOZ,C,274
WUA,non-polymer,"(4R,7S)-4-hydroxy-7-[(1S,2E)-1-hydroxyhexadec-2-en-1-yl]-N,N,N-trimethyl-4,9-dioxo-3,5-dioxa-8-aza-4lambda~5~-phosphadotriacontan-1-aminium",,no,1,7KP0,C,275
XFW,peptide-like,"(2S)-2,5,5-tris(azanyl)pentanoic",,no,1,4UQ3,C,5
XIE,non-polymer,Nicotinaldehyde,,no,1,9BTZ,C,266
XIK,non-polymer,"3,4-dimethoxybenzaldehyde",,no,1,9BTY,C,265
XY1,non-polymer,4-[(E)-[5-(2-azanylethyl)-2-oxidanyl-phenyl]diazenyl]benzoic,,no,2,4UQ2,C,4
Y01,non-polymer,CHOLESTEROL,,no,1,8ES9,C,1702
ZN,non-polymer,ZINC,,no,5,5WMP,C,101
ZP7,non-polymer,"(2S)-2,3-dihydroxypropyl",,no,3,7MX4,C,281
ZPD,non-polymer,"(4S,8R,12S,16S,20S)-4,8,12,16,20-pentamethylheptacosyl",,no,1,7MX4,D,279
ZQ4,non-polymer,"2,6-anhydro-1-deoxy-1-[(S)-hydroxy{[(4R,8S,12R,16R,20S)-4,8,12,16,20-pentamethylheptacosyl]oxy}phosphoryl]-D-glycero-D-galacto-heptitol",,no,1,7MXF,C,279
ZQ7,non-polymer,"2,6-anhydro-1-deoxy-1,1-difluoro-1-[(R)-hydroxy{[(4S,8S,12S,16S,20S)-4,8,12,16,20-pentamethylheptacosyl]oxy}phosphoryl]-D-glycero-D-galacto-heptitol",,no,1,7MXH,D,283
ZR2,non-polymer,"6-O-[(2R,3R)-3-hydroxy-20-{(1R,2S)-2-[(17R,18R)-17-methoxy-18-methyldotriacontyl]cyclopropyl}-2-pentadecylicosanoyl]-alpha-L-galactopyranose",,no,1,8GLI,D,282
