chain_type,pdb_id,chain_id,resname,ptm_type,count
binder,1LQV,B,CGU,carboxylation,9
binder,3JTC,B,CGU,carboxylation,9
binder,6BJ2,D,PCA,pyroglutamate formation,1
binder,7RNO,C,3X9,modified/unknown peptide residue,1
ligand,1B0R,C,CDE,modified/unknown peptide residue,1
ligand,2X4N,C,PRV,modified/unknown peptide residue,1
ligand,2X4P,C,MSE,selenomethionine substitution,1
ligand,2X4P,C,PRQ,modified/unknown peptide residue,1
ligand,2X4P,C,PRV,modified/unknown peptide residue,1
ligand,2X4Q,C,MSE,selenomethionine substitution,1
ligand,2X4Q,C,PRQ,modified/unknown peptide residue,1
ligand,2X4Q,C,PRV,modified/unknown peptide residue,1
ligand,2X70,C,PRQ,modified/unknown peptide residue,1
ligand,2X70,C,PRV,modified/unknown peptide residue,1
ligand,3B3I,C,CIR,citrullination,1
ligand,3B6S,C,CIR,citrullination,1
ligand,3BGM,C,SEP,phosphorylation,1
ligand,3BH8,C,SEP,phosphorylation,1
ligand,3BH9,C,SEP,phosphorylation,1
ligand,3BHB,C,SEP,phosphorylation,1
ligand,3D39,C,PFF,modified/unknown peptide residue,1
ligand,3D3V,C,F2F,modified/unknown peptide residue,1
ligand,3DTX,E,CIR,citrullination,2
ligand,3FQR,C,SEP,phosphorylation,1
ligand,3FQU,C,SEP,phosphorylation,1
ligand,3FQX,C,SEP,phosphorylation,1
ligand,3FT2,C,CIR,citrullination,1
ligand,3HCV,C,CIR,citrullination,2
ligand,3O3A,C,3AZ,peptide-like residue,1
ligand,3O3A,C,BAL,beta-amino acid / peptide-like residue,1
ligand,3O3A,C,GIC,peptide-like residue,1
ligand,3O3B,C,3AZ,peptide-like residue,1
ligand,3O3B,C,GIC,peptide-like residue,1
ligand,3O3D,C,3AZ,peptide-like residue,1
ligand,3O3D,C,TIG,amino-acid analog,1
ligand,3O3E,C,3AZ,peptide-like residue,1
ligand,3O3E,C,BAL,beta-amino acid / peptide-like residue,1
ligand,3O3E,C,TIG,amino-acid analog,1
ligand,4NNX,C,SEP,phosphorylation,1
ligand,4NO2,C,SEP,phosphorylation,1
ligand,4NO3,C,SEP,phosphorylation,1
ligand,4UQ3,C,XFW,peptide-like residue,1
ligand,4WJ5,C,LPH,modified/unknown peptide residue,1
ligand,4WJ5,C,NVA,modified/unknown peptide residue,1
ligand,5IEH,C,SEP,phosphorylation,1
ligand,5W67,C,ABA,modified/unknown peptide residue,1
ligand,6BXP,C,KYN,kynurenine substitution,1
ligand,6ZKY,C,QMB,modified/unknown peptide residue,1
ligand,6ZKZ,C,QM8,modified/unknown peptide residue,1
ligand,7ALO,C,PRQ,modified/unknown peptide residue,1
ligand,7CIR,C,SEP,phosphorylation,1
ligand,7CIS,C,SEP,phosphorylation,2
ligand,7DYN,C,SEP,phosphorylation,2
ligand,7NDT,C,QM8,modified/unknown peptide residue,1
ligand,7NDU,C,QM8,modified/unknown peptide residue,1
ligand,7RZJ,C,SEP,phosphorylation,1
ligand,7S7D,C,OSE,modified/unknown peptide residue,1
ligand,7S7F,C,SEP,phosphorylation,1
ligand,7S8A,C,SEP,phosphorylation,1
ligand,7S8E,C,SEP,phosphorylation,1
ligand,8SHI,C,ABA,modified/unknown peptide residue,1
ligand,9ASF,C,4OG,modified/unknown peptide residue,1
ligand,9ASG,C,4OG,modified/unknown peptide residue,1
