pdb,chain_id,chain_residue_count,min_distance_to_mhc_helix,classification
1A1M,C,9,2.586,ligand
1A1N,C,8,2.742,ligand
1A1O,C,9,2.62,ligand
1A9B,C,9,2.675,ligand
1A9E,C,9,2.658,ligand
1AGB,C,8,2.575,ligand
1AGC,C,8,2.575,ligand
1AGD,C,8,2.649,ligand
1AGE,C,8,2.633,ligand
1AGF,C,8,1.7,ligand
1AKJ,C,9,2.686,ligand
1AO7,C,9,2.63,ligand
1B0G,C,9,2.521,ligand
1B0R,C,7,2.395,ligand
1BD2,C,9,2.576,ligand
1CG9,C,9,2.647,ligand
1DUY,C,8,2.585,ligand
1DUZ,C,9,2.677,ligand
1E27,C,9,2.54,ligand
1E28,C,8,2.403,ligand
1EEY,C,9,2.548,ligand
1EEZ,C,9,2.702,ligand
1EFX,C,9,2.486,ligand
1GZP,C,1,3.066,ligand
1GZQ,C,1,2.893,ligand
1HHG,C,9,2.584,ligand
1HHH,C,10,2.564,ligand
1HHI,C,9,2.664,ligand
1HHJ,C,9,2.641,ligand
1HHK,C,9,2.53,ligand
1HSA,C,9,2.718,ligand
1HSB,C,3,2.637,ligand
1HSB,D,2,2.602,ligand
1I1F,C,9,2.536,ligand
1I1Y,C,9,2.576,ligand
1I4F,C,10,2.669,ligand
1I7R,C,9,2.656,ligand
1I7T,C,9,2.466,ligand
1I7U,C,9,2.651,ligand
1IM3,C,9,2.712,ligand
1IM9,C,9,2.496,ligand
1JF1,C,10,2.582,ligand
1JGD,C,10,2.487,ligand
1JGE,C,9,2.597,ligand
1JHT,C,9,2.567,ligand
1K5N,C,9,2.649,ligand
1KPR,C,9,2.555,ligand
1KTL,C,9,2.599,ligand
1L8J,E,1,3.135,ligand
1LP9,C,9,2.478,ligand
1M05,C,9,2.439,ligand
1M6O,C,9,2.632,ligand
1MHE,D,9,1.908,ligand
1MI5,C,9,2.622,ligand
1N2R,C,9,2.542,ligand
1OF2,C,9,2.467,ligand
1OGA,C,9,2.673,ligand
1OGT,C,9,2.648,ligand
1ONQ,F,1,2.281,ligand
1P7Q,C,9,2.556,ligand
1Q94,C,9,2.384,ligand
1QEW,C,9,2.62,ligand
1QQD,C,9,2.641,ligand
1QR1,C,9,2.735,ligand
1QRN,C,9,2.632,ligand
1QSE,C,9,2.409,ligand
1QSF,C,9,2.421,ligand
1QVO,C,10,2.614,ligand
1S8D,C,9,2.661,ligand
1S9W,C,9,2.505,ligand
1S9X,C,9,2.62,ligand
1S9Y,C,9,2.509,ligand
1SYS,C,9,2.673,ligand
1SYV,C,9,2.59,ligand
1T1W,C,9,2.657,ligand
1T1X,C,9,2.621,ligand
1T1Y,C,9,2.605,ligand
1T1Z,C,9,2.611,ligand
1T20,C,9,2.667,ligand
1T21,C,9,2.583,ligand
1T22,C,9,2.711,ligand
1T7V,C,1,3.193,ligand
1TMC,C,10,2.637,ligand
1TVB,C,9,2.574,ligand
1TVH,C,9,2.579,ligand
1UQS,C,1,3.278,ligand
1UXS,C,9,2.651,ligand
1UXW,C,9,2.658,ligand
1W0V,C,9,2.487,ligand
1W0W,C,9,2.571,ligand
1W72,C,9,2.612,ligand
1X7Q,C,9,2.612,ligand
1XH3,C,14,2.561,ligand
1XR8,C,9,2.493,ligand
1XR9,C,9,2.526,ligand
1XZ0,D,1,2.988,ligand
1YDP,C,9,2.499,ligand
1ZHK,C,13,2.497,ligand
1ZHL,C,13,2.531,ligand
1ZSD,C,11,2.503,ligand
1ZT4,C,1,2.541,ligand
2A83,C,9,2.638,ligand
2AK4,C,13,2.535,ligand
2AV1,C,9,2.627,ligand
2AV7,C,9,2.674,ligand
2AXF,C,10,2.563,ligand
2AXG,C,10,2.56,ligand
2BCK,C,9,2.12,ligand
2BNQ,C,9,2.682,ligand
2BNR,C,9,2.621,ligand
2BSR,C,9,2.561,ligand
2BSS,C,10,2.564,ligand
2BST,C,9,2.487,ligand
2BVO,C,11,2.608,ligand
2BVP,C,9,2.532,ligand
2BVQ,C,9,2.53,ligand
2C7U,C,9,2.655,ligand
2CIK,C,9,2.678,ligand
2CLR,C,10,2.592,ligand
2D31,C,9,2.525,ligand
2DYP,C,9,2.495,ligand
2ESV,E,9,2.531,ligand
2F53,C,9,2.69,ligand
2F54,C,9,2.571,ligand
2FYY,C,7,2.638,ligand
2FZ3,C,11,2.675,ligand
2GIT,C,9,2.586,ligand
2GJ6,C,10,2.686,ligand
2GT9,C,10,2.639,ligand
2GTW,C,9,2.717,ligand
2GTZ,C,9,2.674,ligand
2GUO,C,9,2.385,ligand
2H26,E,1,3.512,ligand
2H26,F,1,3.125,ligand
2H6P,C,9,2.658,ligand
2HJK,C,11,2.474,ligand
2HJL,C,11,2.662,ligand
2HN7,C,10,2.481,ligand
2J8U,C,9,2.625,ligand
2JCC,C,9,2.595,ligand
2NW3,C,11,2.474,ligand
2NX5,C,11,2.609,ligand
2P5E,C,9,2.591,ligand
2P5W,C,9,2.542,ligand
2PO6,F,1,2.911,ligand
2PYE,C,9,2.644,ligand
2RFX,C,9,2.607,ligand
2UWE,C,9,2.5,ligand
2V2W,C,9,2.67,ligand
2V2X,C,9,2.684,ligand
2VLJ,C,9,2.533,ligand
2VLK,C,9,2.654,ligand
2VLL,C,9,2.613,ligand
2VLR,C,9,2.777,ligand
2X4N,C,6,2.591,ligand
2X4O,C,9,2.65,ligand
2X4P,C,9,2.378,ligand
2X4Q,C,9,2.594,ligand
2X4R,C,9,2.589,ligand
2X4S,C,9,2.64,ligand
2X4T,C,9,2.605,ligand
2X4U,C,9,2.629,ligand
2X70,C,9,2.545,ligand
2XPG,C,9,2.575,ligand
2YPK,C,11,2.63,ligand
2YPL,C,11,2.566,ligand
3AM8,C,9,2.532,ligand
3B3I,C,9,2.595,ligand
3B6S,C,9,2.605,ligand
3BGM,C,9,2.639,ligand
3BH8,C,10,2.689,ligand
3BH9,C,10,2.616,ligand
3BHB,C,10,2.682,ligand
3BO8,C,9,2.652,ligand
3BP4,C,9,2.582,ligand
3BP7,C,9,2.626,ligand
3BVN,C,9,2.526,ligand
3BW9,C,12,2.577,ligand
3BWA,C,8,2.462,ligand
3BXN,C,9,2.578,ligand
3BZE,C,9,2.499,ligand
3BZF,C,9,2.517,ligand
3C9N,C,9,2.608,ligand
3CDG,E,9,2.479,ligand
3CII,C,9,2.441,ligand
3CZF,C,9,2.613,ligand
3D18,C,9,2.602,ligand
3D25,C,9,2.681,ligand
3D2U,C,9,2.508,ligand
3D39,C,9,2.464,ligand
3D3V,C,9,2.42,ligand
3DTX,E,9,2.444,ligand
3DX6,C,10,2.577,ligand
3DX7,C,10,2.565,ligand
3DX8,C,10,2.533,ligand
3DXA,C,10,2.419,ligand
3ES6,C,1,2.883,ligand
3FFC,C,9,2.41,ligand
3FQN,C,8,2.674,ligand
3FQR,C,10,2.667,ligand
3FQT,C,9,2.653,ligand
3FQU,C,9,2.654,ligand
3FQW,C,9,2.628,ligand
3FQX,C,9,2.616,ligand
3FT2,C,9,2.576,ligand
3FT3,C,9,2.522,ligand
3FT4,C,9,2.659,ligand
3GIV,C,10,2.641,ligand
3GJF,C,9,2.666,ligand
3GSN,E,9,2.478,ligand
3GSO,C,9,2.411,ligand
3GSQ,C,9,2.587,ligand
3GSR,C,9,2.529,ligand
3GSU,C,9,2.504,ligand
3GSV,C,9,2.487,ligand
3GSW,C,9,2.57,ligand
3GSX,C,9,2.553,ligand
3H7B,C,9,2.553,ligand
3H9H,C,9,2.594,ligand
3H9S,C,9,2.352,ligand
3HAE,C,9,2.607,ligand
3HCV,C,9,2.621,ligand
3HG1,C,10,2.46,ligand
3HPJ,C,9,2.515,ligand
3HUJ,F,1,2.447,ligand
3I6G,C,9,2.435,ligand
3I6K,C,10,2.627,ligand
3I6L,C,9,2.452,ligand
3IXA,C,9,2.596,ligand
3KLA,C,9,2.648,ligand
3KPL,C,9,2.455,ligand
3KPM,C,9,2.604,ligand
3KPN,C,9,2.567,ligand
3KPO,C,9,2.47,ligand
3KPP,C,9,2.537,ligand
3KPQ,C,9,2.503,ligand
3KPR,C,9,2.455,ligand
3KPS,C,9,2.533,ligand
3KWW,C,13,2.544,ligand
3KXF,E,13,2.496,ligand
3KYN,C,9,2.64,ligand
3KYO,C,9,2.465,ligand
3L3D,C,9,2.598,ligand
3L3G,C,9,2.438,ligand
3L3I,C,9,2.547,ligand
3L3J,C,9,2.45,ligand
3L3K,C,9,2.649,ligand
3LKN,C,9,2.555,ligand
3LKO,C,9,2.447,ligand
3LKP,C,9,2.534,ligand
3LKQ,C,9,2.53,ligand
3LKR,C,9,2.602,ligand
3LKS,C,9,2.576,ligand
3LN4,C,8,2.646,ligand
3LN5,C,11,2.656,ligand
3LV3,C,9,2.637,ligand
3MGO,C,10,2.642,ligand
3MGT,C,10,2.756,ligand
3MR9,C,9,2.626,ligand
3MRB,C,9,2.635,ligand
3MRC,C,9,2.539,ligand
3MRD,C,9,2.289,ligand
3MRE,C,9,2.664,ligand
3MRF,C,9,2.6,ligand
3MRG,C,9,2.347,ligand
3MRH,C,9,2.768,ligand
3MRI,C,9,2.837,ligand
3MRJ,C,9,2.457,ligand
3MRK,C,9,2.576,ligand
3MRL,C,9,2.525,ligand
3MRM,C,10,2.611,ligand
3MRN,C,10,2.557,ligand
3MRO,C,10,2.433,ligand
3MRP,C,10,2.487,ligand
3MRQ,C,10,2.567,ligand
3MRR,C,10,2.673,ligand
3MV7,C,11,2.524,ligand
3MV8,C,11,2.618,ligand
3MV9,C,11,2.39,ligand
3MYJ,C,9,2.613,ligand
3NFN,C,10,2.697,ligand
3O3A,C,8,2.559,ligand
3O3B,C,8,2.648,ligand
3O3D,C,8,2.584,ligand
3O3E,C,8,2.608,ligand
3O4L,C,9,2.63,ligand
3OV6,B,1,3.208,ligand
3OX8,C,10,2.601,ligand
3OXR,C,10,2.664,ligand
3OXS,C,10,2.552,ligand
3PWJ,C,9,2.628,ligand
3PWL,C,9,2.61,ligand
3PWN,C,9,2.607,ligand
3PWP,C,9,2.301,ligand
3QDG,C,10,2.419,ligand
3QDJ,C,9,2.432,ligand
3QDM,C,10,2.491,ligand
3QEQ,C,9,2.494,ligand
3QFD,C,9,2.62,ligand
3QFJ,C,9,2.442,ligand
3QZW,C,10,2.547,ligand
3REW,C,9,2.256,ligand
3RL1,C,9,2.617,ligand
3RL2,C,10,2.656,ligand
3SDX,E,1,2.869,ligand
3SJV,C,9,2.4,ligand
3SKM,C,9,2.631,ligand
3SKO,C,9,2.604,ligand
3SPV,C,8,2.653,ligand
3T8X,E,1,3.175,ligand
3T8X,F,1,2.865,ligand
3TO2,C,9,2.589,ligand
3TZV,F,1,2.934,ligand
3U0P,D,1,3.029,ligand
3UPR,C,9,2.342,ligand
3UPR,D,1,2.734,ligand
3UTQ,C,10,2.61,ligand
3UTS,C,10,2.579,ligand
3UTT,C,10,2.558,ligand
3V5D,C,9,2.481,ligand
3V5H,C,9,2.602,ligand
3V5K,C,9,2.47,ligand
3VCL,C,11,2.532,ligand
3VFM,C,13,2.527,ligand
3VFN,C,13,2.558,ligand
3VFO,C,13,2.529,ligand
3VFP,C,13,2.529,ligand
3VFR,C,13,2.424,ligand
3VFS,C,13,2.469,ligand
3VFT,C,13,2.492,ligand
3VFU,C,13,2.535,ligand
3VFV,C,13,2.564,ligand
3VFW,C,13,2.544,ligand
3VH8,C,9,2.536,ligand
3VRI,C,10,2.547,ligand
3VRI,D,1,2.761,ligand
3VRJ,C,10,2.465,ligand
3VRJ,D,1,2.646,ligand
3VWJ,E,1,2.267,ligand
3VWK,E,1,3.297,ligand
3VXM,C,10,2.48,ligand
3VXN,C,10,2.62,ligand
3VXO,C,10,2.62,ligand
3VXP,C,10,2.504,ligand
3VXR,C,10,2.639,ligand
3VXS,C,10,2.591,ligand
3VXU,C,10,2.309,ligand
3W0W,C,10,2.452,ligand
3W39,C,8,2.398,ligand
3WL9,C,10,2.492,ligand
3WLB,C,10,2.536,ligand
3WUW,C,9,2.596,ligand
3X11,C,9,2.631,ligand
3X12,C,9,2.435,ligand
3X13,C,9,2.631,ligand
3X14,C,9,2.55,ligand
4E5X,C,9,2.242,ligand
4EN3,E,1,2.569,ligand
4EUP,C,9,2.621,ligand
4F7M,C,10,2.637,ligand
4F7P,C,7,2.593,ligand
4F7T,C,8,2.544,ligand
4FTV,C,9,2.353,ligand
4G8G,C,10,2.466,ligand
4G8I,C,10,2.196,ligand
4G9D,C,10,2.637,ligand
4G9F,C,10,2.552,ligand
4GKN,C,10,2.42,ligand
4GKS,C,10,2.342,ligand
4GUP,C,1,3.412,ligand
4HWZ,C,9,2.241,ligand
4HX1,C,9,2.535,ligand
4I48,C,9,2.402,ligand
4I4W,C,9,2.661,ligand
4JFD,C,10,2.601,ligand
4JFE,C,10,2.658,ligand
4JFF,C,10,2.557,ligand
4JFO,C,10,2.591,ligand
4JFP,C,10,2.66,ligand
4JFQ,C,10,2.56,ligand
4JQV,B,8,2.689,ligand
4JQX,B,12,2.585,ligand
4JRX,C,13,2.551,ligand
4JRY,C,13,2.497,ligand
4K7F,C,9,2.582,ligand
4L29,C,9,2.539,ligand
4L3C,C,9,2.579,ligand
4L3E,C,10,2.228,ligand
4L4T,E,1,3.456,ligand
4L4V,E,1,2.769,ligand
4LCW,E,1,2.643,ligand
4LHU,G,1,3.054,ligand
4LNR,C,11,2.618,ligand
4MJ5,C,11,2.485,ligand
4MJ6,C,11,2.714,ligand
4MJI,C,8,2.377,ligand
4MNG,D,1,2.845,ligand
4MQ7,C,1,2.468,ligand
4N8V,C,9,2.505,ligand
4NNX,C,9,2.723,ligand
4NNY,C,9,2.61,ligand
4NO0,C,12,2.256,ligand
4NO2,C,12,2.63,ligand
4NO3,C,9,2.432,ligand
4NO5,C,9,2.5,ligand
4NQC,C,1,2.597,ligand
4NQD,C,1,2.538,ligand
4NQE,E,1,2.663,ligand
4NQV,C,9,2.608,ligand
4NQX,C,9,2.685,ligand
4NT6,C,9,2.613,ligand
4O2C,C,9,2.714,ligand
4O2E,C,9,2.605,ligand
4O2F,C,8,2.702,ligand
4ONO,C,1,1.923,ligand
4PJ5,E,1,3.403,ligand
4PJ7,E,1,2.443,ligand
4PJ9,E,1,2.66,ligand
4PJA,E,1,2.638,ligand
4PJB,E,1,2.637,ligand
4PJC,E,1,2.612,ligand
4PJD,E,1,2.626,ligand
4PJE,E,1,3.379,ligand
4PJF,E,1,3.351,ligand
4PJG,E,1,3.308,ligand
4PJH,E,1,3.38,ligand
4PJI,E,1,3.339,ligand
4PJX,E,1,3.391,ligand
4PR5,C,11,2.608,ligand
4PRA,C,11,2.622,ligand
4PRB,C,11,2.615,ligand
4PRD,C,11,2.618,ligand
4PRE,C,11,2.587,ligand
4PRH,C,11,2.54,ligand
4PRI,C,11,2.523,ligand
4PRN,C,11,2.232,ligand
4PRP,C,11,2.637,ligand
4QOK,C,10,2.395,ligand
4QRP,C,9,2.532,ligand
4QRQ,C,9,2.633,ligand
4QRR,E,9,2.576,ligand
4QRS,C,9,2.653,ligand
4QRT,C,9,2.605,ligand
4QRU,C,9,2.629,ligand
4U1H,C,9,2.366,ligand
4U1I,C,9,2.595,ligand
4U1J,C,9,2.659,ligand
4U1K,C,9,2.459,ligand
4U1L,C,9,2.602,ligand
4U1M,C,9,2.665,ligand
4U1N,C,9,2.563,ligand
4U1S,C,9,2.595,ligand
4U6X,C,10,2.712,ligand
4U6Y,C,15,2.608,ligand
4UQ2,C,7,2.604,ligand
4UQ3,C,6,2.593,ligand
4V3D,F,1,3.172,ligand
4V3E,E,1,3.047,ligand
4WJ5,C,10,2.54,ligand
4WO4,H,1,3.039,ligand
4WU5,C,8,2.636,ligand
4WU7,C,8,2.497,ligand
4WUU,C,9,1.822,ligand
4WW2,E,1,2.92,ligand
4WWK,E,1,2.877,ligand
4X6C,E,1,2.759,ligand
4X6D,F,1,3.474,ligand
4X6E,C,1,3.069,ligand
4X6F,C,1,2.787,ligand
4XXC,B,8,2.642,ligand
5B38,C,9,2.337,ligand
5B39,C,9,2.292,ligand
5BRZ,C,9,2.401,ligand
5BS0,C,9,2.406,ligand
5C07,C,10,2.586,ligand
5C08,C,10,2.564,ligand
5C09,C,10,2.482,ligand
5C0A,C,10,2.506,ligand
5C0B,C,10,2.587,ligand
5C0C,C,10,2.588,ligand
5C0D,C,10,2.55,ligand
5C0E,C,10,2.635,ligand
5C0F,C,10,2.635,ligand
5C0G,C,10,2.643,ligand
5C0I,C,10,2.659,ligand
5C0J,C,10,2.576,ligand
5C9J,C,1,3.524,ligand
5C9J,D,1,2.764,ligand
5C9J,E,1,3.539,ligand
5D2L,E,9,2.336,ligand
5D2N,D,9,2.533,ligand
5D5M,C,1,2.542,ligand
5D7I,E,1,3.298,ligand
5D7J,E,1,2.636,ligand
5D7L,C,1,3.342,ligand
5D9S,C,11,2.658,ligand
5DDH,C,12,2.662,ligand
5DEF,C,9,2.635,ligand
5DEG,C,9,2.622,ligand
5E00,C,9,2.671,ligand
5E6I,E,9,2.324,ligand
5E9D,C,10,2.603,ligand
5ENW,C,9,2.664,ligand
5EO0,C,9,2.532,ligand
5EO1,C,9,2.587,ligand
5EOT,C,11,2.531,ligand
5EU3,C,9,2.683,ligand
5EU4,C,9,2.597,ligand
5EU5,C,9,2.603,ligand
5EU6,C,9,2.567,ligand
5EUO,E,9,2.662,ligand
5F7D,C,10,2.614,ligand
5F9J,C,9,2.553,ligand
5FA3,C,9,2.637,ligand
5FA4,C,11,2.563,ligand
5FDW,C,10,2.099,ligand
5GRD,C,10,2.606,ligand
5GRG,C,6,2.612,ligand
5GRG,D,4,2.616,ligand
5GSD,C,7,2.578,ligand
5HGA,C,8,2.66,ligand
5HGB,C,8,2.448,ligand
5HGD,C,10,2.643,ligand
5HGH,C,10,2.697,ligand
5HHM,C,9,2.595,ligand
5HHN,C,9,2.604,ligand
5HHO,C,9,2.384,ligand
5HHP,C,9,2.531,ligand
5HHQ,C,9,2.645,ligand
5HYJ,C,10,2.806,ligand
5IB1,C,9,2.647,ligand
5IB2,C,9,2.651,ligand
5IB3,C,9,2.548,ligand
5IB4,C,9,2.551,ligand
5IB5,C,9,2.43,ligand
5IEH,C,9,1.794,ligand
5IEK,C,9,1.803,ligand
5IM7,C,9,2.686,ligand
5INC,C,9,2.208,ligand
5IND,C,9,2.477,ligand
5IRO,B,9,2.205,ligand
5ISZ,C,9,1.827,ligand
5IUE,C,7,2.223,ligand
5J1A,C,1,2.679,ligand
5JHD,C,9,1.782,ligand
5JZI,C,10,1.773,ligand
5KNM,D,6,2.412,ligand
5L2J,D,1,3.629,ligand
5L2J,E,1,3.576,ligand
5L2K,E,1,3.338,ligand
5L2K,F,1,3.107,ligand
5MEN,C,9,2.3,ligand
5MEO,C,9,2.651,ligand
5MEP,C,9,2.427,ligand
5MEQ,C,9,2.619,ligand
5MER,C,9,2.723,ligand
5N1Y,C,10,2.631,ligand
5N6B,C,9,2.632,ligand
5NHT,E,10,2.562,ligand
5NME,C,9,2.7,ligand
5NMF,C,9,2.387,ligand
5NMG,C,9,2.539,ligand
5NMH,C,9,2.642,ligand
5NMK,C,9,2.696,ligand
5NQK,E,10,2.479,ligand
5SWQ,C,9,2.48,ligand
5T6W,C,10,2.52,ligand
5T6X,C,10,2.614,ligand
5T6Y,C,12,2.63,ligand
5T6Z,C,10,2.556,ligand
5T70,C,10,2.656,ligand
5TEZ,C,9,2.633,ligand
5TXS,C,9,1.832,ligand
5U16,E,1,2.846,ligand
5U17,E,1,3.44,ligand
5U1R,E,1,3.2,ligand
5U2V,E,1,2.892,ligand
5U6Q,E,1,3.697,ligand
5U98,C,9,2.528,ligand
5U98,D,1,2.627,ligand
5V5L,C,10,2.443,ligand
5V5M,C,10,2.449,ligand
5VGD,C,9,2.603,ligand
5VGE,C,9,2.52,ligand
5VUD,C,9,2.631,ligand
5VUE,C,9,2.634,ligand
5VUF,C,9,2.601,ligand
5VVP,C,9,2.548,ligand
5VWD,C,9,2.328,ligand
5VWF,C,9,2.526,ligand
5VWH,C,9,2.629,ligand
5VWJ,C,9,2.527,ligand
5VZ5,C,10,2.521,ligand
5W1V,C,9,2.762,ligand
5W1W,C,9,2.696,ligand
5W67,C,9,2.401,ligand
5W69,C,9,2.659,ligand
5W6A,C,9,2.641,ligand
5WJL,C,10,2.367,ligand
5WJN,C,10,2.576,ligand
5WKE,E,1,3.498,ligand
5WKE,F,1,3.282,ligand
5WKF,C,10,2.526,ligand
5WKG,E,1,3.235,ligand
5WKG,F,1,3.161,ligand
5WKH,C,10,2.616,ligand
5WKI,F,1,3.483,ligand
5WKI,G,1,3.38,ligand
5WL1,F,1,2.241,ligand
5WL1,G,1,1.633,ligand
5WMN,C,9,2.61,ligand
5WMO,C,9,2.594,ligand
5WMP,C,10,2.631,ligand
5WMQ,C,9,2.578,ligand
5WMR,C,9,2.572,ligand
5WSH,C,9,2.65,ligand
5WWI,C,11,2.337,ligand
5WWJ,C,6,2.283,ligand
5WWU,C,11,2.411,ligand
5WXC,C,5,2.378,ligand
5WXD,C,11,2.423,ligand
5XOS,C,9,2.287,ligand
5XOT,C,9,2.669,ligand
5XOV,C,10,2.606,ligand
5XS3,C,9,2.342,ligand
5YXN,E,10,2.649,ligand
5YXU,E,10,2.467,ligand
6AEE,C,9,2.383,ligand
6AM5,C,10,2.59,ligand
6AMT,C,10,2.207,ligand
6AMU,C,10,2.484,ligand
6APN,B,12,2.562,ligand
6AT5,C,13,2.61,ligand
6AT9,C,10,2.25,ligand
6AVF,E,13,2.556,ligand
6AVG,E,13,2.728,ligand
6BJ2,C,9,2.504,ligand
6BJ3,C,9,2.567,ligand
6BJ8,C,9,2.609,ligand
6BXP,C,6,2.611,ligand
6BXQ,B,8,2.645,ligand
6C09,E,1,3.569,ligand
6C15,C,1,2.901,ligand
6CUG,E,1,3.323,ligand
6CUG,F,1,3.334,ligand
6D29,C,10,2.585,ligand
6D2B,C,10,2.574,ligand
6D2R,C,11,2.465,ligand
6D2T,C,9,2.42,ligand
6D64,F,1,3.294,ligand
6D64,G,1,2.848,ligand
6D78,C,9,2.613,ligand
6D7G,D,10,2.498,ligand
6DKP,C,10,2.533,ligand
6EI2,C,10,2.668,ligand
6EQA,C,9,2.528,ligand
6EQB,C,9,2.626,ligand
6EWA,C,9,2.34,ligand
6EWC,C,9,2.541,ligand
6EWO,C,9,2.47,ligand
6G3J,C,10,2.556,ligand
6G3K,C,10,2.288,ligand
6GGM,C,9,2.472,ligand
6GH1,C,9,2.607,ligand
6GH4,C,9,2.519,ligand
6GHN,C,9,2.574,ligand
6GL1,C,9,2.475,ligand
6ID4,E,9,2.655,ligand
6IEX,C,10,2.615,ligand
6J1V,C,9,2.592,ligand
6J1W,C,9,2.642,ligand
6J29,C,9,2.636,ligand
6J2A,C,9,2.642,ligand
6JOZ,C,9,2.638,ligand
6JP3,C,5,2.571,ligand
6JP3,D,4,2.624,ligand
6JTN,C,10,2.578,ligand
6JTO,C,10,2.523,ligand
6JTP,C,9,2.621,ligand
6K60,C,9,2.471,ligand
6MPP,B,10,1.631,ligand
6MT3,B,9,2.683,ligand
6MT4,C,9,2.672,ligand
6MT5,C,9,2.661,ligand
6MT6,B,9,2.654,ligand
6MTL,C,9,2.674,ligand
6MTM,C,9,2.698,ligand
6MWR,E,1,2.887,ligand
6NCA,B,9,2.557,ligand
6NUX,C,1,3.406,ligand
6O4Y,C,9,2.653,ligand
6O4Z,C,9,2.625,ligand
6O51,C,10,2.577,ligand
6O53,C,10,2.56,ligand
6O9B,C,9,2.678,ligand
6O9C,C,9,2.366,ligand
6OPD,C,9,2.644,ligand
6P23,C,9,2.073,ligand
6P27,C,9,2.051,ligand
6P2C,C,9,2.051,ligand
6P2F,C,9,2.076,ligand
6P2S,C,9,2.153,ligand
6P64,C,9,2.583,ligand
6PA1,C,9,2.209,ligand
6PAG,C,9,2.467,ligand
6PBH,C,7,2.702,ligand
6PTB,C,9,2.733,ligand
6PTE,C,9,2.634,ligand
6PUC,E,1,2.602,ligand
6PUD,E,1,3.408,ligand
6PUE,E,1,3.212,ligand
6PUF,E,1,3.287,ligand
6PUG,E,1,3.429,ligand
6PUH,E,1,3.566,ligand
6PUI,E,1,3.628,ligand
6PUJ,E,1,3.45,ligand
6PUK,E,1,2.824,ligand
6PUL,E,1,2.864,ligand
6PUM,E,1,2.795,ligand
6PVC,E,1,2.526,ligand
6PVD,E,1,2.6,ligand
6PYJ,C,9,2.65,ligand
6PYL,C,10,2.613,ligand
6PYV,C,9,2.601,ligand
6PYW,C,9,2.62,ligand
6PZ5,C,9,2.664,ligand
6Q3K,C,9,2.612,ligand
6Q3S,C,9,2.366,ligand
6R2L,C,9,2.585,ligand
6RP9,C,9,2.515,ligand
6RPA,C,9,2.659,ligand
6RPB,C,9,2.628,ligand
6RSY,C,9,2.537,ligand
6SNY,F,1,3.344,ligand
6SS7,C,9,2.552,ligand
6SS8,C,9,2.594,ligand
6SS9,C,9,2.171,ligand
6SSA,C,9,2.53,ligand
6TDO,C,2,2.64,ligand
6TDP,C,2,2.644,ligand
6TDQ,C,2,2.577,ligand
6TDQ,D,2,2.651,ligand
6TMO,C,10,2.61,ligand
6TRN,C,10,2.688,ligand
6TRO,C,10,2.58,ligand
6UJ7,C,10,2.526,ligand
6UJ8,C,10,2.602,ligand
6UJ9,C,10,2.341,ligand
6UJO,C,9,2.468,ligand
6UJQ,C,9,2.484,ligand
6UK2,C,9,2.61,ligand
6UK4,C,9,2.467,ligand
6ULI,C,9,2.547,ligand
6ULK,C,10,2.567,ligand
6ULN,C,9,2.62,ligand
6ULR,C,9,2.55,ligand
6UON,C,10,2.306,ligand
6UZ1,C,9,2.355,ligand
6UZM,C,9,2.463,ligand
6UZN,C,9,2.566,ligand
6UZO,C,9,2.568,ligand
6UZP,C,9,2.485,ligand
6UZQ,C,9,2.481,ligand
6UZS,C,9,2.611,ligand
6V2O,C,10,2.654,ligand
6V2P,C,10,2.677,ligand
6V2Q,C,9,2.534,ligand
6V3J,C,9,2.565,ligand
6V7Y,F,1,1.987,ligand
6V7Z,F,1,2.816,ligand
6V80,G,1,3.367,ligand
6VB0,C,9,2.555,ligand
6VB1,C,9,2.546,ligand
6VB2,C,9,2.574,ligand
6VB3,C,9,2.61,ligand
6VB4,C,9,2.615,ligand
6VB5,C,9,2.591,ligand
6VB6,C,9,2.746,ligand
6VB7,C,9,2.609,ligand
6VIU,C,9,2.615,ligand
6VM7,C,9,2.787,ligand
6VM8,C,9,2.607,ligand
6VM9,C,9,2.394,ligand
6VMA,C,9,2.547,ligand
6VMC,C,9,2.466,ligand
6VMX,C,9,2.719,ligand
6VPZ,C,11,2.695,ligand
6VQ2,C,10,2.622,ligand
6VQD,C,6,1.873,ligand
6VQE,C,10,2.484,ligand
6VQO,E,9,2.516,ligand
6VQY,C,7,2.625,ligand
6VQY,D,1,2.319,ligand
6VQZ,C,6,1.7,ligand
6VQZ,D,1,2.161,ligand
6VR1,C,9,2.478,ligand
6VR5,C,9,2.58,ligand
6VRM,E,9,2.525,ligand
6VRN,E,9,2.591,ligand
6W51,C,9,2.423,ligand
6W9U,E,1,3.31,ligand
6XQA,C,9,2.497,ligand
6XQP,E,1,1.287,ligand
6Y26,C,9,1.79,ligand
6Y27,C,9,2.635,ligand
6Y28,C,9,2.622,ligand
6Y29,C,9,1.844,ligand
6Y2A,C,9,1.803,ligand
6Y2B,C,9,2.656,ligand
6Z9V,C,9,2.582,ligand
6Z9W,C,9,2.484,ligand
6Z9X,C,9,2.34,ligand
6ZKW,C,9,2.583,ligand
6ZKX,C,12,2.036,ligand
6ZKY,C,9,2.612,ligand
6ZKZ,C,9,2.542,ligand
7ALO,C,9,2.284,ligand
7BBG,C,9,2.724,ligand
7BH8,G,9,2.546,ligand
7CIQ,C,10,2.628,ligand
7CIR,C,10,2.525,ligand
7CIS,C,9,2.398,ligand
7DUU,C,9,2.513,ligand
7DYN,C,10,2.636,ligand
7DZM,C,9,2.577,ligand
7DZN,C,9,2.453,ligand
7EJL,C,9,2.538,ligand
7EJM,C,9,2.562,ligand
7EJN,C,9,2.536,ligand
7EU2,C,9,2.336,ligand
7F4W,C,9,2.352,ligand
7JYU,C,10,2.619,ligand
7JYV,C,9,2.398,ligand
7JYW,C,9,2.684,ligand
7JYX,C,11,2.642,ligand
7K80,C,8,2.31,ligand
7K81,C,8,2.354,ligand
7KGO,C,9,2.55,ligand
7KGP,C,9,2.678,ligand
7KGQ,C,9,2.643,ligand
7KGR,C,9,2.645,ligand
7KGS,C,9,2.707,ligand
7KGT,C,3,2.638,ligand
7KOZ,C,1,2.964,ligand
7KP0,C,1,3.187,ligand
7KP1,C,1,3.325,ligand
7L1B,C,9,2.581,ligand
7L1C,C,9,2.504,ligand
7L1D,C,9,2.529,ligand
7LFZ,C,9,2.522,ligand
7LG0,C,9,2.408,ligand
7LG2,C,9,2.544,ligand
7LG3,C,9,2.542,ligand
7LGD,C,9,2.586,ligand
7LGT,C,9,2.555,ligand
7LLI,E,1,2.94,ligand
7LLJ,E,1,3.203,ligand
7M8S,C,10,2.706,ligand
7M8T,C,9,2.6,ligand
7M8U,C,9,2.567,ligand
7MJ6,C,9,2.536,ligand
7MJ7,C,11,1.795,ligand
7MJ8,C,12,1.73,ligand
7MJ9,C,9,1.839,ligand
7MJA,C,9,1.804,ligand
7MKB,C,9,2.367,ligand
7MLE,C,9,2.702,ligand
7MX4,C,1,3.023,ligand
7MX4,D,1,2.676,ligand
7MXF,C,1,3.358,ligand
7MXF,D,1,3.139,ligand
7MXH,C,1,3.199,ligand
7MXH,D,1,3.217,ligand
7N1A,C,9,2.67,ligand
7N1B,C,9,2.519,ligand
7N1E,C,9,2.533,ligand
7N1F,C,9,2.491,ligand
7N2N,C,9,2.629,ligand
7N2O,C,9,2.384,ligand
7N2P,C,9,2.438,ligand
7N2Q,C,9,2.55,ligand
7N2R,C,9,2.542,ligand
7N2S,C,9,2.556,ligand
7N6D,C,9,2.577,ligand
7N6E,C,9,2.438,ligand
7NDQ,C,9,2.345,ligand
7NDT,C,9,2.574,ligand
7NDU,C,9,2.273,ligand
7NMD,C,9,2.65,ligand
7NME,C,9,2.509,ligand
7NMF,C,9,2.61,ligand
7NMG,C,9,2.479,ligand
7NUI,C,9,2.576,ligand
7OKS,E,1,2.802,ligand
7OKT,B,1,3.083,ligand
7OKU,D,1,3.358,ligand
7OKV,B,1,3.454,ligand
7OW3,C,10,2.598,ligand
7OW4,C,8,2.52,ligand
7OW5,C,10,2.514,ligand
7OW6,C,10,2.661,ligand
7P3D,C,9,2.563,ligand
7P3E,C,9,2.648,ligand
7P49,C,9,2.539,ligand
7P4B,C,9,2.66,ligand
7PB2,C,10,2.45,ligand
7PBC,E,9,1.883,ligand
7PBE,C,9,2.452,ligand
7PDW,E,9,1.85,ligand
7PHR,E,9,2.663,ligand
7Q5D,D,1,3.043,ligand
7Q98,C,10,2.64,ligand
7Q99,C,10,2.381,ligand
7Q9A,C,10,2.588,ligand
7Q9B,C,10,2.382,ligand
7QPJ,E,9,1.723,ligand
7R7V,C,9,2.65,ligand
7R7W,C,9,2.653,ligand
7R7X,C,9,2.589,ligand
7R7Y,C,9,2.656,ligand
7R80,E,9,2.41,ligand
7RE7,C,9,2.473,ligand
7RE8,C,9,2.484,ligand
7RK7,C,9,2.449,ligand
7RM4,C,9,2.238,ligand
7RRG,C,9,2.696,ligand
7RTD,C,9,2.653,ligand
7RTR,C,9,2.56,ligand
7RYN,E,1,3.309,ligand
7RYO,E,1,3.261,ligand
7RZD,C,9,2.527,ligand
7RZJ,C,9,2.631,ligand
7S79,C,9,2.561,ligand
7S7D,C,9,2.601,ligand
7S7E,C,9,2.544,ligand
7S7F,C,9,2.504,ligand
7S8A,C,9,2.663,ligand
7S8E,C,9,2.44,ligand
7S8F,C,9,2.417,ligand
7S8Q,C,10,2.629,ligand
7S8R,C,9,2.665,ligand
7S8S,C,10,2.567,ligand
7SA2,C,9,2.636,ligand
7SH4,C,1,2.892,ligand
7SIF,C,9,2.645,ligand
7SIG,C,9,2.584,ligand
7SIH,C,8,2.517,ligand
7SIS,C,9,2.667,ligand
7SQP,C,13,2.703,ligand
7SR0,C,11,2.034,ligand
7SR3,C,14,2.034,ligand
7SR4,C,14,2.024,ligand
7SR5,C,12,2.51,ligand
7SRK,C,9,2.591,ligand
7SSH,C,10,1.751,ligand
7ST3,C,5,1.856,ligand
7STF,C,10,2.775,ligand
7SU9,C,9,2.635,ligand
7T0L,C,9,2.606,ligand
7T5M,C,17,2.668,ligand
7TLT,C,9,2.692,ligand
7TR4,E,10,2.704,ligand
7TUC,C,9,2.633,ligand
7TUD,C,6,2.013,ligand
7TUD,D,2,2.655,ligand
7U1R,C,9,2.677,ligand
7U21,C,9,2.537,ligand
7UC5,C,9,2.692,ligand
7UFJ,E,1,3.434,ligand
7UM2,C,9,2.641,ligand
7UMG,E,1,3.268,ligand
7UR1,C,10,2.313,ligand
7WJ2,C,8,2.623,ligand
7WJ3,C,5,2.607,ligand
7WKJ,C,9,2.632,ligand
7WT3,C,5,2.577,ligand
7WT4,C,8,2.475,ligand
7WT5,C,8,2.562,ligand
7WZZ,C,9,2.642,ligand
7X00,C,9,2.591,ligand
7X1B,C,8,2.597,ligand
7X1C,C,8,2.393,ligand
7XF3,C,9,2.637,ligand
7YG3,B,9,2.643,ligand
7ZT2,E,1,2.877,ligand
7ZT4,E,1,3.436,ligand
7ZT5,E,1,3.554,ligand
7ZT7,E,1,3.56,ligand
7ZT8,E,1,3.683,ligand
7ZT9,E,1,3.448,ligand
7ZUC,C,9,2.595,ligand
8BP6,B,1,3.033,ligand
8C44,C,1,2.795,ligand
8CX4,C,9,2.373,ligand
8DNT,D,9,2.741,ligand
8DV3,E,1,3.155,ligand
8DV3,F,1,3.265,ligand
8DV4,E,1,2.546,ligand
8DVG,C,10,2.536,ligand
8E13,C,8,2.193,ligand
8E2Z,C,9,2.242,ligand
8E8I,C,8,2.068,ligand
8EB2,C,9,2.386,ligand
8EC5,C,10,2.133,ligand
8EK5,C,9,2.639,ligand
8ELG,C,9,2.468,ligand
8ELH,C,9,1.798,ligand
8EMF,C,9,2.622,ligand
8EMG,C,9,2.582,ligand
8EMI,C,9,2.589,ligand
8EMJ,C,9,2.585,ligand
8EMK,C,9,2.591,ligand
8EN8,C,9,2.674,ligand
8ENH,C,9,2.681,ligand
8EO8,C,9,2.648,ligand
8ERX,C,9,2.582,ligand
8ES8,E,10,2.445,ligand
8ES9,E,10,2.176,ligand
8ESA,C,12,2.032,ligand
8ESB,C,12,2.849,ligand
8ESH,C,9,2.384,ligand
8F5A,E,10,2.62,ligand
8F7M,C,10,2.565,ligand
8FJA,C,10,2.464,ligand
8FJB,C,9,2.486,ligand
8FRT,B,13,1.981,ligand
8FU4,C,9,2.571,ligand
8GLE,E,1,3.572,ligand
8GLE,F,1,3.024,ligand
8GLF,E,1,3.093,ligand
8GLF,F,1,3.346,ligand
8GLG,E,1,3.613,ligand
8GLG,F,1,2.966,ligand
8GLH,E,1,3.169,ligand
8GLH,F,1,3.281,ligand
8GLI,D,1,3.085,ligand
8GOM,C,9,2.298,ligand
8GON,C,9,2.466,ligand
8GVB,E,8,2.474,ligand
8GVG,E,8,2.021,ligand
8GVI,E,8,2.122,ligand
8HN4,C,9,2.469,ligand
8I5C,C,9,2.429,ligand
8I5D,E,9,2.734,ligand
8I5E,C,9,2.639,ligand
8ISN,C,9,2.51,ligand
8QFY,C,9,2.307,ligand
8RBU,C,10,2.362,ligand
8RBV,C,9,2.618,ligand
8RCV,C,10,2.621,ligand
8REF,C,10,2.595,ligand
8RH6,F,10,2.308,ligand
8RHQ,F,10,2.454,ligand
8RJ5,C,9,2.523,ligand
8RJH,C,9,2.485,ligand
8RJI,C,9,2.53,ligand
8RLT,C,9,2.199,ligand
8RLU,C,9,1.82,ligand
8RLV,C,9,1.75,ligand
8RNE,C,9,2.477,ligand
8RNF,C,9,2.564,ligand
8RNG,C,8,2.448,ligand
8RNH,C,9,2.411,ligand
8ROO,B,8,2.143,ligand
8ROP,C,8,2.417,ligand
8RRO,E,10,2.253,ligand
8RYM,C,9,2.565,ligand
8RYN,C,9,2.569,ligand
8RYO,C,9,2.58,ligand
8RYP,C,9,2.525,ligand
8RYQ,C,9,2.486,ligand
8SBK,C,9,2.497,ligand
8SBL,C,9,2.497,ligand
8SGB,F,1,3.027,ligand
8SGM,G,1,2.833,ligand
8SHI,C,9,2.507,ligand
8SOS,B,1,2.697,ligand
8T6M,G,9,2.715,ligand
8T7R,D,9,2.252,ligand
8TBV,C,9,2.426,ligand
8TBW,C,9,2.635,ligand
8TMU,D,10,2.379,ligand
8TNJ,F,9,1.915,ligand
8TUB,C,11,2.421,ligand
8TUH,C,9,2.669,ligand
8U9G,C,9,2.613,ligand
8UDR,C,10,1.822,ligand
8V4Z,C,9,2.694,ligand
8V50,C,9,2.206,ligand
8V51,C,9,2.653,ligand
8VCL,C,9,2.552,ligand
8VJZ,C,10,2.636,ligand
8VR9,C,9,2.306,ligand
8VRA,C,10,2.217,ligand
8VRB,C,10,2.23,ligand
8WTE,E,9,2.614,ligand
8WUL,E,9,2.776,ligand
8XES,C,9,2.502,ligand
8XFZ,C,9,2.415,ligand
8XG2,C,12,2.488,ligand
8XKC,C,9,2.553,ligand
8XKE,C,12,2.524,ligand
8Y6X,E,1,2.241,ligand
8YE4,C,9,2.58,ligand
8YIV,C,10,2.696,ligand
8YJ2,C,10,2.491,ligand
8ZOX,E,1,3.256,ligand
8ZOX,F,1,3.202,ligand
8ZV9,C,9,2.53,ligand
9ASF,C,9,2.62,ligand
9ASG,C,9,2.473,ligand
9BL2,C,10,2.508,ligand
9BL3,C,10,2.599,ligand
9BL4,C,10,2.558,ligand
9BL5,C,9,2.562,ligand
9BL6,C,9,2.383,ligand
9BL9,C,8,2.212,ligand
9BLA,C,8,2.265,ligand
9BTX,E,1,3.876,ligand
9BTY,E,1,3.754,ligand
9BTZ,E,1,3.523,ligand
9BU0,E,1,3.269,ligand
9C3E,D,9,2.493,ligand
9C6V,B,11,2.049,ligand
9C6W,B,11,2.042,ligand
9C6X,B,13,2.043,ligand
9CGR,E,1,3.249,ligand
9DL1,F,9,2.574,ligand
