pdb,chain_id,reason,chain_residue_count,min_distance_to_mhc_helix,min_distance_to_ligand,nearest_ligand_chain
1A1M,B,not_within_helix_or_ligand_cutoff,99,,,
1A1N,B,not_within_helix_or_ligand_cutoff,99,,,
1A1O,B,not_within_helix_or_ligand_cutoff,99,,,
1A6Z,B,not_within_helix_or_ligand_cutoff,99,,,
1A9B,B,not_within_helix_or_ligand_cutoff,100,,,
1A9E,B,not_within_helix_or_ligand_cutoff,100,,,
1AGB,B,not_within_helix_or_ligand_cutoff,99,,,
1AGC,B,not_within_helix_or_ligand_cutoff,99,,,
1AGD,B,not_within_helix_or_ligand_cutoff,99,,,
1AGE,B,not_within_helix_or_ligand_cutoff,99,,,
1AGF,B,not_within_helix_or_ligand_cutoff,99,,,
1AKJ,B,not_within_helix_or_ligand_cutoff,98,,,
1AKJ,D,not_within_helix_or_ligand_cutoff,114,,,
1AKJ,E,not_within_helix_or_ligand_cutoff,114,,,
1AO7,B,not_within_helix_or_ligand_cutoff,100,,,
1B0G,B,not_within_helix_or_ligand_cutoff,100,,,
1B0R,B,not_within_helix_or_ligand_cutoff,100,,,
1BD2,B,not_within_helix_or_ligand_cutoff,99,,,
1CG9,B,not_within_helix_or_ligand_cutoff,100,,,
1DE4,B,not_within_helix_or_ligand_cutoff,99,,,
1DUY,B,not_within_helix_or_ligand_cutoff,100,,,
1DUZ,B,not_within_helix_or_ligand_cutoff,100,,,
1E27,B,not_within_helix_or_ligand_cutoff,99,,,
1E28,B,not_within_helix_or_ligand_cutoff,99,,,
1EEY,B,not_within_helix_or_ligand_cutoff,100,,,
1EEZ,B,not_within_helix_or_ligand_cutoff,100,,,
1EFX,B,not_within_helix_or_ligand_cutoff,100,,,
1EXU,B,not_within_helix_or_ligand_cutoff,99,,,
1GZP,B,not_within_helix_or_ligand_cutoff,100,,,
1GZQ,B,not_within_helix_or_ligand_cutoff,100,,,
1HHG,B,not_within_helix_or_ligand_cutoff,100,,,
1HHH,B,not_within_helix_or_ligand_cutoff,100,,,
1HHI,B,not_within_helix_or_ligand_cutoff,100,,,
1HHJ,B,not_within_helix_or_ligand_cutoff,100,,,
1HHK,B,not_within_helix_or_ligand_cutoff,100,,,
1HSA,B,not_within_helix_or_ligand_cutoff,99,,,
1HSB,B,not_within_helix_or_ligand_cutoff,99,,,
1I1F,B,not_within_helix_or_ligand_cutoff,100,,,
1I1Y,B,not_within_helix_or_ligand_cutoff,100,,,
1I4F,B,not_within_helix_or_ligand_cutoff,100,,,
1I7R,B,not_within_helix_or_ligand_cutoff,100,,,
1I7T,B,not_within_helix_or_ligand_cutoff,100,,,
1I7U,B,not_within_helix_or_ligand_cutoff,100,,,
1IM3,B,not_within_helix_or_ligand_cutoff,100,,,
1IM9,F,not_within_helix_cutoff,9,,,
1IM9,B,not_within_helix_or_ligand_cutoff,100,,,
1JF1,B,not_within_helix_or_ligand_cutoff,100,,,
1JGD,B,not_within_helix_or_ligand_cutoff,100,,,
1JGE,B,not_within_helix_or_ligand_cutoff,100,,,
1JHT,B,not_within_helix_or_ligand_cutoff,100,,,
1K5N,B,not_within_helix_or_ligand_cutoff,100,,,
1KPR,B,not_within_helix_or_ligand_cutoff,100,,,
1KTL,B,not_within_helix_or_ligand_cutoff,100,,,
1LP9,B,not_within_helix_or_ligand_cutoff,100,,,
1M05,B,not_within_helix_or_ligand_cutoff,99,,,
1M6O,B,not_within_helix_or_ligand_cutoff,99,,,
1MHE,E,small_neighbor_chain_not_in_possible_ligands,9,2.097,,
1MHE,B,not_within_helix_or_ligand_cutoff,100,,,
1MI5,B,not_within_helix_or_ligand_cutoff,99,,,
1N2R,B,not_within_helix_or_ligand_cutoff,99,,,
1OF2,B,not_within_helix_or_ligand_cutoff,100,,,
1OGA,B,not_within_helix_or_ligand_cutoff,100,,,
1OGT,B,not_within_helix_or_ligand_cutoff,100,,,
1ONQ,B,not_within_helix_or_ligand_cutoff,99,,,
1P7Q,B,not_within_helix_or_ligand_cutoff,93,,,
1P7Q,D,not_within_helix_or_ligand_cutoff,183,,,
1Q94,B,not_within_helix_or_ligand_cutoff,100,,,
1QEW,B,not_within_helix_or_ligand_cutoff,100,,,
1QQD,B,not_within_helix_or_ligand_cutoff,99,,,
1QR1,B,not_within_helix_or_ligand_cutoff,100,,,
1QRN,B,not_within_helix_or_ligand_cutoff,100,,,
1QSE,B,not_within_helix_or_ligand_cutoff,100,,,
1QSF,B,not_within_helix_or_ligand_cutoff,100,,,
1QVO,B,not_within_helix_or_ligand_cutoff,100,,,
1S8D,B,not_within_helix_or_ligand_cutoff,99,,,
1S9W,B,not_within_helix_or_ligand_cutoff,100,,,
1S9X,B,not_within_helix_or_ligand_cutoff,100,,,
1S9Y,B,not_within_helix_or_ligand_cutoff,100,,,
1SYS,B,not_within_helix_or_ligand_cutoff,99,,,
1SYV,B,not_within_helix_or_ligand_cutoff,99,,,
1T1W,B,not_within_helix_or_ligand_cutoff,99,,,
1T1X,B,not_within_helix_or_ligand_cutoff,99,,,
1T1Y,B,not_within_helix_or_ligand_cutoff,99,,,
1T1Z,B,not_within_helix_or_ligand_cutoff,99,,,
1T20,B,not_within_helix_or_ligand_cutoff,99,,,
1T21,B,not_within_helix_or_ligand_cutoff,99,,,
1T22,B,not_within_helix_or_ligand_cutoff,99,,,
1TMC,B,not_within_helix_or_ligand_cutoff,99,,,
1TVB,B,not_within_helix_or_ligand_cutoff,100,,,
1TVH,B,not_within_helix_or_ligand_cutoff,100,,,
1UQS,B,not_within_helix_or_ligand_cutoff,100,,,
1UXS,B,not_within_helix_or_ligand_cutoff,100,,,
1UXW,B,not_within_helix_or_ligand_cutoff,100,,,
1W0V,B,not_within_helix_or_ligand_cutoff,100,,,
1W0W,B,not_within_helix_or_ligand_cutoff,100,,,
1W72,B,not_within_helix_or_ligand_cutoff,100,,,
1X7Q,B,not_within_helix_or_ligand_cutoff,99,,,
1XH3,B,not_within_helix_or_ligand_cutoff,99,,,
1XR8,B,not_within_helix_or_ligand_cutoff,99,,,
1XR9,B,not_within_helix_or_ligand_cutoff,99,,,
1XZ0,B,not_within_helix_or_ligand_cutoff,98,,,
1YDP,B,not_within_helix_or_ligand_cutoff,100,,,
1ZHK,B,not_within_helix_or_ligand_cutoff,99,,,
1ZHL,B,not_within_helix_or_ligand_cutoff,99,,,
1ZSD,B,not_within_helix_or_ligand_cutoff,99,,,
1ZT4,B,not_within_helix_or_ligand_cutoff,100,,,
2A83,B,not_within_helix_or_ligand_cutoff,100,,,
2AK4,B,not_within_helix_or_ligand_cutoff,99,,,
2AV1,B,not_within_helix_or_ligand_cutoff,100,,,
2AV7,B,not_within_helix_or_ligand_cutoff,100,,,
2AXF,B,not_within_helix_or_ligand_cutoff,99,,,
2AXG,B,not_within_helix_or_ligand_cutoff,99,,,
2BCK,B,not_within_helix_or_ligand_cutoff,100,,,
2BNQ,B,not_within_helix_or_ligand_cutoff,100,,,
2BNR,B,not_within_helix_or_ligand_cutoff,100,,,
2BSR,B,not_within_helix_or_ligand_cutoff,100,,,
2BSS,B,not_within_helix_or_ligand_cutoff,100,,,
2BST,B,not_within_helix_or_ligand_cutoff,100,,,
2BVO,B,not_within_helix_or_ligand_cutoff,99,,,
2BVP,B,not_within_helix_or_ligand_cutoff,99,,,
2BVQ,B,not_within_helix_or_ligand_cutoff,99,,,
2C7U,B,not_within_helix_or_ligand_cutoff,100,,,
2CIK,B,not_within_helix_or_ligand_cutoff,99,,,
2CLR,B,not_within_helix_or_ligand_cutoff,100,,,
2D31,B,not_within_helix_or_ligand_cutoff,99,,,
2DYP,B,not_within_helix_or_ligand_cutoff,100,,,
2DYP,D,not_within_helix_or_ligand_cutoff,185,,,
2ESV,B,not_within_helix_or_ligand_cutoff,100,,,
2F53,B,not_within_helix_or_ligand_cutoff,100,,,
2F54,B,not_within_helix_or_ligand_cutoff,100,,,
2FYY,B,not_within_helix_or_ligand_cutoff,99,,,
2FZ3,B,not_within_helix_or_ligand_cutoff,99,,,
2GIT,B,not_within_helix_or_ligand_cutoff,100,,,
2GJ6,B,not_within_helix_or_ligand_cutoff,100,,,
2GT9,B,not_within_helix_or_ligand_cutoff,100,,,
2GTW,B,not_within_helix_or_ligand_cutoff,100,,,
2GTZ,B,not_within_helix_or_ligand_cutoff,100,,,
2GUO,B,not_within_helix_or_ligand_cutoff,100,,,
2H26,B,not_within_helix_or_ligand_cutoff,99,,,
2H6P,B,not_within_helix_or_ligand_cutoff,99,,,
2HJK,B,not_within_helix_or_ligand_cutoff,99,,,
2HJL,B,not_within_helix_or_ligand_cutoff,99,,,
2HLA,B,not_within_helix_or_ligand_cutoff,99,,,
2HN7,B,not_within_helix_or_ligand_cutoff,99,,,
2J8U,B,not_within_helix_or_ligand_cutoff,100,,,
2JCC,B,not_within_helix_or_ligand_cutoff,100,,,
2NW3,B,not_within_helix_or_ligand_cutoff,99,,,
2NX5,B,not_within_helix_or_ligand_cutoff,99,,,
2P5E,B,not_within_helix_or_ligand_cutoff,100,,,
2P5W,B,not_within_helix_or_ligand_cutoff,100,,,
2PO6,B,not_within_helix_or_ligand_cutoff,99,,,
2PYE,B,not_within_helix_or_ligand_cutoff,100,,,
2RFX,B,not_within_helix_or_ligand_cutoff,99,,,
2UWE,B,not_within_helix_or_ligand_cutoff,100,,,
2V2W,B,not_within_helix_or_ligand_cutoff,100,,,
2V2X,B,not_within_helix_or_ligand_cutoff,100,,,
2VLJ,B,not_within_helix_or_ligand_cutoff,100,,,
2VLK,B,not_within_helix_or_ligand_cutoff,100,,,
2VLL,B,not_within_helix_or_ligand_cutoff,100,,,
2VLR,B,not_within_helix_or_ligand_cutoff,100,,,
2X4N,B,not_within_helix_or_ligand_cutoff,100,,,
2X4O,B,not_within_helix_or_ligand_cutoff,100,,,
2X4P,B,not_within_helix_or_ligand_cutoff,100,,,
2X4Q,B,not_within_helix_or_ligand_cutoff,100,,,
2X4R,B,not_within_helix_or_ligand_cutoff,100,,,
2X4S,B,not_within_helix_or_ligand_cutoff,100,,,
2X4T,B,not_within_helix_or_ligand_cutoff,100,,,
2X4U,B,not_within_helix_or_ligand_cutoff,100,,,
2X70,B,not_within_helix_or_ligand_cutoff,100,,,
2XPG,B,not_within_helix_or_ligand_cutoff,98,,,
2YPK,B,not_within_helix_or_ligand_cutoff,99,,,
2YPL,B,not_within_helix_or_ligand_cutoff,99,,,
3AM8,B,not_within_helix_or_ligand_cutoff,100,,,
3B3I,B,not_within_helix_or_ligand_cutoff,100,,,
3B6S,B,not_within_helix_or_ligand_cutoff,100,,,
3BGM,B,not_within_helix_or_ligand_cutoff,100,,,
3BH8,B,not_within_helix_or_ligand_cutoff,100,,,
3BH9,B,not_within_helix_or_ligand_cutoff,100,,,
3BHB,B,not_within_helix_or_ligand_cutoff,98,,,
3BO8,B,not_within_helix_or_ligand_cutoff,100,,,
3BP4,B,not_within_helix_or_ligand_cutoff,100,,,
3BP7,B,not_within_helix_or_ligand_cutoff,100,,,
3BVN,B,not_within_helix_or_ligand_cutoff,99,,,
3BW9,B,not_within_helix_or_ligand_cutoff,100,,,
3BWA,B,not_within_helix_or_ligand_cutoff,100,,,
3BXN,B,not_within_helix_or_ligand_cutoff,99,,,
3BZE,B,not_within_helix_or_ligand_cutoff,100,,,
3BZF,B,not_within_helix_or_ligand_cutoff,97,,,
3C9N,B,not_within_helix_or_ligand_cutoff,99,,,
3CDG,B,not_within_helix_or_ligand_cutoff,100,,,
3CII,B,not_within_helix_or_ligand_cutoff,100,,,
3CZF,B,not_within_helix_or_ligand_cutoff,100,,,
3D18,B,not_within_helix_or_ligand_cutoff,100,,,
3D25,B,not_within_helix_or_ligand_cutoff,98,,,
3D2U,B,not_within_helix_or_ligand_cutoff,99,,,
3D2U,D,not_within_helix_or_ligand_cutoff,182,,,
3D39,B,not_within_helix_or_ligand_cutoff,100,,,
3D3V,B,not_within_helix_or_ligand_cutoff,100,,,
3DTX,D,not_within_helix_or_ligand_cutoff,100,,,
3DX6,B,not_within_helix_or_ligand_cutoff,99,,,
3DX7,B,not_within_helix_or_ligand_cutoff,99,,,
3DX8,B,not_within_helix_or_ligand_cutoff,99,,,
3DXA,B,not_within_helix_or_ligand_cutoff,99,,,
3FFC,B,not_within_helix_or_ligand_cutoff,100,,,
3FQN,B,not_within_helix_or_ligand_cutoff,98,,,
3FQR,B,not_within_helix_or_ligand_cutoff,98,,,
3FQT,B,not_within_helix_or_ligand_cutoff,98,,,
3FQU,B,not_within_helix_or_ligand_cutoff,98,,,
3FQW,B,not_within_helix_or_ligand_cutoff,98,,,
3FQX,B,not_within_helix_or_ligand_cutoff,98,,,
3FT2,B,not_within_helix_or_ligand_cutoff,100,,,
3FT3,B,not_within_helix_or_ligand_cutoff,100,,,
3FT4,B,not_within_helix_or_ligand_cutoff,100,,,
3GIV,B,not_within_helix_or_ligand_cutoff,100,,,
3GJF,B,not_within_helix_or_ligand_cutoff,100,,,
3GSN,D,not_within_helix_or_ligand_cutoff,100,,,
3GSO,B,not_within_helix_or_ligand_cutoff,100,,,
3GSQ,B,not_within_helix_or_ligand_cutoff,100,,,
3GSR,B,not_within_helix_or_ligand_cutoff,100,,,
3GSU,B,not_within_helix_or_ligand_cutoff,100,,,
3GSV,B,not_within_helix_or_ligand_cutoff,100,,,
3GSW,B,not_within_helix_or_ligand_cutoff,100,,,
3GSX,B,not_within_helix_or_ligand_cutoff,100,,,
3H7B,B,not_within_helix_or_ligand_cutoff,100,,,
3H9H,B,not_within_helix_or_ligand_cutoff,100,,,
3H9S,B,not_within_helix_or_ligand_cutoff,100,,,
3HAE,B,not_within_helix_or_ligand_cutoff,100,,,
3HCV,B,not_within_helix_or_ligand_cutoff,100,,,
3HG1,B,not_within_helix_or_ligand_cutoff,100,,,
3HLA,B,not_within_helix_or_ligand_cutoff,99,,,
3HPJ,B,not_within_helix_or_ligand_cutoff,100,,,
3HUJ,B,not_within_helix_or_ligand_cutoff,97,,,
3I6G,B,not_within_helix_or_ligand_cutoff,100,,,
3I6K,B,not_within_helix_or_ligand_cutoff,100,,,
3I6L,B,not_within_helix_or_ligand_cutoff,100,,,
3IXA,B,not_within_helix_or_ligand_cutoff,100,,,
3KLA,B,not_within_helix_or_ligand_cutoff,100,,,
3KPL,B,not_within_helix_or_ligand_cutoff,99,,,
3KPM,B,not_within_helix_or_ligand_cutoff,99,,,
3KPN,B,not_within_helix_or_ligand_cutoff,99,,,
3KPO,B,not_within_helix_or_ligand_cutoff,100,,,
3KPP,B,not_within_helix_or_ligand_cutoff,99,,,
3KPQ,B,not_within_helix_or_ligand_cutoff,99,,,
3KPR,B,not_within_helix_or_ligand_cutoff,99,,,
3KPS,B,not_within_helix_or_ligand_cutoff,99,,,
3KWW,B,not_within_helix_or_ligand_cutoff,99,,,
3KXF,B,not_within_helix_or_ligand_cutoff,99,,,
3KYN,B,not_within_helix_or_ligand_cutoff,100,,,
3KYO,B,not_within_helix_or_ligand_cutoff,100,,,
3L3D,B,not_within_helix_or_ligand_cutoff,99,,,
3L3G,B,not_within_helix_or_ligand_cutoff,99,,,
3L3I,B,not_within_helix_or_ligand_cutoff,99,,,
3L3J,B,not_within_helix_or_ligand_cutoff,99,,,
3L3K,B,not_within_helix_or_ligand_cutoff,99,,,
3LKN,B,not_within_helix_or_ligand_cutoff,100,,,
3LKO,B,not_within_helix_or_ligand_cutoff,100,,,
3LKP,B,not_within_helix_or_ligand_cutoff,100,,,
3LKQ,B,not_within_helix_or_ligand_cutoff,100,,,
3LKR,B,not_within_helix_or_ligand_cutoff,100,,,
3LKS,B,not_within_helix_or_ligand_cutoff,100,,,
3LN4,B,not_within_helix_or_ligand_cutoff,99,,,
3LN5,B,not_within_helix_or_ligand_cutoff,99,,,
3LV3,B,not_within_helix_or_ligand_cutoff,100,,,
3MGO,B,not_within_helix_or_ligand_cutoff,100,,,
3MGT,B,not_within_helix_or_ligand_cutoff,100,,,
3MR9,B,not_within_helix_or_ligand_cutoff,100,,,
3MRB,B,not_within_helix_or_ligand_cutoff,100,,,
3MRC,B,not_within_helix_or_ligand_cutoff,100,,,
3MRD,B,not_within_helix_or_ligand_cutoff,99,,,
3MRE,B,not_within_helix_or_ligand_cutoff,100,,,
3MRF,B,not_within_helix_or_ligand_cutoff,100,,,
3MRG,B,not_within_helix_or_ligand_cutoff,100,,,
3MRH,B,not_within_helix_or_ligand_cutoff,100,,,
3MRI,B,not_within_helix_or_ligand_cutoff,100,,,
3MRJ,B,not_within_helix_or_ligand_cutoff,100,,,
3MRK,B,not_within_helix_or_ligand_cutoff,99,,,
3MRL,B,not_within_helix_or_ligand_cutoff,100,,,
3MRM,B,not_within_helix_or_ligand_cutoff,100,,,
3MRN,B,not_within_helix_or_ligand_cutoff,100,,,
3MRO,B,not_within_helix_or_ligand_cutoff,100,,,
3MRP,B,not_within_helix_or_ligand_cutoff,100,,,
3MRQ,B,not_within_helix_or_ligand_cutoff,100,,,
3MRR,B,not_within_helix_or_ligand_cutoff,100,,,
3MV7,B,not_within_helix_or_ligand_cutoff,99,,,
3MV8,B,not_within_helix_or_ligand_cutoff,100,,,
3MV9,B,not_within_helix_or_ligand_cutoff,100,,,
3MYJ,B,not_within_helix_or_ligand_cutoff,100,,,
3NFN,B,not_within_helix_or_ligand_cutoff,100,,,
3O3A,B,not_within_helix_or_ligand_cutoff,100,,,
3O3B,B,not_within_helix_or_ligand_cutoff,100,,,
3O3D,B,not_within_helix_or_ligand_cutoff,100,,,
3O3E,B,not_within_helix_or_ligand_cutoff,100,,,
3O4L,B,not_within_helix_or_ligand_cutoff,100,,,
3OX8,B,not_within_helix_or_ligand_cutoff,100,,,
3OXR,B,not_within_helix_or_ligand_cutoff,100,,,
3OXS,B,not_within_helix_or_ligand_cutoff,100,,,
3PWJ,B,not_within_helix_or_ligand_cutoff,100,,,
3PWL,B,not_within_helix_or_ligand_cutoff,100,,,
3PWN,B,not_within_helix_or_ligand_cutoff,100,,,
3PWP,B,not_within_helix_or_ligand_cutoff,100,,,
3QDG,B,not_within_helix_or_ligand_cutoff,100,,,
3QDJ,B,not_within_helix_or_ligand_cutoff,100,,,
3QDM,B,not_within_helix_or_ligand_cutoff,100,,,
3QEQ,B,not_within_helix_or_ligand_cutoff,100,,,
3QFD,B,not_within_helix_or_ligand_cutoff,100,,,
3QFJ,B,not_within_helix_or_ligand_cutoff,100,,,
3QZW,B,not_within_helix_or_ligand_cutoff,100,,,
3QZW,D,not_within_helix_or_ligand_cutoff,114,,,
3QZW,E,not_within_helix_or_ligand_cutoff,114,,,
3REW,B,not_within_helix_or_ligand_cutoff,99,,,
3RL1,B,not_within_helix_or_ligand_cutoff,100,,,
3RL2,B,not_within_helix_or_ligand_cutoff,99,,,
3SDX,B,not_within_helix_or_ligand_cutoff,97,,,
3SJV,B,not_within_helix_or_ligand_cutoff,99,,,
3SKM,B,not_within_helix_or_ligand_cutoff,99,,,
3SKO,B,not_within_helix_or_ligand_cutoff,100,,,
3SPV,B,not_within_helix_or_ligand_cutoff,99,,,
3T8X,B,not_within_helix_or_ligand_cutoff,99,,,
3TO2,B,not_within_helix_or_ligand_cutoff,100,,,
3TZV,B,not_within_helix_or_ligand_cutoff,95,,,
3U0P,B,not_within_helix_or_ligand_cutoff,99,,,
3UPR,B,not_within_helix_or_ligand_cutoff,99,,,
3UTQ,B,not_within_helix_or_ligand_cutoff,100,,,
3UTS,B,not_within_helix_or_ligand_cutoff,100,,,
3UTT,B,not_within_helix_or_ligand_cutoff,100,,,
3V5D,B,not_within_helix_or_ligand_cutoff,100,,,
3V5H,B,not_within_helix_or_ligand_cutoff,100,,,
3V5K,B,not_within_helix_or_ligand_cutoff,100,,,
3VCL,B,not_within_helix_or_ligand_cutoff,99,,,
3VFM,B,not_within_helix_or_ligand_cutoff,100,,,
3VFN,B,not_within_helix_or_ligand_cutoff,99,,,
3VFO,B,not_within_helix_or_ligand_cutoff,99,,,
3VFP,B,not_within_helix_or_ligand_cutoff,99,,,
3VFR,B,not_within_helix_or_ligand_cutoff,100,,,
3VFS,B,not_within_helix_or_ligand_cutoff,99,,,
3VFT,B,not_within_helix_or_ligand_cutoff,100,,,
3VFU,B,not_within_helix_or_ligand_cutoff,100,,,
3VFV,B,not_within_helix_or_ligand_cutoff,100,,,
3VFW,B,not_within_helix_or_ligand_cutoff,99,,,
3VH8,B,not_within_helix_or_ligand_cutoff,99,,,
3VRI,B,not_within_helix_or_ligand_cutoff,100,,,
3VRJ,B,not_within_helix_or_ligand_cutoff,99,,,
3VWJ,B,not_within_helix_or_ligand_cutoff,97,,,
3VWK,B,not_within_helix_or_ligand_cutoff,96,,,
3VXM,B,not_within_helix_or_ligand_cutoff,99,,,
3VXN,B,not_within_helix_or_ligand_cutoff,99,,,
3VXO,B,not_within_helix_or_ligand_cutoff,99,,,
3VXP,B,not_within_helix_or_ligand_cutoff,100,,,
3VXR,B,not_within_helix_or_ligand_cutoff,100,,,
3VXS,B,not_within_helix_or_ligand_cutoff,100,,,
3VXU,B,not_within_helix_or_ligand_cutoff,99,,,
3W0W,B,not_within_helix_or_ligand_cutoff,100,,,
3W39,B,not_within_helix_or_ligand_cutoff,99,,,
3WL9,B,not_within_helix_or_ligand_cutoff,100,,,
3WLB,B,not_within_helix_or_ligand_cutoff,100,,,
3WUW,B,not_within_helix_or_ligand_cutoff,98,,,
3X11,B,not_within_helix_or_ligand_cutoff,99,,,
3X12,B,not_within_helix_or_ligand_cutoff,99,,,
3X13,B,not_within_helix_or_ligand_cutoff,99,,,
3X14,B,not_within_helix_or_ligand_cutoff,99,,,
4E5X,B,not_within_helix_or_ligand_cutoff,100,,,
4EN3,D,not_within_helix_or_ligand_cutoff,99,,,
4EUP,B,not_within_helix_or_ligand_cutoff,100,,,
4F7M,B,not_within_helix_or_ligand_cutoff,99,,,
4F7P,B,not_within_helix_or_ligand_cutoff,99,,,
4F7T,B,not_within_helix_or_ligand_cutoff,99,,,
4FTV,B,not_within_helix_or_ligand_cutoff,100,,,
4G8G,B,not_within_helix_or_ligand_cutoff,100,,,
4G8I,B,not_within_helix_or_ligand_cutoff,99,,,
4G9D,B,not_within_helix_or_ligand_cutoff,99,,,
4G9F,B,not_within_helix_or_ligand_cutoff,100,,,
4GKN,B,not_within_helix_or_ligand_cutoff,100,,,
4GKS,B,not_within_helix_or_ligand_cutoff,100,,,
4GUP,B,not_within_helix_or_ligand_cutoff,97,,,
4HWZ,B,not_within_helix_or_ligand_cutoff,99,,,
4HX1,B,not_within_helix_or_ligand_cutoff,99,,,
4I48,B,not_within_helix_or_ligand_cutoff,99,,,
4I4W,B,not_within_helix_or_ligand_cutoff,100,,,
4JFD,B,not_within_helix_or_ligand_cutoff,100,,,
4JFE,B,not_within_helix_or_ligand_cutoff,100,,,
4JFF,B,not_within_helix_or_ligand_cutoff,100,,,
4JFO,B,not_within_helix_or_ligand_cutoff,100,,,
4JFP,B,not_within_helix_or_ligand_cutoff,100,,,
4JFQ,B,not_within_helix_or_ligand_cutoff,100,,,
4JQV,C,not_within_helix_or_ligand_cutoff,99,,,
4JQX,C,not_within_helix_or_ligand_cutoff,99,,,
4JRX,B,not_within_helix_or_ligand_cutoff,99,,,
4JRY,B,not_within_helix_or_ligand_cutoff,100,,,
4K71,C,not_within_helix_or_ligand_cutoff,99,,,
4K7F,B,not_within_helix_or_ligand_cutoff,100,,,
4L29,B,not_within_helix_or_ligand_cutoff,100,,,
4L3C,B,not_within_helix_or_ligand_cutoff,100,,,
4L3E,B,not_within_helix_or_ligand_cutoff,100,,,
4L4T,B,not_within_helix_or_ligand_cutoff,96,,,
4L4V,B,not_within_helix_or_ligand_cutoff,99,,,
4LCW,B,not_within_helix_or_ligand_cutoff,96,,,
4LHU,B,not_within_helix_or_ligand_cutoff,100,,,
4LNR,B,not_within_helix_or_ligand_cutoff,99,,,
4MJ5,B,not_within_helix_or_ligand_cutoff,100,,,
4MJ6,B,not_within_helix_or_ligand_cutoff,100,,,
4MJI,B,not_within_helix_or_ligand_cutoff,99,,,
4MNG,B,not_within_helix_or_ligand_cutoff,99,,,
4MNQ,B,not_within_helix_or_ligand_cutoff,100,,,
4MQ7,B,not_within_helix_or_ligand_cutoff,98,,,
4N0F,B,not_within_helix_or_ligand_cutoff,99,,,
4N0U,B,not_within_helix_or_ligand_cutoff,99,,,
4N8V,B,not_within_helix_or_ligand_cutoff,100,,,
4NNX,B,not_within_helix_or_ligand_cutoff,99,,,
4NNY,B,not_within_helix_or_ligand_cutoff,99,,,
4NO0,B,not_within_helix_or_ligand_cutoff,99,,,
4NO0,D,not_within_helix_or_ligand_cutoff,192,,,
4NO2,B,not_within_helix_or_ligand_cutoff,99,,,
4NO3,B,not_within_helix_or_ligand_cutoff,99,,,
4NO5,B,not_within_helix_or_ligand_cutoff,98,,,
4NQC,B,not_within_helix_or_ligand_cutoff,96,,,
4NQD,B,not_within_helix_or_ligand_cutoff,96,,,
4NQE,B,not_within_helix_or_ligand_cutoff,96,,,
4NQV,B,not_within_helix_or_ligand_cutoff,100,,,
4NQX,B,not_within_helix_or_ligand_cutoff,100,,,
4NT6,B,not_within_helix_or_ligand_cutoff,99,,,
4O2C,B,not_within_helix_or_ligand_cutoff,99,,,
4O2E,B,not_within_helix_or_ligand_cutoff,99,,,
4O2F,B,not_within_helix_or_ligand_cutoff,99,,,
4PJ5,B,not_within_helix_or_ligand_cutoff,99,,,
4PJ7,B,not_within_helix_or_ligand_cutoff,96,,,
4PJ9,B,not_within_helix_or_ligand_cutoff,98,,,
4PJA,B,not_within_helix_or_ligand_cutoff,96,,,
4PJB,B,not_within_helix_or_ligand_cutoff,96,,,
4PJC,B,not_within_helix_or_ligand_cutoff,96,,,
4PJD,B,not_within_helix_or_ligand_cutoff,96,,,
4PJE,B,not_within_helix_or_ligand_cutoff,99,,,
4PJF,B,not_within_helix_or_ligand_cutoff,99,,,
4PJG,B,not_within_helix_or_ligand_cutoff,99,,,
4PJH,B,not_within_helix_or_ligand_cutoff,99,,,
4PJI,B,not_within_helix_or_ligand_cutoff,99,,,
4PJX,B,not_within_helix_or_ligand_cutoff,99,,,
4PR5,B,not_within_helix_or_ligand_cutoff,99,,,
4PRA,B,not_within_helix_or_ligand_cutoff,99,,,
4PRB,B,not_within_helix_or_ligand_cutoff,99,,,
4PRD,B,not_within_helix_or_ligand_cutoff,99,,,
4PRE,B,not_within_helix_or_ligand_cutoff,99,,,
4PRH,B,not_within_helix_or_ligand_cutoff,86,,,
4PRI,B,not_within_helix_or_ligand_cutoff,99,,,
4PRN,B,not_within_helix_or_ligand_cutoff,99,,,
4PRP,B,not_within_helix_or_ligand_cutoff,99,,,
4QOK,B,not_within_helix_or_ligand_cutoff,100,,,
4QRP,B,not_within_helix_or_ligand_cutoff,99,,,
4QRQ,B,not_within_helix_or_ligand_cutoff,100,,,
4QRR,B,not_within_helix_or_ligand_cutoff,99,,,
4QRS,B,not_within_helix_or_ligand_cutoff,100,,,
4QRT,B,not_within_helix_or_ligand_cutoff,100,,,
4QRU,B,not_within_helix_or_ligand_cutoff,99,,,
4U1H,B,not_within_helix_or_ligand_cutoff,100,,,
4U1I,B,not_within_helix_or_ligand_cutoff,100,,,
4U1J,B,not_within_helix_or_ligand_cutoff,100,,,
4U1K,B,not_within_helix_or_ligand_cutoff,100,,,
4U1L,B,not_within_helix_or_ligand_cutoff,100,,,
4U1M,B,not_within_helix_or_ligand_cutoff,100,,,
4U1N,B,not_within_helix_or_ligand_cutoff,100,,,
4U1S,B,not_within_helix_or_ligand_cutoff,100,,,
4U6X,B,not_within_helix_or_ligand_cutoff,100,,,
4U6Y,B,not_within_helix_or_ligand_cutoff,97,,,
4UQ2,B,not_within_helix_or_ligand_cutoff,99,,,
4UQ3,B,not_within_helix_or_ligand_cutoff,100,,,
4WJ5,B,not_within_helix_or_ligand_cutoff,100,,,
4WO4,B,not_within_helix_or_ligand_cutoff,98,,,
4WU5,B,not_within_helix_or_ligand_cutoff,99,,,
4WU7,B,not_within_helix_or_ligand_cutoff,99,,,
4WUU,B,not_within_helix_or_ligand_cutoff,99,,,
4WW2,D,not_within_helix_or_ligand_cutoff,96,,,
4WWK,D,not_within_helix_or_ligand_cutoff,99,,,
4X6C,B,not_within_helix_or_ligand_cutoff,98,,,
4X6D,B,not_within_helix_or_ligand_cutoff,86,,,
4X6E,B,not_within_helix_or_ligand_cutoff,99,,,
4X6F,B,not_within_helix_or_ligand_cutoff,98,,,
4XXC,C,not_within_helix_or_ligand_cutoff,100,,,
5B38,B,not_within_helix_or_ligand_cutoff,99,,,
5B39,B,not_within_helix_or_ligand_cutoff,98,,,
5BJT,B,not_within_helix_or_ligand_cutoff,99,,,
5BRZ,B,not_within_helix_or_ligand_cutoff,100,,,
5BS0,B,not_within_helix_or_ligand_cutoff,100,,,
5BXF,B,not_within_helix_or_ligand_cutoff,99,,,
5C07,B,not_within_helix_or_ligand_cutoff,100,,,
5C08,B,not_within_helix_or_ligand_cutoff,100,,,
5C09,B,not_within_helix_or_ligand_cutoff,100,,,
5C0A,B,not_within_helix_or_ligand_cutoff,100,,,
5C0B,B,not_within_helix_or_ligand_cutoff,100,,,
5C0C,B,not_within_helix_or_ligand_cutoff,100,,,
5C0D,B,not_within_helix_or_ligand_cutoff,100,,,
5C0E,B,not_within_helix_or_ligand_cutoff,100,,,
5C0F,B,not_within_helix_or_ligand_cutoff,100,,,
5C0G,B,not_within_helix_or_ligand_cutoff,100,,,
5C0I,B,not_within_helix_or_ligand_cutoff,100,,,
5C0J,B,not_within_helix_or_ligand_cutoff,100,,,
5C9J,B,not_within_helix_or_ligand_cutoff,99,,,
5D2L,B,not_within_helix_or_ligand_cutoff,99,,,
5D2N,E,not_within_helix_or_ligand_cutoff,100,,,
5D5M,B,not_within_helix_or_ligand_cutoff,98,,,
5D7I,B,not_within_helix_or_ligand_cutoff,99,,,
5D7J,D,not_within_helix_or_ligand_cutoff,98,,,
5D7L,B,not_within_helix_or_ligand_cutoff,98,,,
5D9S,B,not_within_helix_or_ligand_cutoff,99,,,
5DDH,B,not_within_helix_or_ligand_cutoff,99,,,
5DEF,B,not_within_helix_or_ligand_cutoff,100,,,
5DEG,B,not_within_helix_or_ligand_cutoff,100,,,
5E00,B,not_within_helix_or_ligand_cutoff,100,,,
5E6I,D,not_within_helix_or_ligand_cutoff,96,,,
5E9D,B,not_within_helix_or_ligand_cutoff,98,,,
5ENW,B,not_within_helix_or_ligand_cutoff,99,,,
5EO0,B,not_within_helix_or_ligand_cutoff,99,,,
5EO1,B,not_within_helix_or_ligand_cutoff,100,,,
5EOT,B,not_within_helix_or_ligand_cutoff,100,,,
5EU3,B,not_within_helix_or_ligand_cutoff,100,,,
5EU4,B,not_within_helix_or_ligand_cutoff,100,,,
5EU5,B,not_within_helix_or_ligand_cutoff,100,,,
5EU6,B,not_within_helix_or_ligand_cutoff,100,,,
5EUO,B,not_within_helix_or_ligand_cutoff,100,,,
5F7D,B,not_within_helix_or_ligand_cutoff,99,,,
5F9J,B,not_within_helix_or_ligand_cutoff,98,,,
5FA3,B,not_within_helix_or_ligand_cutoff,99,,,
5FA4,B,not_within_helix_or_ligand_cutoff,99,,,
5FDW,B,not_within_helix_or_ligand_cutoff,100,,,
5GRD,B,not_within_helix_or_ligand_cutoff,99,,,
5GRG,B,not_within_helix_or_ligand_cutoff,99,,,
5GSD,B,not_within_helix_or_ligand_cutoff,99,,,
5HGA,B,not_within_helix_or_ligand_cutoff,100,,,
5HGB,B,not_within_helix_or_ligand_cutoff,100,,,
5HGD,B,not_within_helix_or_ligand_cutoff,100,,,
5HGH,B,not_within_helix_or_ligand_cutoff,100,,,
5HHM,B,not_within_helix_or_ligand_cutoff,98,,,
5HHN,B,not_within_helix_or_ligand_cutoff,99,,,
5HHO,B,not_within_helix_or_ligand_cutoff,100,,,
5HHP,B,not_within_helix_or_ligand_cutoff,100,,,
5HHQ,B,not_within_helix_or_ligand_cutoff,99,,,
5HYJ,B,not_within_helix_or_ligand_cutoff,100,,,
5IB1,B,not_within_helix_or_ligand_cutoff,100,,,
5IB2,B,not_within_helix_or_ligand_cutoff,99,,,
5IB3,B,not_within_helix_or_ligand_cutoff,100,,,
5IB4,B,not_within_helix_or_ligand_cutoff,100,,,
5IB5,B,not_within_helix_or_ligand_cutoff,100,,,
5IEH,B,not_within_helix_or_ligand_cutoff,98,,,
5IEK,B,not_within_helix_or_ligand_cutoff,100,,,
5IM7,B,not_within_helix_or_ligand_cutoff,99,,,
5INC,B,not_within_helix_or_ligand_cutoff,99,,,
5IND,B,not_within_helix_or_ligand_cutoff,99,,,
5IRO,C,not_within_helix_or_ligand_cutoff,96,,,
5ISZ,B,not_within_helix_or_ligand_cutoff,98,,,
5IUE,B,not_within_helix_or_ligand_cutoff,100,,,
5J1A,B,not_within_helix_or_ligand_cutoff,98,,,
5JHD,B,not_within_helix_or_ligand_cutoff,100,,,
5JZI,B,not_within_helix_or_ligand_cutoff,99,,,
5KNM,B,not_within_helix_or_ligand_cutoff,101,,,
5KNM,C,not_within_helix_or_ligand_cutoff,187,,,
5L2J,B,not_within_helix_or_ligand_cutoff,97,,,
5L2K,B,not_within_helix_or_ligand_cutoff,98,,,
5MEN,B,not_within_helix_or_ligand_cutoff,100,,,
5MEO,B,not_within_helix_or_ligand_cutoff,100,,,
5MEP,B,not_within_helix_or_ligand_cutoff,100,,,
5MEQ,B,not_within_helix_or_ligand_cutoff,100,,,
5MER,B,not_within_helix_or_ligand_cutoff,100,,,
5N1Y,B,not_within_helix_or_ligand_cutoff,100,,,
5N6B,B,not_within_helix_or_ligand_cutoff,100,,,
5NHT,D,not_within_helix_or_ligand_cutoff,100,,,
5NME,B,not_within_helix_or_ligand_cutoff,100,,,
5NMF,B,not_within_helix_or_ligand_cutoff,99,,,
5NMG,B,not_within_helix_or_ligand_cutoff,100,,,
5NMH,B,not_within_helix_or_ligand_cutoff,99,,,
5NMK,B,not_within_helix_or_ligand_cutoff,100,,,
5NQK,D,not_within_helix_or_ligand_cutoff,100,,,
5SWQ,B,not_within_helix_or_ligand_cutoff,99,,,
5T6W,B,not_within_helix_or_ligand_cutoff,99,,,
5T6X,B,not_within_helix_or_ligand_cutoff,99,,,
5T6Y,B,not_within_helix_or_ligand_cutoff,99,,,
5T6Z,B,not_within_helix_or_ligand_cutoff,99,,,
5T70,B,not_within_helix_or_ligand_cutoff,99,,,
5TEZ,B,not_within_helix_or_ligand_cutoff,100,,,
5TXS,B,not_within_helix_or_ligand_cutoff,100,,,
5U16,B,not_within_helix_or_ligand_cutoff,96,,,
5U17,D,not_within_helix_or_ligand_cutoff,99,,,
5U1R,D,not_within_helix_or_ligand_cutoff,97,,,
5U2V,B,not_within_helix_or_ligand_cutoff,99,,,
5U6Q,D,not_within_helix_or_ligand_cutoff,97,,,
5U72,D,not_within_helix_or_ligand_cutoff,97,,,
5U98,B,not_within_helix_or_ligand_cutoff,99,,,
5V5L,B,not_within_helix_or_ligand_cutoff,100,,,
5V5M,B,not_within_helix_or_ligand_cutoff,99,,,
5VGD,B,not_within_helix_or_ligand_cutoff,100,,,
5VGE,B,not_within_helix_or_ligand_cutoff,100,,,
5VUD,B,not_within_helix_or_ligand_cutoff,97,,,
5VUE,B,not_within_helix_or_ligand_cutoff,97,,,
5VUF,B,not_within_helix_or_ligand_cutoff,97,,,
5VVP,B,not_within_helix_or_ligand_cutoff,97,,,
5VWD,B,not_within_helix_or_ligand_cutoff,99,,,
5VWF,B,not_within_helix_or_ligand_cutoff,97,,,
5VWH,B,not_within_helix_or_ligand_cutoff,100,,,
5VWJ,B,not_within_helix_or_ligand_cutoff,99,,,
5VZ5,B,not_within_helix_or_ligand_cutoff,100,,,
5W1V,B,not_within_helix_or_ligand_cutoff,100,,,
5W1W,B,not_within_helix_or_ligand_cutoff,100,,,
5W67,B,not_within_helix_or_ligand_cutoff,99,,,
5W69,B,not_within_helix_or_ligand_cutoff,100,,,
5W6A,B,not_within_helix_or_ligand_cutoff,100,,,
5WHK,B,not_within_helix_or_ligand_cutoff,99,,,
5WJL,B,not_within_helix_or_ligand_cutoff,100,,,
5WJN,B,not_within_helix_or_ligand_cutoff,100,,,
5WKE,B,not_within_helix_or_ligand_cutoff,99,,,
5WKF,B,not_within_helix_or_ligand_cutoff,99,,,
5WKG,B,not_within_helix_or_ligand_cutoff,97,,,
5WKH,B,not_within_helix_or_ligand_cutoff,99,,,
5WKI,B,not_within_helix_or_ligand_cutoff,97,,,
5WL1,B,not_within_helix_or_ligand_cutoff,98,,,
5WMN,B,not_within_helix_or_ligand_cutoff,99,,,
5WMO,B,not_within_helix_or_ligand_cutoff,100,,,
5WMP,B,not_within_helix_or_ligand_cutoff,99,,,
5WMQ,B,not_within_helix_or_ligand_cutoff,99,,,
5WMR,B,not_within_helix_or_ligand_cutoff,100,,,
5WSH,B,not_within_helix_or_ligand_cutoff,100,,,
5WWI,B,not_within_helix_or_ligand_cutoff,100,,,
5WWJ,B,not_within_helix_or_ligand_cutoff,99,,,
5WWU,B,not_within_helix_or_ligand_cutoff,99,,,
5WXC,B,not_within_helix_or_ligand_cutoff,99,,,
5WXD,B,not_within_helix_or_ligand_cutoff,100,,,
5XOS,B,not_within_helix_or_ligand_cutoff,99,,,
5XOT,B,not_within_helix_or_ligand_cutoff,99,,,
5XOV,B,not_within_helix_or_ligand_cutoff,100,,,
5XS3,B,not_within_helix_or_ligand_cutoff,98,,,
5YXN,D,not_within_helix_or_ligand_cutoff,100,,,
5YXU,D,not_within_helix_or_ligand_cutoff,99,,,
6AEE,B,not_within_helix_or_ligand_cutoff,100,,,
6AEE,D,not_within_helix_or_ligand_cutoff,369,,,
6AM5,B,not_within_helix_or_ligand_cutoff,100,,,
6AMT,B,not_within_helix_or_ligand_cutoff,100,,,
6AMU,B,not_within_helix_or_ligand_cutoff,100,,,
6AT5,B,not_within_helix_or_ligand_cutoff,99,,,
6AT9,B,not_within_helix_or_ligand_cutoff,100,,,
6AVF,D,not_within_helix_or_ligand_cutoff,93,,,
6AVG,D,not_within_helix_or_ligand_cutoff,99,,,
6BJ2,B,not_within_helix_or_ligand_cutoff,98,,,
6BJ3,B,not_within_helix_or_ligand_cutoff,99,,,
6BJ8,B,not_within_helix_or_ligand_cutoff,96,,,
6BXP,B,not_within_helix_or_ligand_cutoff,99,,,
6BXQ,C,not_within_helix_or_ligand_cutoff,100,,,
6C09,B,not_within_helix_or_ligand_cutoff,98,,,
6C15,B,not_within_helix_or_ligand_cutoff,99,,,
6C97,B,not_within_helix_or_ligand_cutoff,99,,,
6C98,B,not_within_helix_or_ligand_cutoff,100,,,
6C99,B,not_within_helix_or_ligand_cutoff,99,,,
6CUG,B,not_within_helix_or_ligand_cutoff,97,,,
6D29,B,not_within_helix_or_ligand_cutoff,100,,,
6D2B,B,not_within_helix_or_ligand_cutoff,100,,,
6D2R,B,not_within_helix_or_ligand_cutoff,100,,,
6D2T,B,not_within_helix_or_ligand_cutoff,100,,,
6D64,B,not_within_helix_or_ligand_cutoff,100,,,
6D78,B,not_within_helix_or_ligand_cutoff,100,,,
6DKP,B,not_within_helix_or_ligand_cutoff,99,,,
6EI2,B,not_within_helix_or_ligand_cutoff,100,,,
6EQA,B,not_within_helix_or_ligand_cutoff,100,,,
6EQB,B,not_within_helix_or_ligand_cutoff,100,,,
6EWA,B,not_within_helix_or_ligand_cutoff,99,,,
6EWA,D,not_within_helix_or_ligand_cutoff,169,,,
6EWC,B,not_within_helix_or_ligand_cutoff,99,,,
6EWC,D,not_within_helix_or_ligand_cutoff,186,,,
6EWO,B,not_within_helix_or_ligand_cutoff,99,,,
6EWO,D,not_within_helix_or_ligand_cutoff,184,,,
6FGB,B,not_within_helix_or_ligand_cutoff,99,,,
6FGB,C,not_within_helix_or_ligand_cutoff,217,,,
6G3J,B,not_within_helix_or_ligand_cutoff,100,,,
6G3K,B,not_within_helix_or_ligand_cutoff,100,,,
6GGM,B,not_within_helix_or_ligand_cutoff,100,,,
6GH1,B,not_within_helix_or_ligand_cutoff,100,,,
6GH4,B,not_within_helix_or_ligand_cutoff,100,,,
6GHN,B,not_within_helix_or_ligand_cutoff,100,,,
6GL1,B,not_within_helix_or_ligand_cutoff,100,,,
6ID4,B,not_within_helix_or_ligand_cutoff,99,,,
6ID4,C,not_within_helix_or_ligand_cutoff,216,,,
6ID4,D,not_within_helix_or_ligand_cutoff,216,,,
6IEX,B,not_within_helix_or_ligand_cutoff,99,,,
6ILM,F,not_within_helix_or_ligand_cutoff,238,,,
6ILM,G,not_within_helix_or_ligand_cutoff,99,,,
6J1V,B,not_within_helix_or_ligand_cutoff,99,,,
6J1W,B,not_within_helix_or_ligand_cutoff,99,,,
6J29,B,not_within_helix_or_ligand_cutoff,99,,,
6J2A,B,not_within_helix_or_ligand_cutoff,99,,,
6JOZ,B,not_within_helix_or_ligand_cutoff,99,,,
6JP3,B,not_within_helix_or_ligand_cutoff,99,,,
6JTN,B,not_within_helix_or_ligand_cutoff,98,,,
6JTO,B,not_within_helix_or_ligand_cutoff,98,,,
6JTP,B,not_within_helix_or_ligand_cutoff,98,,,
6K60,B,not_within_helix_or_ligand_cutoff,100,,,
6K60,D,not_within_helix_or_ligand_cutoff,141,,,
6LA6,D,not_within_helix_or_ligand_cutoff,251,,,
6LA6,E,not_within_helix_or_ligand_cutoff,238,,,
6LA6,G,not_within_helix_or_ligand_cutoff,99,,,
6LA6,C,not_within_helix_or_ligand_cutoff,285,,,
6LA7,E,not_within_helix_or_ligand_cutoff,238,,,
6LA7,G,not_within_helix_or_ligand_cutoff,99,,,
6LA7,C,not_within_helix_or_ligand_cutoff,285,,,
6LA7,F,not_within_helix_or_ligand_cutoff,238,,,
6MPP,C,not_within_helix_or_ligand_cutoff,100,,,
6MT3,C,not_within_helix_or_ligand_cutoff,100,,,
6MT4,B,not_within_helix_or_ligand_cutoff,96,,,
6MT5,B,not_within_helix_or_ligand_cutoff,99,,,
6MT6,C,not_within_helix_or_ligand_cutoff,99,,,
6MTL,B,not_within_helix_or_ligand_cutoff,99,,,
6MTM,B,not_within_helix_or_ligand_cutoff,99,,,
6MWR,B,not_within_helix_or_ligand_cutoff,97,,,
6MWR,C,not_within_helix_or_ligand_cutoff,222,,,
6MWR,D,not_within_helix_or_ligand_cutoff,205,,,
6NCA,C,not_within_helix_or_ligand_cutoff,100,,,
6NHA,B,not_within_helix_or_ligand_cutoff,99,,,
6NHA,C,not_within_helix_or_ligand_cutoff,212,,,
6NUX,B,not_within_helix_or_ligand_cutoff,104,,,
6O4Y,B,not_within_helix_or_ligand_cutoff,99,,,
6O4Z,B,not_within_helix_or_ligand_cutoff,99,,,
6O51,B,not_within_helix_or_ligand_cutoff,99,,,
6O53,B,not_within_helix_or_ligand_cutoff,99,,,
6O9B,B,not_within_helix_or_ligand_cutoff,101,,,
6O9C,B,not_within_helix_or_ligand_cutoff,100,,,
6OPD,B,not_within_helix_or_ligand_cutoff,100,,,
6P23,B,not_within_helix_or_ligand_cutoff,99,,,
6P27,B,not_within_helix_or_ligand_cutoff,99,,,
6P2C,B,not_within_helix_or_ligand_cutoff,99,,,
6P2F,B,not_within_helix_or_ligand_cutoff,100,,,
6P2S,B,not_within_helix_or_ligand_cutoff,100,,,
6P64,B,not_within_helix_or_ligand_cutoff,100,,,
6PA1,B,not_within_helix_or_ligand_cutoff,99,,,
6PAG,B,not_within_helix_or_ligand_cutoff,100,,,
6PBH,B,not_within_helix_or_ligand_cutoff,97,,,
6PTB,B,not_within_helix_or_ligand_cutoff,100,,,
6PTE,B,not_within_helix_or_ligand_cutoff,100,,,
6PUC,B,not_within_helix_or_ligand_cutoff,98,,,
6PUD,B,not_within_helix_or_ligand_cutoff,98,,,
6PUE,B,not_within_helix_or_ligand_cutoff,96,,,
6PUF,B,not_within_helix_or_ligand_cutoff,97,,,
6PUG,B,not_within_helix_or_ligand_cutoff,98,,,
6PUH,D,not_within_helix_or_ligand_cutoff,98,,,
6PUI,D,not_within_helix_or_ligand_cutoff,98,,,
6PUJ,D,not_within_helix_or_ligand_cutoff,97,,,
6PUK,D,not_within_helix_or_ligand_cutoff,98,,,
6PUL,D,not_within_helix_or_ligand_cutoff,98,,,
6PUM,B,not_within_helix_or_ligand_cutoff,98,,,
6PVC,B,not_within_helix_or_ligand_cutoff,98,,,
6PVD,B,not_within_helix_or_ligand_cutoff,98,,,
6PYJ,B,not_within_helix_or_ligand_cutoff,99,,,
6PYL,B,not_within_helix_or_ligand_cutoff,100,,,
6PYV,B,not_within_helix_or_ligand_cutoff,99,,,
6PYW,B,not_within_helix_or_ligand_cutoff,100,,,
6PZ5,B,not_within_helix_or_ligand_cutoff,99,,,
6Q3K,B,not_within_helix_or_ligand_cutoff,100,,,
6Q3S,B,not_within_helix_or_ligand_cutoff,100,,,
6QIO,C,not_within_helix_or_ligand_cutoff,100,,,
6QIP,C,not_within_helix_or_ligand_cutoff,100,,,
6R2L,B,not_within_helix_or_ligand_cutoff,100,,,
6RP9,B,not_within_helix_or_ligand_cutoff,100,,,
6RPA,B,not_within_helix_or_ligand_cutoff,99,,,
6RPB,B,not_within_helix_or_ligand_cutoff,100,,,
6RSY,B,not_within_helix_or_ligand_cutoff,100,,,
6SS7,B,not_within_helix_or_ligand_cutoff,100,,,
6SS8,B,not_within_helix_or_ligand_cutoff,100,,,
6SS9,B,not_within_helix_or_ligand_cutoff,100,,,
6SSA,B,not_within_helix_or_ligand_cutoff,100,,,
6TDO,B,not_within_helix_or_ligand_cutoff,99,,,
6TDP,B,not_within_helix_or_ligand_cutoff,99,,,
6TDQ,B,not_within_helix_or_ligand_cutoff,100,,,
6TDR,B,not_within_helix_or_ligand_cutoff,100,,,
6TDS,B,not_within_helix_or_ligand_cutoff,100,,,
6TMO,B,not_within_helix_or_ligand_cutoff,100,,,
6TRN,B,not_within_helix_or_ligand_cutoff,98,,,
6TRO,B,not_within_helix_or_ligand_cutoff,100,,,
6UJ7,B,not_within_helix_or_ligand_cutoff,101,,,
6UJ8,B,not_within_helix_or_ligand_cutoff,101,,,
6UJ9,B,not_within_helix_or_ligand_cutoff,100,,,
6UJO,B,not_within_helix_or_ligand_cutoff,100,,,
6UJQ,B,not_within_helix_or_ligand_cutoff,100,,,
6UK2,B,not_within_helix_or_ligand_cutoff,100,,,
6UK4,B,not_within_helix_or_ligand_cutoff,100,,,
6ULI,B,not_within_helix_or_ligand_cutoff,99,,,
6ULK,B,not_within_helix_or_ligand_cutoff,100,,,
6ULN,B,not_within_helix_or_ligand_cutoff,99,,,
6ULR,B,not_within_helix_or_ligand_cutoff,99,,,
6UON,B,not_within_helix_or_ligand_cutoff,97,,,
6UZ1,B,not_within_helix_or_ligand_cutoff,100,,,
6UZ1,D,not_within_helix_or_ligand_cutoff,108,,,
6UZ1,E,not_within_helix_or_ligand_cutoff,112,,,
6UZM,B,not_within_helix_or_ligand_cutoff,99,,,
6UZN,B,not_within_helix_or_ligand_cutoff,100,,,
6UZO,B,not_within_helix_or_ligand_cutoff,100,,,
6UZP,B,not_within_helix_or_ligand_cutoff,100,,,
6UZQ,B,not_within_helix_or_ligand_cutoff,100,,,
6UZS,B,not_within_helix_or_ligand_cutoff,100,,,
6V2O,B,not_within_helix_or_ligand_cutoff,100,,,
6V2P,B,not_within_helix_or_ligand_cutoff,100,,,
6V2Q,B,not_within_helix_or_ligand_cutoff,100,,,
6V3J,B,not_within_helix_or_ligand_cutoff,100,,,
6V7Y,B,not_within_helix_or_ligand_cutoff,100,,,
6V7Z,B,not_within_helix_or_ligand_cutoff,99,,,
6V80,B,not_within_helix_or_ligand_cutoff,98,,,
6VB0,B,not_within_helix_or_ligand_cutoff,100,,,
6VB1,B,not_within_helix_or_ligand_cutoff,99,,,
6VB2,B,not_within_helix_or_ligand_cutoff,96,,,
6VB3,B,not_within_helix_or_ligand_cutoff,100,,,
6VB4,B,not_within_helix_or_ligand_cutoff,99,,,
6VB5,B,not_within_helix_or_ligand_cutoff,99,,,
6VB6,B,not_within_helix_or_ligand_cutoff,99,,,
6VB7,B,not_within_helix_or_ligand_cutoff,100,,,
6VIU,B,not_within_helix_or_ligand_cutoff,99,,,
6VM7,B,not_within_helix_or_ligand_cutoff,100,,,
6VM8,B,not_within_helix_or_ligand_cutoff,100,,,
6VM9,B,not_within_helix_or_ligand_cutoff,100,,,
6VMA,B,not_within_helix_or_ligand_cutoff,100,,,
6VMC,B,not_within_helix_or_ligand_cutoff,100,,,
6VMX,B,not_within_helix_or_ligand_cutoff,100,,,
6VPZ,B,not_within_helix_or_ligand_cutoff,100,,,
6VQ2,B,not_within_helix_or_ligand_cutoff,100,,,
6VQD,B,not_within_helix_or_ligand_cutoff,99,,,
6VQE,B,not_within_helix_or_ligand_cutoff,100,,,
6VQO,B,not_within_helix_or_ligand_cutoff,100,,,
6VQY,B,not_within_helix_or_ligand_cutoff,99,,,
6VQZ,B,not_within_helix_or_ligand_cutoff,99,,,
6VR1,B,not_within_helix_or_ligand_cutoff,100,,,
6VR5,B,not_within_helix_or_ligand_cutoff,98,,,
6VRM,B,not_within_helix_or_ligand_cutoff,100,,,
6VRN,B,not_within_helix_or_ligand_cutoff,100,,,
6W51,B,not_within_helix_or_ligand_cutoff,99,,,
6W51,D,not_within_helix_or_ligand_cutoff,223,,,
6W51,E,not_within_helix_or_ligand_cutoff,214,,,
6W9U,B,not_within_helix_or_ligand_cutoff,98,,,
6W9V,B,not_within_helix_or_ligand_cutoff,98,,,
6WNA,B,not_within_helix_or_ligand_cutoff,99,,,
6WOL,B,not_within_helix_or_ligand_cutoff,99,,,
6XQA,B,not_within_helix_or_ligand_cutoff,99,,,
6XQP,B,not_within_helix_or_ligand_cutoff,100,,,
6Y26,B,not_within_helix_or_ligand_cutoff,100,,,
6Y27,B,not_within_helix_or_ligand_cutoff,100,,,
6Y28,B,not_within_helix_or_ligand_cutoff,100,,,
6Y29,B,not_within_helix_or_ligand_cutoff,100,,,
6Y2A,B,not_within_helix_or_ligand_cutoff,100,,,
6Y2B,B,not_within_helix_or_ligand_cutoff,100,,,
6Z9V,B,not_within_helix_or_ligand_cutoff,100,,,
6Z9W,B,not_within_helix_or_ligand_cutoff,100,,,
6Z9X,B,not_within_helix_or_ligand_cutoff,100,,,
6ZKW,B,not_within_helix_or_ligand_cutoff,100,,,
6ZKX,B,not_within_helix_or_ligand_cutoff,100,,,
6ZKY,B,not_within_helix_or_ligand_cutoff,100,,,
6ZKZ,B,not_within_helix_or_ligand_cutoff,100,,,
7ALO,B,not_within_helix_or_ligand_cutoff,99,,,
7BBG,B,not_within_helix_or_ligand_cutoff,100,,,
7BH8,B,not_within_helix_or_ligand_cutoff,100,,,
7BH8,D,not_within_helix_or_ligand_cutoff,98,,,
7C9V,F,not_within_helix_or_ligand_cutoff,99,,,
7C9V,E,not_within_helix_or_ligand_cutoff,238,,,
7CIQ,B,not_within_helix_or_ligand_cutoff,100,,,
7CIR,B,not_within_helix_or_ligand_cutoff,100,,,
7CIS,B,not_within_helix_or_ligand_cutoff,100,,,
7DUU,B,not_within_helix_or_ligand_cutoff,100,,,
7DYN,B,not_within_helix_or_ligand_cutoff,99,,,
7DZN,B,not_within_helix_or_ligand_cutoff,100,,,
7EJL,B,not_within_helix_or_ligand_cutoff,103,,,
7EJM,B,not_within_helix_or_ligand_cutoff,103,,,
7EJN,B,not_within_helix_or_ligand_cutoff,106,,,
7EU2,B,not_within_helix_or_ligand_cutoff,100,,,
7F4W,B,not_within_helix_or_ligand_cutoff,100,,,
7JYU,B,not_within_helix_or_ligand_cutoff,99,,,
7JYV,B,not_within_helix_or_ligand_cutoff,100,,,
7JYW,B,not_within_helix_or_ligand_cutoff,100,,,
7JYX,B,not_within_helix_or_ligand_cutoff,98,,,
7K80,B,not_within_helix_or_ligand_cutoff,100,,,
7K81,B,not_within_helix_or_ligand_cutoff,100,,,
7KGO,B,not_within_helix_or_ligand_cutoff,98,,,
7KGP,B,not_within_helix_or_ligand_cutoff,98,,,
7KGQ,B,not_within_helix_or_ligand_cutoff,99,,,
7KGR,B,not_within_helix_or_ligand_cutoff,98,,,
7KGS,B,not_within_helix_or_ligand_cutoff,99,,,
7KGT,B,not_within_helix_or_ligand_cutoff,99,,,
7KOZ,B,not_within_helix_or_ligand_cutoff,104,,,
7KP0,B,not_within_helix_or_ligand_cutoff,104,,,
7KP1,B,not_within_helix_or_ligand_cutoff,104,,,
7L1B,B,not_within_helix_or_ligand_cutoff,99,,,
7L1C,B,not_within_helix_or_ligand_cutoff,99,,,
7L1D,B,not_within_helix_or_ligand_cutoff,99,,,
7LFZ,B,not_within_helix_or_ligand_cutoff,100,,,
7LG0,B,not_within_helix_or_ligand_cutoff,100,,,
7LG2,B,not_within_helix_or_ligand_cutoff,100,,,
7LG3,B,not_within_helix_or_ligand_cutoff,100,,,
7LGD,B,not_within_helix_or_ligand_cutoff,100,,,
7LGT,B,not_within_helix_or_ligand_cutoff,99,,,
7LLI,B,not_within_helix_or_ligand_cutoff,98,,,
7LLJ,B,not_within_helix_or_ligand_cutoff,97,,,
7M8S,B,not_within_helix_or_ligand_cutoff,100,,,
7M8T,B,not_within_helix_or_ligand_cutoff,100,,,
7M8U,B,not_within_helix_or_ligand_cutoff,99,,,
7MJ6,B,not_within_helix_or_ligand_cutoff,99,,,
7MJ7,B,not_within_helix_or_ligand_cutoff,98,,,
7MJ8,B,not_within_helix_or_ligand_cutoff,99,,,
7MJ9,B,not_within_helix_or_ligand_cutoff,100,,,
7MJA,B,not_within_helix_or_ligand_cutoff,99,,,
7MKB,B,not_within_helix_or_ligand_cutoff,100,,,
7MLE,B,not_within_helix_or_ligand_cutoff,100,,,
7MX4,B,not_within_helix_or_ligand_cutoff,105,,,
7MXF,B,not_within_helix_or_ligand_cutoff,104,,,
7MXH,B,not_within_helix_or_ligand_cutoff,103,,,
7N1A,B,not_within_helix_or_ligand_cutoff,100,,,
7N1B,B,not_within_helix_or_ligand_cutoff,100,,,
7N1E,B,not_within_helix_or_ligand_cutoff,100,,,
7N1F,B,not_within_helix_or_ligand_cutoff,100,,,
7N2N,B,not_within_helix_or_ligand_cutoff,100,,,
7N2O,B,not_within_helix_or_ligand_cutoff,100,,,
7N2P,B,not_within_helix_or_ligand_cutoff,100,,,
7N2Q,B,not_within_helix_or_ligand_cutoff,100,,,
7N2R,B,not_within_helix_or_ligand_cutoff,100,,,
7N2S,B,not_within_helix_or_ligand_cutoff,100,,,
7N6D,B,not_within_helix_or_ligand_cutoff,99,,,
7N6E,B,not_within_helix_or_ligand_cutoff,99,,,
7NDQ,B,not_within_helix_or_ligand_cutoff,100,,,
7NDT,B,not_within_helix_or_ligand_cutoff,99,,,
7NDU,B,not_within_helix_or_ligand_cutoff,100,,,
7NMD,B,not_within_helix_or_ligand_cutoff,100,,,
7NME,B,not_within_helix_or_ligand_cutoff,100,,,
7NMF,B,not_within_helix_or_ligand_cutoff,100,,,
7NMG,B,not_within_helix_or_ligand_cutoff,100,,,
7OW3,B,not_within_helix_or_ligand_cutoff,100,,,
7OW4,B,not_within_helix_or_ligand_cutoff,100,,,
7OW5,B,not_within_helix_or_ligand_cutoff,99,,,
7OW6,B,not_within_helix_or_ligand_cutoff,99,,,
7P3D,B,not_within_helix_or_ligand_cutoff,100,,,
7P3E,B,not_within_helix_or_ligand_cutoff,100,,,
7P49,B,not_within_helix_or_ligand_cutoff,100,,,
7P4B,B,not_within_helix_or_ligand_cutoff,100,,,
7PB2,B,not_within_helix_or_ligand_cutoff,98,,,
7PBC,D,not_within_helix_or_ligand_cutoff,99,,,
7PBE,B,not_within_helix_or_ligand_cutoff,100,,,
7PDW,D,not_within_helix_or_ligand_cutoff,100,,,
7PHR,D,not_within_helix_or_ligand_cutoff,99,,,
7Q15,B,not_within_helix_or_ligand_cutoff,99,,,
7Q98,B,not_within_helix_or_ligand_cutoff,100,,,
7Q99,B,not_within_helix_or_ligand_cutoff,100,,,
7Q9A,B,not_within_helix_or_ligand_cutoff,100,,,
7Q9B,B,not_within_helix_or_ligand_cutoff,100,,,
7QPD,B,not_within_helix_or_ligand_cutoff,99,,,
7QPD,E,not_within_helix_or_ligand_cutoff,459,,,
7QPD,C,not_within_helix_or_ligand_cutoff,364,,,
7QPJ,D,not_within_helix_or_ligand_cutoff,100,,,
7R7V,B,not_within_helix_or_ligand_cutoff,100,,,
7R7W,B,not_within_helix_or_ligand_cutoff,100,,,
7R7X,B,not_within_helix_or_ligand_cutoff,100,,,
7R7Y,B,not_within_helix_or_ligand_cutoff,99,,,
7R80,D,not_within_helix_or_ligand_cutoff,100,,,
7RE7,B,not_within_helix_or_ligand_cutoff,100,,,
7RE8,B,not_within_helix_or_ligand_cutoff,100,,,
7RK7,B,not_within_helix_or_ligand_cutoff,90,,,
7RM4,B,not_within_helix_or_ligand_cutoff,100,,,
7RRG,B,not_within_helix_or_ligand_cutoff,100,,,
7RTD,B,not_within_helix_or_ligand_cutoff,100,,,
7RTR,B,not_within_helix_or_ligand_cutoff,100,,,
7RYM,B,not_within_helix_or_ligand_cutoff,99,,,
7RYM,D,not_within_helix_or_ligand_cutoff,129,,,
7RYN,B,not_within_helix_or_ligand_cutoff,99,,,
7RYN,C,not_within_helix_or_ligand_cutoff,238,,,
7RYN,D,not_within_helix_or_ligand_cutoff,173,,,
7RYO,B,not_within_helix_or_ligand_cutoff,99,,,
7RYO,D,not_within_helix_or_ligand_cutoff,192,,,
7RZD,B,not_within_helix_or_ligand_cutoff,100,,,
7RZJ,B,not_within_helix_or_ligand_cutoff,100,,,
7S79,B,not_within_helix_or_ligand_cutoff,100,,,
7S7D,B,not_within_helix_or_ligand_cutoff,100,,,
7S7E,B,not_within_helix_or_ligand_cutoff,100,,,
7S7F,B,not_within_helix_or_ligand_cutoff,100,,,
7S8A,B,not_within_helix_or_ligand_cutoff,100,,,
7S8E,B,not_within_helix_or_ligand_cutoff,100,,,
7S8F,B,not_within_helix_or_ligand_cutoff,100,,,
7S8Q,B,not_within_helix_or_ligand_cutoff,100,,,
7S8R,B,not_within_helix_or_ligand_cutoff,100,,,
7S8S,B,not_within_helix_or_ligand_cutoff,100,,,
7SA2,B,not_within_helix_or_ligand_cutoff,99,,,
7SH4,B,not_within_helix_or_ligand_cutoff,106,,,
7SIF,B,not_within_helix_or_ligand_cutoff,99,,,
7SIG,B,not_within_helix_or_ligand_cutoff,100,,,
7SIH,B,not_within_helix_or_ligand_cutoff,99,,,
7SIS,B,not_within_helix_or_ligand_cutoff,99,,,
7SQP,B,not_within_helix_or_ligand_cutoff,116,,,
7SR0,B,not_within_helix_or_ligand_cutoff,115,,,
7SR3,B,not_within_helix_or_ligand_cutoff,112,,,
7SR4,B,not_within_helix_or_ligand_cutoff,112,,,
7SR5,B,not_within_helix_or_ligand_cutoff,113,,,
7SRK,B,not_within_helix_or_ligand_cutoff,115,,,
7SSH,B,not_within_helix_or_ligand_cutoff,115,,,
7ST3,B,not_within_helix_or_ligand_cutoff,115,,,
7STF,B,not_within_helix_or_ligand_cutoff,101,,,
7STG,B,not_within_helix_or_ligand_cutoff,115,,,
7SU9,D,not_within_helix_or_ligand_cutoff,186,,,
7SU9,E,not_within_helix_or_ligand_cutoff,241,,,
7SU9,B,not_within_helix_or_ligand_cutoff,100,,,
7T0L,B,not_within_helix_or_ligand_cutoff,99,,,
7T0L,D,not_within_helix_or_ligand_cutoff,215,,,
7T0L,E,not_within_helix_or_ligand_cutoff,211,,,
7T5M,B,not_within_helix_or_ligand_cutoff,99,,,
7TLT,B,not_within_helix_or_ligand_cutoff,99,,,
7TR4,B,not_within_helix_or_ligand_cutoff,98,,,
7TUC,B,not_within_helix_or_ligand_cutoff,99,,,
7TUD,B,not_within_helix_or_ligand_cutoff,100,,,
7TUE,B,not_within_helix_or_ligand_cutoff,88,,,
7U1R,B,not_within_helix_or_ligand_cutoff,100,,,
7U21,B,not_within_helix_or_ligand_cutoff,100,,,
7UC5,B,not_within_helix_or_ligand_cutoff,99,,,
7UFJ,B,not_within_helix_or_ligand_cutoff,100,,,
7UM2,B,not_within_helix_or_ligand_cutoff,100,,,
7UMG,B,not_within_helix_or_ligand_cutoff,99,,,
7UMG,C,not_within_helix_or_ligand_cutoff,113,,,
7UMG,D,not_within_helix_or_ligand_cutoff,112,,,
7UR1,B,not_within_helix_or_ligand_cutoff,100,,,
7WJ2,B,not_within_helix_or_ligand_cutoff,100,,,
7WJ3,B,not_within_helix_or_ligand_cutoff,100,,,
7WKJ,B,not_within_helix_or_ligand_cutoff,99,,,
7WT3,B,not_within_helix_or_ligand_cutoff,100,,,
7WT4,B,not_within_helix_or_ligand_cutoff,100,,,
7WT5,B,not_within_helix_or_ligand_cutoff,100,,,
7WZZ,B,not_within_helix_or_ligand_cutoff,99,,,
7X00,B,not_within_helix_or_ligand_cutoff,99,,,
7X1B,B,not_within_helix_or_ligand_cutoff,99,,,
7X1C,B,not_within_helix_or_ligand_cutoff,99,,,
7XF3,B,not_within_helix_or_ligand_cutoff,99,,,
7XXA,E,not_within_helix_or_ligand_cutoff,238,,,
7YG3,C,not_within_helix_or_ligand_cutoff,99,,,
7ZT2,B,not_within_helix_or_ligand_cutoff,98,,,
7ZT3,B,not_within_helix_or_ligand_cutoff,97,,,
7ZT4,B,not_within_helix_or_ligand_cutoff,99,,,
7ZT5,B,not_within_helix_or_ligand_cutoff,99,,,
7ZT7,B,not_within_helix_or_ligand_cutoff,100,,,
7ZT8,B,not_within_helix_or_ligand_cutoff,99,,,
7ZT9,B,not_within_helix_or_ligand_cutoff,98,,,
7ZUC,B,not_within_helix_or_ligand_cutoff,100,,,
8CX4,B,not_within_helix_or_ligand_cutoff,100,,,
8DNT,E,not_within_helix_or_ligand_cutoff,100,,,
8DV4,B,not_within_helix_or_ligand_cutoff,98,,,
8DVG,B,not_within_helix_or_ligand_cutoff,101,,,
8E13,B,not_within_helix_or_ligand_cutoff,100,,,
8E2Z,B,not_within_helix_or_ligand_cutoff,100,,,
8E8I,B,not_within_helix_or_ligand_cutoff,100,,,
8EB2,B,not_within_helix_or_ligand_cutoff,100,,,
8EC5,B,not_within_helix_or_ligand_cutoff,99,,,
8EK5,B,not_within_helix_or_ligand_cutoff,99,,,
8ELG,B,not_within_helix_or_ligand_cutoff,98,,,
8ELH,B,not_within_helix_or_ligand_cutoff,99,,,
8EMF,B,not_within_helix_or_ligand_cutoff,100,,,
8EMG,B,not_within_helix_or_ligand_cutoff,100,,,
8EMI,B,not_within_helix_or_ligand_cutoff,99,,,
8EMJ,B,not_within_helix_or_ligand_cutoff,100,,,
8EMK,B,not_within_helix_or_ligand_cutoff,99,,,
8EN8,B,not_within_helix_or_ligand_cutoff,99,,,
8ENH,B,not_within_helix_or_ligand_cutoff,99,,,
8EO8,B,not_within_helix_or_ligand_cutoff,99,,,
8ERX,B,not_within_helix_or_ligand_cutoff,99,,,
8ES8,D,not_within_helix_or_ligand_cutoff,100,,,
8ES9,D,not_within_helix_or_ligand_cutoff,100,,,
8ESA,B,not_within_helix_or_ligand_cutoff,99,,,
8ESB,B,not_within_helix_or_ligand_cutoff,99,,,
8ESH,B,not_within_helix_or_ligand_cutoff,99,,,
8F5A,B,not_within_helix_or_ligand_cutoff,99,,,
8F7M,B,not_within_helix_or_ligand_cutoff,99,,,
8FJA,B,not_within_helix_or_ligand_cutoff,100,,,
8FJB,B,not_within_helix_or_ligand_cutoff,99,,,
8FU4,B,not_within_helix_or_ligand_cutoff,100,,,
8GLE,B,not_within_helix_or_ligand_cutoff,99,,,
8GLF,B,not_within_helix_or_ligand_cutoff,100,,,
8GLG,B,not_within_helix_or_ligand_cutoff,100,,,
8GLH,B,not_within_helix_or_ligand_cutoff,100,,,
8GLI,B,not_within_helix_or_ligand_cutoff,98,,,
8GOM,B,not_within_helix_or_ligand_cutoff,100,,,
8GON,B,not_within_helix_or_ligand_cutoff,100,,,
8GVB,D,not_within_helix_or_ligand_cutoff,99,,,
8GVG,D,not_within_helix_or_ligand_cutoff,99,,,
8GVI,D,not_within_helix_or_ligand_cutoff,99,,,
8HN4,B,not_within_helix_or_ligand_cutoff,100,,,
8I5C,B,not_within_helix_or_ligand_cutoff,99,,,
8I5D,D,not_within_helix_or_ligand_cutoff,99,,,
8I5E,B,not_within_helix_or_ligand_cutoff,99,,,
8ISN,B,not_within_helix_or_ligand_cutoff,99,,,
8QFY,B,not_within_helix_or_ligand_cutoff,100,,,
8RBU,B,not_within_helix_or_ligand_cutoff,100,,,
8RBV,B,not_within_helix_or_ligand_cutoff,100,,,
8RCV,B,not_within_helix_or_ligand_cutoff,99,,,
8REF,B,not_within_helix_or_ligand_cutoff,98,,,
8RH6,B,not_within_helix_or_ligand_cutoff,99,,,
8RH6,E,not_within_helix_or_ligand_cutoff,98,,,
8RHQ,B,not_within_helix_or_ligand_cutoff,99,,,
8RHQ,D,not_within_helix_or_ligand_cutoff,100,,,
8RJ5,B,not_within_helix_or_ligand_cutoff,100,,,
8RJH,B,not_within_helix_or_ligand_cutoff,100,,,
8RJI,B,not_within_helix_or_ligand_cutoff,100,,,
8RLT,B,not_within_helix_or_ligand_cutoff,100,,,
8RLU,B,not_within_helix_or_ligand_cutoff,100,,,
8RLV,B,not_within_helix_or_ligand_cutoff,100,,,
8RNE,B,not_within_helix_or_ligand_cutoff,100,,,
8RNF,B,not_within_helix_or_ligand_cutoff,100,,,
8RNG,B,not_within_helix_or_ligand_cutoff,100,,,
8RNH,B,not_within_helix_or_ligand_cutoff,100,,,
8ROO,C,not_within_helix_or_ligand_cutoff,100,,,
8ROP,B,not_within_helix_or_ligand_cutoff,100,,,
8RRO,D,not_within_helix_or_ligand_cutoff,98,,,
8RYM,B,not_within_helix_or_ligand_cutoff,98,,,
8RYN,B,not_within_helix_or_ligand_cutoff,97,,,
8RYO,B,not_within_helix_or_ligand_cutoff,99,,,
8RYP,B,not_within_helix_or_ligand_cutoff,100,,,
8RYQ,B,not_within_helix_or_ligand_cutoff,99,,,
8SBK,B,not_within_helix_or_ligand_cutoff,100,,,
8SBL,B,not_within_helix_or_ligand_cutoff,100,,,
8SGB,B,not_within_helix_or_ligand_cutoff,98,,,
8SGM,B,not_within_helix_or_ligand_cutoff,98,,,
8SHI,B,not_within_helix_or_ligand_cutoff,99,,,
8SOS,C,not_within_helix_or_ligand_cutoff,98,,,
8T6M,F,not_within_helix_or_ligand_cutoff,96,,,
8T7R,B,not_within_helix_cutoff,9,,,
8T7R,C,not_within_helix_cutoff,9,,,
8T7R,F,not_within_helix_or_ligand_cutoff,205,,,
8TBV,B,not_within_helix_or_ligand_cutoff,100,,,
8TBW,B,not_within_helix_or_ligand_cutoff,100,,,
8TMU,B,not_within_helix_or_ligand_cutoff,99,,,
8TNJ,D,not_within_helix_or_ligand_cutoff,126,,,
8TNJ,E,not_within_helix_or_ligand_cutoff,107,,,
8TUB,B,not_within_helix_or_ligand_cutoff,99,,,
8TUH,B,not_within_helix_or_ligand_cutoff,100,,,
8U9G,B,not_within_helix_or_ligand_cutoff,100,,,
8UDR,B,not_within_helix_or_ligand_cutoff,99,,,
8V4Z,B,not_within_helix_or_ligand_cutoff,99,,,
8V50,B,not_within_helix_or_ligand_cutoff,99,,,
8V51,B,not_within_helix_or_ligand_cutoff,99,,,
8VCL,B,not_within_helix_or_ligand_cutoff,99,,,
8VJZ,B,not_within_helix_or_ligand_cutoff,99,,,
8VR9,B,not_within_helix_or_ligand_cutoff,100,,,
8VRA,B,not_within_helix_or_ligand_cutoff,99,,,
8VRB,B,not_within_helix_or_ligand_cutoff,99,,,
8WTE,D,not_within_helix_or_ligand_cutoff,99,,,
8WUL,D,not_within_helix_or_ligand_cutoff,99,,,
8XES,B,not_within_helix_or_ligand_cutoff,99,,,
8XFZ,B,not_within_helix_or_ligand_cutoff,99,,,
8XG2,B,not_within_helix_or_ligand_cutoff,99,,,
8XKC,B,not_within_helix_or_ligand_cutoff,99,,,
8XKE,B,not_within_helix_or_ligand_cutoff,100,,,
8Y6X,B,not_within_helix_or_ligand_cutoff,98,,,
8YE4,B,not_within_helix_or_ligand_cutoff,99,,,
8YIV,B,not_within_helix_or_ligand_cutoff,100,,,
8YJ2,B,not_within_helix_or_ligand_cutoff,100,,,
8ZOX,B,not_within_helix_or_ligand_cutoff,96,,,
8ZV9,B,not_within_helix_or_ligand_cutoff,98,,,
9ASF,B,not_within_helix_or_ligand_cutoff,99,,,
9ASG,B,not_within_helix_or_ligand_cutoff,99,,,
9BL2,B,not_within_helix_or_ligand_cutoff,100,,,
9BL3,B,not_within_helix_or_ligand_cutoff,100,,,
9BL4,B,not_within_helix_or_ligand_cutoff,100,,,
9BL5,B,not_within_helix_or_ligand_cutoff,98,,,
9BL6,B,not_within_helix_or_ligand_cutoff,98,,,
9BL9,B,not_within_helix_or_ligand_cutoff,99,,,
9BLA,B,not_within_helix_or_ligand_cutoff,100,,,
9BTX,B,not_within_helix_or_ligand_cutoff,98,,,
9BTY,B,not_within_helix_or_ligand_cutoff,97,,,
9BTZ,B,not_within_helix_or_ligand_cutoff,97,,,
9BU0,B,not_within_helix_or_ligand_cutoff,93,,,
9CGR,B,not_within_helix_or_ligand_cutoff,98,,,
9DL1,E,not_within_helix_or_ligand_cutoff,98,,,
