pdb,chain_id,chain_residue_count,min_distance_to_mhc_helix,min_distance_to_ligand,nearest_ligand_chain,binder_contact_source,classification
1AO7,D,115,2.851,2.542,C,helix+ligand,binder
1AO7,E,209,2.657,3.195,C,helix+ligand,binder
1BD2,D,190,2.64,2.682,C,helix+ligand,binder
1BD2,E,242,3.581,2.8,C,helix+ligand,binder
1DE4,C,635,2.7,,,helix,binder
1DE4,D,635,3.837,,,helix,binder
1EFX,D,197,2.46,3.045,C,helix+ligand,binder
1HYR,C,128,2.417,,,helix,binder
1HYR,B,124,2.792,,,helix,binder
1IM3,D,95,2.75,,,helix,binder
1IM9,D,195,2.565,3.795,C,helix+ligand,binder
1KCG,B,122,2.458,,,helix,binder
1KCG,C,123,2.643,,,helix,binder
1LP9,D,194,2.613,2.761,C,helix+ligand,binder
1LP9,E,237,2.767,3.236,C,helix+ligand,binder
1MI5,D,201,2.945,3.417,C,helix+ligand,binder
1MI5,E,241,2.664,3.06,C,helix+ligand,binder
1OGA,D,200,3.308,3.162,C,helix+ligand,binder
1OGA,E,241,2.861,2.673,C,helix+ligand,binder
1QRN,D,200,2.497,2.59,C,helix+ligand,binder
1QRN,E,243,3.399,3.042,C,helix+ligand,binder
1QSE,D,200,2.668,2.252,C,helix+ligand,binder
1QSE,E,243,3.367,2.549,C,helix+ligand,binder
1QSF,D,200,2.46,2.649,C,helix+ligand,binder
1QSF,E,243,2.869,3.142,C,helix+ligand,binder
1W72,D,223,2.565,2.789,C,helix+ligand,binder
1W72,E,210,2.528,,,helix,binder
2AK4,D,204,2.771,2.472,C,helix+ligand,binder
2AK4,E,241,3.729,2.788,C,helix+ligand,binder
2BNQ,D,203,2.752,2.721,C,helix+ligand,binder
2BNQ,E,241,2.682,2.817,C,helix+ligand,binder
2BNR,D,203,2.836,2.687,C,helix+ligand,binder
2BNR,E,241,2.745,2.788,C,helix+ligand,binder
2ESV,C,199,2.695,2.576,E,helix+ligand,binder
2ESV,D,240,2.902,2.905,E,helix+ligand,binder
2F53,D,193,2.578,2.586,C,helix+ligand,binder
2F53,E,243,3.001,2.712,C,helix+ligand,binder
2F54,D,205,2.451,2.503,C,helix+ligand,binder
2F54,E,241,3.096,2.689,C,helix+ligand,binder
2GJ6,D,200,2.628,2.704,C,helix+ligand,binder
2GJ6,E,243,3.447,2.708,C,helix+ligand,binder
2J8U,D,194,2.58,3.016,C,helix+ligand,binder
2J8U,E,237,2.794,3.35,C,helix+ligand,binder
2JCC,D,194,3.073,2.631,C,helix+ligand,binder
2JCC,E,237,2.832,3.324,C,helix+ligand,binder
2NX5,D,188,2.792,2.782,C,helix+ligand,binder
2NX5,E,243,2.54,2.374,C,helix+ligand,binder
2P5E,D,194,2.797,2.456,C,helix+ligand,binder
2P5E,E,241,2.612,2.67,C,helix+ligand,binder
2P5W,D,192,2.808,2.506,C,helix+ligand,binder
2P5W,E,242,2.584,2.661,C,helix+ligand,binder
2PO6,C,203,2.598,2.437,F,helix+ligand,binder
2PO6,D,244,2.553,,,helix,binder
2PYE,D,195,3.298,2.787,C,helix+ligand,binder
2PYE,E,242,2.71,2.838,C,helix+ligand,binder
2UWE,D,194,2.629,2.65,C,helix+ligand,binder
2UWE,E,237,2.687,3.303,C,helix+ligand,binder
2VLJ,D,199,3.171,3.243,C,helix+ligand,binder
2VLJ,E,240,2.76,2.74,C,helix+ligand,binder
2VLK,D,199,3.443,3.266,C,helix+ligand,binder
2VLK,E,240,2.754,2.733,C,helix+ligand,binder
2VLR,D,199,3.229,3.277,C,helix+ligand,binder
2VLR,E,240,3.202,2.625,C,helix+ligand,binder
2WY3,B,137,2.505,,,helix,binder
2YPL,D,199,2.527,2.548,C,helix+ligand,binder
2YPL,E,238,2.801,3.176,C,helix+ligand,binder
3CDG,C,123,2.438,3.005,E,helix+ligand,binder
3CDG,D,116,2.678,3.825,E,helix+ligand,binder
3CII,D,121,2.739,2.518,C,helix+ligand,binder
3CII,E,116,3.009,3.637,C,helix+ligand,binder
3D39,D,200,2.856,2.92,C,helix+ligand,binder
3D39,E,245,2.772,2.899,C,helix+ligand,binder
3D3V,D,200,2.677,2.697,C,helix+ligand,binder
3D3V,E,245,2.768,2.934,C,helix+ligand,binder
3DTX,C,100,2.594,,,helix,binder
3DXA,D,199,3.012,2.894,C,helix+ligand,binder
3DXA,E,244,2.844,2.56,C,helix+ligand,binder
3FFC,D,202,2.762,3.251,C,helix+ligand,binder
3FFC,E,247,2.909,2.689,C,helix+ligand,binder
3GJF,E,206,2.793,2.913,C,helix+ligand,binder
3GJF,D,220,2.796,2.463,C,helix+ligand,binder
3GSN,B,199,2.703,3.291,E,helix+ligand,binder
3GSN,C,243,2.671,2.738,E,helix+ligand,binder
3H9S,D,200,2.483,2.884,C,helix+ligand,binder
3H9S,E,245,3.551,2.55,C,helix+ligand,binder
3HAE,E,211,2.576,2.43,C,helix+ligand,binder
3HAE,D,220,2.675,2.434,C,helix+ligand,binder
3HG1,D,194,2.597,2.473,C,helix+ligand,binder
3HG1,E,244,2.936,3.046,C,helix+ligand,binder
3HUJ,C,202,2.704,2.914,F,helix+ligand,binder
3HUJ,D,245,2.434,,,helix,binder
3IT8,B,152,3.542,,,helix,binder
3IT8,C,152,3.186,,,helix,binder
3KPR,D,201,2.75,3.168,C,helix+ligand,binder
3KPR,E,241,2.821,2.632,C,helix+ligand,binder
3KPS,D,201,2.865,3.127,C,helix+ligand,binder
3KPS,E,241,2.739,2.703,C,helix+ligand,binder
3KXF,C,204,2.464,2.477,E,helix+ligand,binder
3KXF,D,241,2.732,2.908,E,helix+ligand,binder
3MV7,D,200,2.652,2.729,C,helix+ligand,binder
3MV7,E,241,2.958,2.509,C,helix+ligand,binder
3MV8,D,200,2.615,2.714,C,helix+ligand,binder
3MV8,E,242,3.252,2.672,C,helix+ligand,binder
3MV9,D,200,2.685,2.848,C,helix+ligand,binder
3MV9,E,241,3.509,2.788,C,helix+ligand,binder
3O4L,D,195,2.552,2.706,C,helix+ligand,binder
3O4L,E,245,2.388,2.898,C,helix+ligand,binder
3PWP,D,200,2.748,2.845,C,helix+ligand,binder
3PWP,E,245,2.465,2.614,C,helix+ligand,binder
3QDG,D,199,2.674,2.664,C,helix+ligand,binder
3QDG,E,242,2.304,3.109,C,helix+ligand,binder
3QDJ,D,199,2.899,3.013,C,helix+ligand,binder
3QDJ,E,242,2.322,2.943,C,helix+ligand,binder
3QDM,D,195,2.642,2.71,C,helix+ligand,binder
3QDM,E,242,3.331,2.944,C,helix+ligand,binder
3QEQ,D,194,2.804,3.675,C,helix+ligand,binder
3QEQ,E,243,3.06,2.92,C,helix+ligand,binder
3QFJ,D,200,2.515,2.915,C,helix+ligand,binder
3QFJ,E,245,3.277,2.568,C,helix+ligand,binder
3SDX,C,196,2.426,3.163,E,helix+ligand,binder
3SDX,D,242,2.656,,,helix,binder
3SJV,D,197,3.014,3.019,C,helix+ligand,binder
3SJV,E,241,2.662,2.638,C,helix+ligand,binder
3TZV,D,201,2.431,2.094,F,helix+ligand,binder
3TZV,E,244,2.68,,,helix,binder
3UTS,D,200,2.793,2.43,C,helix+ligand,binder
3UTS,E,246,3.591,2.508,C,helix+ligand,binder
3UTT,D,199,3.015,2.684,C,helix+ligand,binder
3UTT,E,244,3.286,2.625,C,helix+ligand,binder
3VH8,D,281,2.565,3.528,C,helix+ligand,binder
3VWJ,C,193,2.669,3.087,E,helix+ligand,binder
3VWJ,D,241,2.267,,,helix,binder
3VWK,C,194,2.678,3.012,E,helix+ligand,binder
3VWK,D,242,2.464,,,helix,binder
3VXM,D,198,2.763,2.743,C,helix+ligand,binder
3VXM,E,243,,3.309,C,ligand,binder
3VXR,D,194,2.876,2.876,C,helix+ligand,binder
3VXR,E,242,2.684,2.745,C,helix+ligand,binder
3VXS,D,204,2.764,2.814,C,helix+ligand,binder
3VXS,E,242,2.759,2.92,C,helix+ligand,binder
3VXU,D,199,2.678,3.399,C,helix+ligand,binder
3VXU,E,241,2.279,2.505,C,helix+ligand,binder
3W0W,D,204,2.247,3.661,C,helix+ligand,binder
3W0W,E,241,2.737,2.508,C,helix+ligand,binder
3WUW,D,281,2.618,3.658,C,helix+ligand,binder
4E5X,D,99,2.612,,,helix,binder
4EN3,B,186,2.302,2.816,E,helix+ligand,binder
4EN3,C,240,2.573,,,helix,binder
4EUP,D,201,2.578,3.164,C,helix+ligand,binder
4EUP,E,241,3.057,2.763,C,helix+ligand,binder
4FTV,D,200,2.711,2.806,C,helix+ligand,binder
4FTV,E,245,3.184,2.724,C,helix+ligand,binder
4G8G,D,204,2.786,3.331,C,helix+ligand,binder
4G8G,E,248,2.6,2.621,C,helix+ligand,binder
4G9F,D,204,2.863,3.218,C,helix+ligand,binder
4G9F,E,250,2.85,2.856,C,helix+ligand,binder
4JFD,D,196,2.612,2.871,C,helix+ligand,binder
4JFD,E,245,2.83,2.789,C,helix+ligand,binder
4JFE,D,197,2.72,2.828,C,helix+ligand,binder
4JFE,E,245,2.665,2.729,C,helix+ligand,binder
4JFF,D,197,2.72,2.854,C,helix+ligand,binder
4JFF,E,245,2.77,2.701,C,helix+ligand,binder
4JRX,D,204,2.802,2.615,C,helix+ligand,binder
4JRX,E,238,,2.887,C,ligand,binder
4JRY,D,201,2.661,,,helix,binder
4JRY,E,242,2.679,2.59,C,helix+ligand,binder
4K71,B,583,2.674,,,helix,binder
4L3E,D,199,2.471,3.16,C,helix+ligand,binder
4L3E,E,242,2.723,3.267,C,helix+ligand,binder
4L4T,C,193,2.565,,,helix,binder
4L4T,D,242,2.665,,,helix,binder
4L4V,C,188,2.761,2.832,E,helix+ligand,binder
4L4V,D,240,2.642,3.998,E,helix+ligand,binder
4LCW,C,188,2.721,2.542,E,helix+ligand,binder
4LCW,D,240,2.799,3.789,E,helix+ligand,binder
4LHU,D,202,2.673,,,helix,binder
4LHU,F,227,2.732,2.444,G,helix+ligand,binder
4MJI,D,192,2.296,2.979,C,helix+ligand,binder
4MJI,E,240,2.374,2.446,C,helix+ligand,binder
4MNG,C,228,2.281,2.87,D,helix+ligand,binder
4N0F,C,583,2.701,,,helix,binder
4N0U,C,583,2.292,,,helix,binder
4N0U,D,209,2.402,,,helix,binder
4N8V,D,190,2.608,,,helix,binder
4NQE,C,189,2.574,2.733,E,helix+ligand,binder
4NQE,D,231,2.699,,,helix,binder
4PDC,B,123,2.173,,,helix,binder
4PDC,C,122,1.839,,,helix,binder
4PJ5,C,190,2.69,2.949,E,helix+ligand,binder
4PJ5,D,242,2.678,3.354,E,helix+ligand,binder
4PJ7,C,199,2.604,2.792,E,helix+ligand,binder
4PJ7,D,238,2.677,,,helix,binder
4PJ9,C,190,2.62,2.871,E,helix+ligand,binder
4PJ9,D,230,2.701,,,helix,binder
4PJA,C,188,2.644,2.565,E,helix+ligand,binder
4PJA,D,235,2.656,2.579,E,helix+ligand,binder
4PJB,C,188,2.616,2.545,E,helix+ligand,binder
4PJB,D,230,2.599,,,helix,binder
4PJC,C,188,2.619,2.742,E,helix+ligand,binder
4PJC,D,239,2.675,2.709,E,helix+ligand,binder
4PJD,C,188,2.6,2.564,E,helix+ligand,binder
4PJD,D,233,2.84,3.178,E,helix+ligand,binder
4PJE,C,189,2.597,3.061,E,helix+ligand,binder
4PJE,D,240,2.54,3.414,E,helix+ligand,binder
4PJF,C,190,2.688,2.959,E,helix+ligand,binder
4PJF,D,240,2.657,,,helix,binder
4PJG,C,188,2.411,2.811,E,helix+ligand,binder
4PJG,D,240,2.802,,,helix,binder
4PJH,C,192,2.751,3.412,E,helix+ligand,binder
4PJH,D,239,2.676,,,helix,binder
4PJI,C,189,2.729,3.045,E,helix+ligand,binder
4PJI,D,238,2.731,,,helix,binder
4PJX,C,187,2.698,3.389,E,helix+ligand,binder
4PJX,D,237,2.682,3.227,E,helix+ligand,binder
4PRH,D,202,3.282,2.816,C,helix+ligand,binder
4PRH,E,240,3.111,2.708,C,helix+ligand,binder
4PRI,D,202,3.099,2.759,C,helix+ligand,binder
4PRI,E,240,2.791,2.504,C,helix+ligand,binder
4PRP,D,200,2.706,2.687,C,helix+ligand,binder
4PRP,E,241,3.236,2.538,C,helix+ligand,binder
4QOK,D,194,2.463,2.707,C,helix+ligand,binder
4QOK,E,244,2.898,2.896,C,helix+ligand,binder
4QRP,D,203,2.805,3.326,C,helix+ligand,binder
4QRP,E,243,2.813,2.999,C,helix+ligand,binder
4QRR,C,203,2.837,3.337,E,helix+ligand,binder
4QRR,D,241,2.647,2.7,E,helix+ligand,binder
4S0U,B,124,2.411,,,helix,binder
4S0U,C,126,2.805,,,helix,binder
4V3D,B,186,2.603,3.694,F,helix+ligand,binder
4V3E,B,192,2.646,,,helix,binder
4WO4,C,200,2.671,,,helix,binder
4WO4,D,242,2.904,2.727,H,helix+ligand,binder
4WUU,D,212,1.928,2.354,C,helix+ligand,binder
4WUU,E,223,1.759,2.617,C,helix+ligand,binder
4WW2,B,203,2.712,2.955,E,helix+ligand,binder
4WW2,C,243,2.801,2.583,E,helix+ligand,binder
4WWK,B,188,2.685,,,helix,binder
4WWK,C,240,3.281,3.268,E,helix+ligand,binder
4X6C,C,201,2.255,,,helix,binder
4X6C,D,243,3.353,,,helix,binder
4X6D,C,200,2.622,,,helix,binder
4X6D,D,242,3.127,,,helix,binder
5B38,D,273,2.781,3.647,C,helix+ligand,binder
5B39,D,277,2.552,3.195,C,helix+ligand,binder
5BRZ,D,197,2.306,2.66,C,helix+ligand,binder
5BRZ,E,241,3.016,2.929,C,helix+ligand,binder
5BS0,D,197,2.631,2.408,C,helix+ligand,binder
5BS0,E,241,2.757,3.022,C,helix+ligand,binder
5C07,D,199,3.281,2.405,C,helix+ligand,binder
5C07,E,246,3.436,2.563,C,helix+ligand,binder
5C08,D,189,3.134,2.665,C,helix+ligand,binder
5C08,E,244,3.16,2.421,C,helix+ligand,binder
5C09,D,197,3.744,2.467,C,helix+ligand,binder
5C09,E,244,2.986,2.317,C,helix+ligand,binder
5C0A,D,197,3.472,2.424,C,helix+ligand,binder
5C0A,E,246,3.582,2.439,C,helix+ligand,binder
5C0B,D,197,3.056,2.56,C,helix+ligand,binder
5C0B,E,247,3.214,2.748,C,helix+ligand,binder
5C0C,D,199,3.027,2.579,C,helix+ligand,binder
5C0C,E,247,3.461,2.635,C,helix+ligand,binder
5D2L,C,185,2.539,2.935,E,helix+ligand,binder
5D2L,D,226,2.665,3.069,E,helix+ligand,binder
5D2N,B,198,3.01,3.216,D,helix+ligand,binder
5D2N,C,246,2.75,3.025,D,helix+ligand,binder
5D7I,C,198,2.664,2.888,E,helix+ligand,binder
5D7I,D,241,2.697,,,helix,binder
5D7J,B,200,2.723,2.954,E,helix+ligand,binder
5D7J,C,240,2.468,,,helix,binder
5E6I,B,201,2.38,2.621,E,helix+ligand,binder
5E6I,C,239,1.95,3.265,E,helix+ligand,binder
5E9D,D,110,2.776,3.164,C,helix+ligand,binder
5E9D,E,115,3.535,3.114,C,helix+ligand,binder
5EU6,D,204,3.072,2.863,C,helix+ligand,binder
5EU6,E,244,2.458,2.878,C,helix+ligand,binder
5EUO,C,190,3.297,2.646,E,helix+ligand,binder
5EUO,D,239,2.824,2.478,E,helix+ligand,binder
5HHM,D,194,3.003,3.15,C,helix+ligand,binder
5HHM,E,240,2.848,2.704,C,helix+ligand,binder
5HHO,D,195,3.345,3.211,C,helix+ligand,binder
5HHO,E,240,2.528,2.666,C,helix+ligand,binder
5HYJ,D,193,3.315,2.361,C,helix+ligand,binder
5HYJ,E,246,3.02,2.479,C,helix+ligand,binder
5IRO,D,102,3.217,,,helix,binder
5ISZ,D,200,2.015,1.974,C,helix+ligand,binder
5ISZ,E,241,2.044,2.072,C,helix+ligand,binder
5JHD,D,201,1.904,2.052,C,helix+ligand,binder
5JHD,E,239,2.036,2.373,C,helix+ligand,binder
5JZI,D,207,2.168,1.945,C,helix+ligand,binder
5JZI,E,240,1.766,2.305,C,helix+ligand,binder
5L2K,C,185,2.633,2.714,F,helix+ligand,binder
5L2K,D,242,2.717,2.856,F,helix+ligand,binder
5MEN,D,200,2.712,2.645,C,helix+ligand,binder
5MEN,E,240,2.757,2.801,C,helix+ligand,binder
5NHT,B,197,3.173,2.78,E,helix+ligand,binder
5NHT,C,243,2.896,2.625,E,helix+ligand,binder
5NME,D,201,2.679,2.778,C,helix+ligand,binder
5NME,E,242,2.524,2.704,C,helix+ligand,binder
5NMF,D,200,2.599,2.708,C,helix+ligand,binder
5NMF,E,239,2.332,2.564,C,helix+ligand,binder
5NMG,D,200,2.275,2.611,C,helix+ligand,binder
5NMG,E,242,2.988,2.617,C,helix+ligand,binder
5NQK,B,197,2.732,2.705,E,helix+ligand,binder
5NQK,C,243,2.715,3.203,E,helix+ligand,binder
5T6Z,D,283,2.611,,,helix,binder
5T70,D,288,2.665,3.107,C,helix+ligand,binder
5TEZ,D,202,2.777,2.967,C,helix+ligand,binder
5TEZ,E,240,2.702,2.987,C,helix+ligand,binder
5U16,C,200,2.56,,,helix,binder
5U16,D,243,2.664,,,helix,binder
5U17,B,195,2.595,,,helix,binder
5U17,C,241,2.715,,,helix,binder
5U1R,B,199,2.656,3.666,E,helix+ligand,binder
5U1R,C,243,2.498,3.085,E,helix+ligand,binder
5U2V,C,193,2.805,,,helix,binder
5U2V,D,242,2.681,,,helix,binder
5U6Q,B,200,2.636,,,helix,binder
5U6Q,C,244,2.599,,,helix,binder
5U72,B,200,2.574,,,helix,binder
5U72,C,243,2.641,,,helix,binder
5W1V,D,201,3.266,2.78,C,helix+ligand,binder
5W1V,E,243,2.797,2.931,C,helix+ligand,binder
5W1W,D,201,2.761,2.735,C,helix+ligand,binder
5W1W,E,243,2.771,2.869,C,helix+ligand,binder
5WHK,C,211,3.476,,,helix,binder
5WHK,D,212,2.502,,,helix,binder
5WKF,D,198,2.721,3.429,C,helix+ligand,binder
5WKF,E,244,2.834,2.538,C,helix+ligand,binder
5WKH,D,198,2.8,3.308,C,helix+ligand,binder
5WKH,E,244,2.748,2.663,C,helix+ligand,binder
5WKI,D,198,2.788,2.674,G,helix+ligand,binder
5WKI,E,248,3.218,3.029,G,helix+ligand,binder
5XOT,D,203,2.671,2.956,C,helix+ligand,binder
5XOT,E,242,2.889,2.759,C,helix+ligand,binder
5XOV,D,207,2.665,3.14,C,helix+ligand,binder
5XOV,E,245,3.435,2.951,C,helix+ligand,binder
5YXN,B,192,2.444,2.565,E,helix+ligand,binder
5YXN,C,241,2.526,3.576,E,helix+ligand,binder
5YXU,B,190,2.554,2.613,E,helix+ligand,binder
5YXU,C,239,2.832,3.117,E,helix+ligand,binder
6AM5,D,189,2.663,2.72,C,helix+ligand,binder
6AM5,E,242,2.91,3.326,C,helix+ligand,binder
6AMU,D,195,2.67,2.858,C,helix+ligand,binder
6AMU,E,241,3.031,2.967,C,helix+ligand,binder
6AVF,B,202,2.768,3.333,E,helix+ligand,binder
6AVF,C,242,2.686,2.715,E,helix+ligand,binder
6AVG,B,196,2.498,2.765,E,helix+ligand,binder
6AVG,C,245,2.944,2.845,E,helix+ligand,binder
6BJ2,D,203,2.594,2.886,C,helix+ligand,binder
6BJ2,E,241,2.649,2.662,C,helix+ligand,binder
6BJ3,D,202,2.742,3.091,C,helix+ligand,binder
6BJ3,E,241,2.63,2.674,C,helix+ligand,binder
6BJ8,D,201,2.674,3.026,C,helix+ligand,binder
6BJ8,E,242,2.836,2.747,C,helix+ligand,binder
6C09,C,192,2.664,,,helix,binder
6C09,D,244,2.659,,,helix,binder
6CUG,C,186,2.654,2.791,F,helix+ligand,binder
6CUG,D,244,2.878,,,helix,binder
6D78,D,185,2.68,2.714,C,helix+ligand,binder
6D78,E,240,2.999,3.12,C,helix+ligand,binder
6D7G,B,198,2.624,2.919,D,helix+ligand,binder
6D7G,C,208,2.372,3.786,D,helix+ligand,binder
6DKP,D,192,2.637,2.834,C,helix+ligand,binder
6DKP,E,242,2.644,2.563,C,helix+ligand,binder
6EQA,D,194,2.633,2.729,C,helix+ligand,binder
6EQA,E,244,3.027,2.946,C,helix+ligand,binder
6EQB,D,196,2.752,2.596,C,helix+ligand,binder
6EQB,E,244,2.783,2.653,C,helix+ligand,binder
6FGB,D,219,2.656,,,helix,binder
6ILM,B,290,0.724,,,helix,binder
6ILM,E,238,1.89,,,helix,binder
6ILM,C,290,2.389,,,helix,binder
6ILM,D,252,3.082,,,helix,binder
6LA6,B,285,3.509,,,helix,binder
6LA6,F,238,3.752,,,helix,binder
6LA7,B,285,3.341,,,helix,binder
6LA7,D,251,3.277,,,helix,binder
6MTM,D,193,3.262,2.876,C,helix+ligand,binder
6MTM,E,237,2.73,2.858,C,helix+ligand,binder
6P64,D,189,2.823,2.466,C,helix+ligand,binder
6P64,E,245,2.817,3.341,C,helix+ligand,binder
6PA1,D,188,2.594,2.779,C,helix+ligand,binder
6PAG,D,167,2.906,3.625,C,helix+ligand,binder
6PUC,C,199,2.519,2.886,E,helix+ligand,binder
6PUC,D,244,2.329,,,helix,binder
6PUD,C,201,2.541,3.182,E,helix+ligand,binder
6PUD,D,244,2.622,3.419,E,helix+ligand,binder
6PUE,C,199,2.612,2.861,E,helix+ligand,binder
6PUE,D,243,2.397,2.842,E,helix+ligand,binder
6PUF,C,200,2.621,2.91,E,helix+ligand,binder
6PUF,D,245,2.684,,,helix,binder
6PUG,C,200,2.659,2.712,E,helix+ligand,binder
6PUG,D,244,2.654,,,helix,binder
6PUH,B,199,2.479,,,helix,binder
6PUH,C,244,2.443,,,helix,binder
6PUI,B,200,2.555,3.546,E,helix+ligand,binder
6PUI,C,245,2.641,,,helix,binder
6PUJ,B,200,2.7,3.493,E,helix+ligand,binder
6PUJ,C,244,2.586,,,helix,binder
6PUK,B,201,2.555,2.815,E,helix+ligand,binder
6PUK,C,244,2.336,,,helix,binder
6PUL,B,200,2.648,2.813,E,helix+ligand,binder
6PUL,C,244,2.588,,,helix,binder
6PUM,C,202,2.489,3.831,E,helix+ligand,binder
6PUM,D,244,2.579,,,helix,binder
6PVC,C,201,2.571,3.028,E,helix+ligand,binder
6PVC,D,242,2.775,,,helix,binder
6PVD,C,200,2.357,2.988,E,helix+ligand,binder
6PVD,D,244,2.647,,,helix,binder
6QIO,B,585,2.02,,,helix,binder
6QIP,B,583,2.826,,,helix,binder
6R2L,D,194,2.785,2.799,C,helix+ligand,binder
6R2L,E,247,2.656,2.806,C,helix+ligand,binder
6RP9,D,197,3.212,3.41,C,helix+ligand,binder
6RP9,E,244,2.926,3.005,C,helix+ligand,binder
6RPA,D,166,2.719,2.665,C,helix+ligand,binder
6RPA,E,235,2.921,2.656,C,helix+ligand,binder
6RPB,D,194,3.876,2.65,C,helix+ligand,binder
6RPB,E,239,2.734,2.693,C,helix+ligand,binder
6RSY,D,192,2.399,2.839,C,helix+ligand,binder
6RSY,E,242,2.621,2.748,C,helix+ligand,binder
6SNY,B,107,2.988,3.939,F,helix+ligand,binder
6TMO,D,197,2.795,2.897,C,helix+ligand,binder
6TMO,E,244,2.838,2.81,C,helix+ligand,binder
6TRO,D,189,2.714,2.4,C,helix+ligand,binder
6TRO,E,242,3.297,2.625,C,helix+ligand,binder
6UJ9,E,213,3.307,3.16,C,helix+ligand,binder
6UJ9,D,218,2.436,2.52,C,helix+ligand,binder
6ULN,D,189,2.856,3.051,C,helix+ligand,binder
6ULN,E,240,2.298,2.57,C,helix+ligand,binder
6ULR,D,188,2.581,3.086,C,helix+ligand,binder
6ULR,E,241,2.305,2.806,C,helix+ligand,binder
6UON,D,199,2.53,2.794,C,helix+ligand,binder
6UON,E,238,3.261,2.509,C,helix+ligand,binder
6V3J,D,288,2.462,3.338,C,helix+ligand,binder
6V7Y,E,126,2.694,2.999,F,helix+ligand,binder
6V7Z,C,117,2.43,,,helix,binder
6V80,C,198,2.264,2.656,G,helix+ligand,binder
6V80,D,240,3.173,,,helix,binder
6V80,E,117,2.38,,,helix,binder
6VM7,D,197,2.891,3.315,C,helix+ligand,binder
6VM7,E,241,2.896,2.908,C,helix+ligand,binder
6VM8,E,241,2.905,2.926,C,helix+ligand,binder
6VM8,D,196,2.94,3.356,C,helix+ligand,binder
6VM9,D,201,2.828,3.554,C,helix+ligand,binder
6VM9,E,240,2.973,2.565,C,helix+ligand,binder
6VMA,D,201,2.943,3.044,C,helix+ligand,binder
6VMA,E,239,2.941,2.451,C,helix+ligand,binder
6VMC,D,201,2.919,3.176,C,helix+ligand,binder
6VMC,E,240,3.011,2.795,C,helix+ligand,binder
6VMX,D,203,2.754,2.765,C,helix+ligand,binder
6VMX,E,243,3.003,2.958,C,helix+ligand,binder
6VQO,C,193,2.698,2.474,E,helix+ligand,binder
6VQO,D,240,3.594,2.847,E,helix+ligand,binder
6VRM,C,183,2.651,3.097,E,helix+ligand,binder
6VRM,D,244,2.808,2.715,E,helix+ligand,binder
6VRN,C,188,3.098,2.586,E,helix+ligand,binder
6VRN,D,242,2.777,2.681,E,helix+ligand,binder
6W9U,C,199,2.646,2.899,E,helix+ligand,binder
6W9U,D,244,2.558,,,helix,binder
6W9V,C,201,2.759,,,helix,binder
6W9V,D,244,2.544,,,helix,binder
6WNA,C,200,2.739,,,helix,binder
6WOL,C,209,2.742,,,helix,binder
6XQP,C,193,2.784,,,helix,binder
6XQP,D,246,2.667,,,helix,binder
6ZKW,D,188,2.538,2.57,C,helix+ligand,binder
6ZKW,E,243,2.604,2.682,C,helix+ligand,binder
6ZKX,D,190,2.578,2.867,C,helix+ligand,binder
6ZKX,E,245,2.716,2.74,C,helix+ligand,binder
6ZKY,D,189,2.376,2.625,C,helix+ligand,binder
6ZKY,E,244,2.696,2.623,C,helix+ligand,binder
6ZKZ,D,189,2.611,2.816,C,helix+ligand,binder
6ZKZ,E,243,2.727,2.657,C,helix+ligand,binder
7BBG,D,215,2.685,3.536,C,helix+ligand,binder
7BBG,E,212,2.855,2.857,C,helix+ligand,binder
7BH8,E,225,2.425,3.411,G,helix+ligand,binder
7BH8,F,214,2.456,,,helix,binder
7C9V,B,276,2.503,,,helix,binder
7C9V,C,251,2.803,,,helix,binder
7C9V,D,238,3.641,,,helix,binder
7DUU,D,196,2.295,3.019,C,helix+ligand,binder
7DZM,B,100,3.766,,,helix,binder
7DZM,D,241,3.142,2.862,C,helix+ligand,binder
7DZM,E,201,2.607,2.838,C,helix+ligand,binder
7DZN,D,241,3.594,2.604,C,helix+ligand,binder
7DZN,E,202,2.884,2.86,C,helix+ligand,binder
7FI5,B,124,2.859,,,helix,binder
7FI5,C,133,2.511,,,helix,binder
7FI6,B,123,2.793,,,helix,binder
7FI6,C,131,2.464,,,helix,binder
7FI7,B,124,2.906,,,helix,binder
7FI7,C,133,2.721,,,helix,binder
7FI8,B,123,2.75,,,helix,binder
7FI8,C,125,2.489,,,helix,binder
7FI9,B,124,2.752,,,helix,binder
7FI9,C,136,2.685,,,helix,binder
7K80,D,290,2.575,,,helix,binder
7K81,D,280,2.535,,,helix,binder
7L1D,D,187,2.393,3.099,C,helix+ligand,binder
7L1D,E,247,2.511,2.353,C,helix+ligand,binder
7LLI,C,237,2.877,,,helix,binder
7LLI,D,212,2.283,,,helix,binder
7LLJ,C,236,2.339,,,helix,binder
7LLJ,D,211,2.556,,,helix,binder
7N1E,D,200,2.883,2.619,C,helix+ligand,binder
7N1E,E,243,2.754,2.758,C,helix+ligand,binder
7N1F,D,197,2.155,2.625,C,helix+ligand,binder
7N1F,E,240,3.612,2.45,C,helix+ligand,binder
7N2N,D,196,2.454,3.497,C,helix+ligand,binder
7N2N,E,241,3.166,2.874,C,helix+ligand,binder
7N2O,D,202,2.63,3.315,C,helix+ligand,binder
7N2O,E,241,2.667,2.829,C,helix+ligand,binder
7N2P,D,197,2.516,3.328,C,helix+ligand,binder
7N2P,E,241,2.772,2.91,C,helix+ligand,binder
7N2Q,D,201,3.046,3.508,C,helix+ligand,binder
7N2Q,E,238,2.842,2.883,C,helix+ligand,binder
7N2R,D,195,2.353,3.531,C,helix+ligand,binder
7N2R,E,242,2.929,2.881,C,helix+ligand,binder
7N2S,D,181,2.648,3.49,C,helix+ligand,binder
7N2S,E,239,3.216,2.946,C,helix+ligand,binder
7N6E,D,199,2.412,2.831,C,helix+ligand,binder
7N6E,E,239,2.833,2.667,C,helix+ligand,binder
7NDQ,D,185,2.748,3.839,C,helix+ligand,binder
7NDQ,E,241,2.493,2.966,C,helix+ligand,binder
7NDT,D,190,2.647,2.822,C,helix+ligand,binder
7NDT,E,240,2.232,2.897,C,helix+ligand,binder
7NDT,F,241,3.165,,,helix,binder
7NDU,D,184,2.947,3.638,C,helix+ligand,binder
7NDU,E,241,2.812,2.868,C,helix+ligand,binder
7NME,D,191,2.886,2.742,C,helix+ligand,binder
7NME,E,240,2.413,2.894,C,helix+ligand,binder
7NMF,D,194,3.094,2.659,C,helix+ligand,binder
7NMF,E,240,3.009,2.797,C,helix+ligand,binder
7NMG,D,192,2.706,2.797,C,helix+ligand,binder
7NMG,E,240,2.77,2.649,C,helix+ligand,binder
7NUI,B,99,3.607,,,helix,binder
7OW5,D,191,2.417,3.266,C,helix+ligand,binder
7OW5,E,246,2.885,2.798,C,helix+ligand,binder
7OW6,D,181,2.703,3.1,C,helix+ligand,binder
7OW6,E,245,2.881,2.69,C,helix+ligand,binder
7PB2,D,163,2.582,3.399,C,helix+ligand,binder
7PB2,E,244,2.656,2.709,C,helix+ligand,binder
7PBC,B,201,1.872,1.76,E,helix+ligand,binder
7PBC,C,240,2.269,2.563,E,helix+ligand,binder
7PBE,D,199,2.711,2.748,C,helix+ligand,binder
7PBE,E,242,2.76,2.752,C,helix+ligand,binder
7PDW,B,200,1.698,1.871,E,helix+ligand,binder
7PDW,C,238,2.381,2.403,E,helix+ligand,binder
7PHR,B,243,2.558,3.037,E,helix+ligand,binder
7PHR,C,285,2.833,2.627,E,helix+ligand,binder
7Q15,C,209,2.841,,,helix,binder
7Q99,D,198,2.94,2.918,C,helix+ligand,binder
7Q99,E,244,2.898,2.977,C,helix+ligand,binder
7Q9A,D,199,2.186,2.774,C,helix+ligand,binder
7Q9A,E,244,2.882,2.885,C,helix+ligand,binder
7Q9B,D,193,3.155,2.94,C,helix+ligand,binder
7Q9B,E,245,2.514,2.57,C,helix+ligand,binder
7QPD,F,348,3.031,,,helix,binder
7QPJ,B,200,1.914,1.863,E,helix+ligand,binder
7QPJ,C,238,2.197,2.425,E,helix+ligand,binder
7R80,B,200,3.32,3.175,E,helix+ligand,binder
7R80,C,243,2.194,2.423,E,helix+ligand,binder
7RE7,D,218,2.684,3.027,C,helix+ligand,binder
7RE7,E,211,2.94,2.219,C,helix+ligand,binder
7RK7,D,189,2.797,3.002,C,helix+ligand,binder
7RK7,E,247,2.349,3.213,C,helix+ligand,binder
7RM4,D,243,2.218,3.478,C,helix+ligand,binder
7RM4,E,200,2.402,2.767,C,helix+ligand,binder
7RRG,D,185,2.896,2.513,C,helix+ligand,binder
7RRG,E,237,3.026,3.223,C,helix+ligand,binder
7RTR,D,197,2.707,2.72,C,helix+ligand,binder
7RTR,E,239,3.122,2.693,C,helix+ligand,binder
7RYM,C,235,4.0,,,helix,binder
7RYO,C,238,2.544,,,helix,binder
7STF,D,216,2.795,2.975,C,helix+ligand,binder
7STF,E,214,2.383,3.617,C,helix+ligand,binder
7TR4,C,211,2.722,2.836,E,helix+ligand,binder
7TR4,D,214,2.702,3.553,E,helix+ligand,binder
7TUE,C,361,2.325,,,helix,binder
7UFJ,C,194,2.663,3.803,E,helix+ligand,binder
7UFJ,D,242,2.366,,,helix,binder
7XXA,B,276,2.328,,,helix,binder
7XXA,D,250,2.527,,,helix,binder
7XXA,C,276,3.584,,,helix,binder
7XXA,F,238,1.199,,,helix,binder
7ZT2,C,185,2.59,2.935,E,helix+ligand,binder
7ZT2,D,241,2.589,,,helix,binder
7ZT3,C,182,2.385,,,helix,binder
7ZT3,D,240,2.215,,,helix,binder
7ZT4,C,183,2.462,,,helix,binder
7ZT4,D,242,2.602,,,helix,binder
7ZT5,C,184,2.43,,,helix,binder
7ZT5,D,242,2.588,,,helix,binder
7ZT7,C,184,2.494,,,helix,binder
7ZT7,D,242,2.345,,,helix,binder
7ZT8,C,187,2.393,,,helix,binder
7ZT8,D,241,2.578,,,helix,binder
7ZT9,C,185,2.407,,,helix,binder
7ZT9,D,241,2.777,,,helix,binder
8C44,B,458,2.756,,,helix,binder
8CX4,D,206,2.916,3.42,C,helix+ligand,binder
8CX4,E,242,3.136,2.656,C,helix+ligand,binder
8DNT,B,199,2.62,2.705,D,helix+ligand,binder
8DNT,C,242,2.62,3.103,D,helix+ligand,binder
8DV3,B,100,3.507,,,helix,binder
8EB2,D,215,2.231,,,helix,binder
8EB2,E,217,3.286,,,helix,binder
8EK5,D,227,2.607,2.707,C,helix+ligand,binder
8EN8,D,205,3.052,2.958,C,helix+ligand,binder
8EN8,E,245,2.816,2.723,C,helix+ligand,binder
8ENH,D,205,2.813,2.765,C,helix+ligand,binder
8ENH,E,245,2.657,2.738,C,helix+ligand,binder
8EO8,D,206,2.893,2.756,C,helix+ligand,binder
8EO8,E,246,2.98,2.689,C,helix+ligand,binder
8ES8,B,257,2.726,3.057,E,helix+ligand,binder
8ES8,C,287,2.767,3.115,E,helix+ligand,binder
8ES9,B,251,2.981,2.667,E,helix+ligand,binder
8ES9,C,288,2.925,2.891,E,helix+ligand,binder
8F5A,C,203,3.427,2.817,E,helix+ligand,binder
8F5A,D,238,2.713,2.66,E,helix+ligand,binder
8FJA,D,214,2.789,2.601,C,helix+ligand,binder
8FJA,E,214,2.384,3.012,C,helix+ligand,binder
8FJB,E,207,3.165,2.296,C,helix+ligand,binder
8FJB,D,214,2.499,3.499,C,helix+ligand,binder
8GOM,D,191,2.809,2.345,C,helix+ligand,binder
8GOM,E,244,2.888,2.933,C,helix+ligand,binder
8GON,D,190,2.734,2.768,C,helix+ligand,binder
8GON,E,245,2.299,2.971,C,helix+ligand,binder
8GVB,B,183,2.486,2.578,E,helix+ligand,binder
8GVB,C,235,2.599,3.059,E,helix+ligand,binder
8GVG,B,203,2.956,2.318,E,helix+ligand,binder
8GVG,C,240,2.63,3.088,E,helix+ligand,binder
8GVI,B,203,2.828,2.984,E,helix+ligand,binder
8GVI,C,241,2.405,3.212,E,helix+ligand,binder
8I5C,D,198,2.767,2.856,C,helix+ligand,binder
8I5C,E,240,2.753,2.721,C,helix+ligand,binder
8I5D,B,194,3.118,3.661,E,helix+ligand,binder
8I5D,C,242,2.865,3.078,E,helix+ligand,binder
8QFY,D,187,2.894,2.817,C,helix+ligand,binder
8QFY,E,241,2.43,3.078,C,helix+ligand,binder
8RJ5,D,204,2.756,2.163,C,helix+ligand,binder
8RJ5,E,245,3.327,3.084,C,helix+ligand,binder
8RLT,D,184,2.641,3.36,C,helix+ligand,binder
8RLT,E,240,2.86,2.716,C,helix+ligand,binder
8RLU,D,189,1.806,2.323,C,helix+ligand,binder
8RLU,E,240,1.866,1.811,C,helix+ligand,binder
8RLV,D,184,1.845,2.248,C,helix+ligand,binder
8RLV,E,240,1.95,1.925,C,helix+ligand,binder
8RRO,B,202,2.879,,,helix,binder
8RRO,C,242,2.623,2.844,E,helix+ligand,binder
8RYM,D,178,2.899,2.759,C,helix+ligand,binder
8RYM,E,238,2.756,2.478,C,helix+ligand,binder
8RYN,D,186,3.112,2.714,C,helix+ligand,binder
8RYN,E,242,2.814,2.469,C,helix+ligand,binder
8RYO,D,183,2.535,2.749,C,helix+ligand,binder
8RYO,E,243,2.784,2.403,C,helix+ligand,binder
8RYP,D,190,2.763,2.374,C,helix+ligand,binder
8RYP,E,237,2.928,2.65,C,helix+ligand,binder
8RYQ,D,186,2.557,2.588,C,helix+ligand,binder
8RYQ,E,241,3.158,2.433,C,helix+ligand,binder
8SGB,C,205,3.2,,,helix,binder
8SGB,D,241,3.177,,,helix,binder
8SGM,C,203,3.049,,,helix,binder
8SGM,D,236,3.52,,,helix,binder
8SHI,D,184,2.785,2.463,C,helix+ligand,binder
8SHI,E,240,2.494,2.929,C,helix+ligand,binder
8SOS,D,127,2.598,2.805,B,helix+ligand,binder
8T6M,B,106,3.268,,,helix,binder
8T6M,C,126,2.794,,,helix,binder
8T6M,D,107,2.635,3.965,G,helix+ligand,binder
8T6M,E,121,2.789,3.27,G,helix+ligand,binder
8T7R,H,205,2.668,,,helix,binder
8T7R,I,223,2.271,,,helix,binder
8TM0,B,253,2.629,,,helix,binder
8TM2,B,253,2.666,,,helix,binder
8TMU,C,204,2.599,2.667,D,helix+ligand,binder
8TNJ,B,212,2.056,,,helix,binder
8TNJ,C,213,2.083,1.59,F,helix+ligand,binder
8UDR,D,218,2.502,1.765,C,helix+ligand,binder
8UDR,E,213,1.789,,,helix,binder
8V4Z,D,197,2.814,2.79,C,helix+ligand,binder
8V4Z,E,242,2.722,2.803,C,helix+ligand,binder
8V50,D,197,2.816,2.877,C,helix+ligand,binder
8V50,E,242,2.779,2.813,C,helix+ligand,binder
8V51,D,198,2.897,2.791,C,helix+ligand,binder
8V51,E,242,2.818,2.899,C,helix+ligand,binder
8VR9,D,107,2.702,,,helix,binder
8VR9,E,118,3.58,1.801,C,helix+ligand,binder
8VRA,D,107,2.795,1.786,C,helix+ligand,binder
8VRA,E,118,3.401,,,helix,binder
8VRB,D,106,3.209,,,helix,binder
8VRB,E,118,3.17,1.834,C,helix+ligand,binder
8WTE,B,183,2.637,,,helix,binder
8WTE,C,236,2.712,2.74,E,helix+ligand,binder
8WUL,B,175,2.569,,,helix,binder
8WUL,C,239,2.747,2.532,E,helix+ligand,binder
8Y6X,C,194,2.806,2.35,E,helix+ligand,binder
8Y6X,D,242,2.178,3.17,E,helix+ligand,binder
8YE4,D,183,2.578,2.211,C,helix+ligand,binder
8YE4,E,238,3.667,2.84,C,helix+ligand,binder
8YIV,D,202,2.841,2.49,C,helix+ligand,binder
8YIV,E,247,2.719,2.611,C,helix+ligand,binder
8YJ2,E,245,2.747,2.754,C,helix+ligand,binder
8YJ2,D,202,2.817,2.702,C,helix+ligand,binder
8ZOX,C,202,2.187,2.621,F,helix+ligand,binder
8ZOX,D,244,2.279,2.386,F,helix+ligand,binder
9BL2,D,289,2.754,3.128,C,helix+ligand,binder
9BL3,D,289,2.933,2.766,C,helix+ligand,binder
9BL4,D,278,2.747,2.597,C,helix+ligand,binder
9BL5,D,281,2.459,3.554,C,helix+ligand,binder
9BL6,D,266,2.319,2.985,C,helix+ligand,binder
9BL9,D,275,2.572,3.435,C,helix+ligand,binder
9BLA,D,264,2.328,3.481,C,helix+ligand,binder
9BTX,C,200,2.696,,,helix,binder
9BTX,D,245,2.571,,,helix,binder
9BTY,C,201,2.723,,,helix,binder
9BTY,D,244,2.279,,,helix,binder
9BTZ,C,200,2.227,,,helix,binder
9BTZ,D,245,2.013,,,helix,binder
9BU0,C,200,2.374,,,helix,binder
9BU0,D,244,2.064,,,helix,binder
9C3E,B,252,3.052,2.971,D,helix+ligand,binder
9C3E,C,281,3.085,2.626,D,helix+ligand,binder
9CGR,C,200,2.817,,,helix,binder
9CGR,D,244,2.506,,,helix,binder
9DL1,B,118,2.84,3.23,F,helix+ligand,binder
9DL1,D,124,2.729,2.724,F,helix+ligand,binder
