redundancy_group,group_size,pdb_id,representative_pdb_id,is_representative,representative_selection_reason,rank,total_peptide_length,mhc_length,binder_lengths,resolution_angstrom,experimental_method
RED00001,1,3D2U,3D2U,yes,singleton,1,190,181,,2.21,X-ray
RED00002,1,1K5N,1K5N,yes,singleton,1,189,180,,1.09,X-ray
RED00003,1,3MRE,3MRE,yes,singleton,1,189,180,,1.1,X-ray
RED00004,1,8ROP,8ROP,yes,singleton,1,188,180,,1.15,X-ray
RED00005,1,7R7W,7R7W,yes,singleton,1,189,180,,1.17,X-ray
RED00006,1,3CZF,3CZF,yes,singleton,1,189,180,,1.2,X-ray
RED00007,1,6Y26,6Y26,yes,singleton,1,189,180,,1.2,X-ray
RED00008,1,6MT3,6MT3,yes,singleton,1,189,180,,1.21,X-ray
RED00009,1,6Y2A,6Y2A,yes,singleton,1,189,180,,1.25,X-ray
RED00010,1,7TUC,7TUC,yes,singleton,1,189,180,,1.25,X-ray
RED00011,1,6V2O,6V2O,yes,singleton,1,190,180,,1.27,X-ray
RED00012,1,6Y29,6Y29,yes,singleton,1,189,180,,1.28,X-ray
RED00013,1,7WJ2,7WJ2,yes,singleton,1,188,180,,1.28,X-ray
RED00014,1,3BWA,3BWA,yes,singleton,1,188,180,,1.3,X-ray
RED00015,2,3D25,3D25,yes,best_resolution,1,189,180,,1.3,X-ray
RED00015,2,3FT3,3D25,no,best_resolution,2,189,180,,1.95,X-ray
RED00016,1,3MRG,3MRG,yes,singleton,1,189,180,,1.3,X-ray
RED00017,1,6V2P,6V2P,yes,singleton,1,190,180,,1.3,X-ray
RED00018,1,7WZZ,7WZZ,yes,singleton,1,189,180,,1.305,X-ray
RED00019,1,6MT6,6MT6,yes,singleton,1,189,180,,1.31,X-ray
RED00020,1,7KGQ,7KGQ,yes,singleton,1,189,180,,1.34,X-ray
RED00021,1,2BVP,2BVP,yes,singleton,1,189,180,,1.35,X-ray
RED00022,1,6JOZ,6JOZ,yes,singleton,1,189,180,,1.35,X-ray
RED00023,1,6MTL,6MTL,yes,singleton,1,189,180,,1.35,X-ray
RED00024,1,6TRN,6TRN,yes,singleton,1,190,180,,1.35,X-ray
RED00025,1,5C0G,5C0G,yes,singleton,1,190,180,,1.37,X-ray
RED00026,1,6Y2B,6Y2B,yes,singleton,1,189,180,,1.37,X-ray
RED00027,1,6PYW,6PYW,yes,singleton,1,189,180,,1.38,X-ray
RED00028,1,6Y27,6Y27,yes,singleton,1,189,180,,1.38,X-ray
RED00029,1,5N1Y,5N1Y,yes,singleton,1,190,180,,1.39,X-ray
RED00030,1,7KGP,7KGP,yes,singleton,1,189,180,,1.396,X-ray
RED00031,1,7X1B,7X1B,yes,singleton,1,188,180,,1.399,X-ray
RED00032,3,1OGA,1OGA,yes,best_resolution,1,630,180,241;200,1.4,X-ray
RED00032,3,2VLJ,1OGA,no,best_resolution,2,628,180,240;199,2.4,X-ray
RED00032,3,2VLK,1OGA,no,best_resolution,3,628,180,240;199,2.5,X-ray
RED00033,1,1I4F,1I4F,yes,singleton,1,190,180,,1.4,X-ray
RED00034,1,2A83,2A83,yes,singleton,1,189,180,,1.4,X-ray
RED00035,1,3MRB,3MRB,yes,singleton,1,189,180,,1.4,X-ray
RED00036,1,3MRK,3MRK,yes,singleton,1,189,180,,1.4,X-ray
RED00037,1,6J2A,6J2A,yes,singleton,1,189,180,,1.4,X-ray
RED00038,1,6TDP,6TDP,yes,singleton,1,182,180,,1.4,X-ray
RED00039,1,8ROO,8ROO,yes,singleton,1,188,180,,1.4,X-ray
RED00040,1,7X1C,7X1C,yes,singleton,1,188,180,,1.409,X-ray
RED00041,1,6VB2,6VB2,yes,singleton,1,189,180,,1.41,X-ray
RED00042,1,4XXC,4XXC,yes,singleton,1,188,180,,1.426,X-ray
RED00043,5,5IB2,5IB2,yes,best_resolution,1,189,180,,1.44,X-ray
RED00043,5,1OGT,5IB2,no,best_resolution,2,189,180,,1.47,X-ray
RED00043,5,5IB1,5IB2,no,best_resolution,3,189,180,,1.91,X-ray
RED00043,5,5IB3,5IB2,no,best_resolution,4,189,180,,1.91,X-ray
RED00043,5,5IB4,5IB2,no,best_resolution,5,189,180,,1.95,X-ray
RED00044,1,6PYJ,6PYJ,yes,singleton,1,189,180,,1.44,X-ray
RED00045,2,1X7Q,1X7Q,yes,best_resolution,1,189,180,,1.45,X-ray
RED00045,2,7WKJ,1X7Q,no,best_resolution,2,189,180,,1.5,X-ray
RED00046,1,6BXP,6BXP,yes,singleton,1,186,180,,1.45,X-ray
RED00047,1,6PYV,6PYV,yes,singleton,1,189,180,,1.45,X-ray
RED00048,1,7M8U,7M8U,yes,singleton,1,189,180,,1.45,X-ray
RED00049,1,7TUD,7TUD,yes,singleton,1,188,180,,1.45,X-ray
RED00050,1,7X00,7X00,yes,singleton,1,189,180,,1.45,X-ray
RED00051,1,8RNG,8RNG,yes,singleton,1,188,180,,1.45,X-ray
RED00052,1,5C0F,5C0F,yes,singleton,1,190,180,,1.463,X-ray
RED00053,1,4U6Y,4U6Y,yes,singleton,1,195,180,,1.467,X-ray
RED00054,1,1XH3,1XH3,yes,singleton,1,194,180,,1.48,X-ray
RED00055,1,9SKO,9SKO,yes,singleton,1,190,180,,1.49,X-ray
RED00056,1,5C0E,5C0E,yes,singleton,1,190,180,,1.491,X-ray
RED00057,1,1ZHL,1ZHL,yes,singleton,1,193,180,,1.5,X-ray
RED00058,1,2FYY,2FYY,yes,singleton,1,187,180,,1.5,X-ray
RED00059,1,2HJL,2HJL,yes,singleton,1,191,180,,1.5,X-ray
RED00060,1,3VFN,3VFN,yes,singleton,1,193,180,,1.5,X-ray
RED00061,1,4JQV,4JQV,yes,singleton,1,188,180,,1.5,X-ray
RED00062,1,5DDH,5DDH,yes,singleton,1,192,180,,1.5,X-ray
RED00063,1,5IEH,5IEH,yes,singleton,1,189,180,,1.5,X-ray
RED00064,1,6O4Z,6O4Z,yes,singleton,1,189,180,,1.5,X-ray
RED00065,1,6Q3K,6Q3K,yes,singleton,1,189,180,,1.5,X-ray
RED00066,1,7M8T,7M8T,yes,singleton,1,189,180,,1.5,X-ray
RED00067,1,7YG3,7YG3,yes,singleton,1,189,180,,1.5,X-ray
RED00068,1,6J1W,6J1W,yes,singleton,1,189,180,,1.501,X-ray
RED00069,1,7JYV,7JYV,yes,singleton,1,189,180,,1.51,X-ray
RED00070,1,6PYL,6PYL,yes,singleton,1,190,180,,1.52,X-ray
RED00071,1,5C0I,5C0I,yes,singleton,1,190,180,,1.53,X-ray
RED00072,1,6PZ5,6PZ5,yes,singleton,1,189,180,,1.53,X-ray
RED00073,1,7S79,7S79,yes,singleton,1,188,180,,1.53,X-ray
RED00074,1,7QPJ,7QPJ,yes,singleton,1,627,180,238;200,1.54,X-ray
RED00075,1,5EU5,5EU5,yes,singleton,1,189,180,,1.54,X-ray
RED00076,1,2GTW,2GTW,yes,singleton,1,189,180,,1.548,X-ray
RED00077,1,1UXS,1UXS,yes,singleton,1,189,180,,1.55,X-ray
RED00078,1,3VFV,3VFV,yes,singleton,1,193,180,,1.55,X-ray
RED00079,2,5NMH,5NMH,yes,best_resolution,1,189,180,,1.55,X-ray
RED00079,2,1T20,5NMH,no,best_resolution,2,189,180,,2.2,X-ray
RED00080,1,6MT4,6MT4,yes,singleton,1,189,180,,1.55,X-ray
RED00081,1,6MT5,6MT5,yes,singleton,1,189,180,,1.55,X-ray
RED00082,1,6O51,6O51,yes,singleton,1,190,180,,1.55,X-ray
RED00083,1,7KGR,7KGR,yes,singleton,1,189,180,,1.55,X-ray
RED00084,1,7S7D,7S7D,yes,singleton,1,189,180,,1.56,X-ray
RED00085,1,8EMI,8EMI,yes,singleton,1,189,180,,1.57301511861,X-ray
RED00086,1,6BXQ,6BXQ,yes,singleton,1,188,180,,1.58,X-ray
RED00087,1,6O4Y,6O4Y,yes,singleton,1,189,180,,1.58,X-ray
RED00088,1,7KGS,7KGS,yes,singleton,1,189,180,,1.58,X-ray
RED00089,1,7CIQ,7CIQ,yes,singleton,1,190,180,,1.59,X-ray
RED00090,1,1M6O,1M6O,yes,singleton,1,189,180,,1.6,X-ray
RED00091,1,1ZHK,1ZHK,yes,singleton,1,193,180,,1.6,X-ray
RED00092,1,2HN7,2HN7,yes,singleton,1,190,180,,1.6,X-ray
RED00093,3,2V2W,2V2W,yes,best_resolution,1,189,180,,1.6,X-ray
RED00093,3,1T21,2V2W,no,best_resolution,2,189,180,,2.19,X-ray
RED00093,3,1T22,2V2W,no,best_resolution,3,189,180,,2.2,X-ray
RED00094,1,2V2X,2V2X,yes,singleton,1,189,180,,1.6,X-ray
RED00095,2,2VLL,2VLL,yes,best_resolution,1,189,180,,1.6,X-ray
RED00095,2,1HHI,2VLL,no,best_resolution,2,189,180,,2.5,X-ray
RED00096,2,3BGM,3BGM,yes,best_resolution,1,189,180,,1.6,X-ray
RED00096,2,4NNX,3BGM,no,best_resolution,2,189,180,,2.104,X-ray
RED00097,1,3DX7,3DX7,yes,singleton,1,190,180,,1.6,X-ray
RED00098,2,3GSO,3GSO,yes,best_resolution,1,189,180,,1.6,X-ray
RED00098,2,2X4R,3GSO,no,best_resolution,2,189,180,,2.3,X-ray
RED00099,1,3KPM,3KPM,yes,singleton,1,189,180,,1.6,X-ray
RED00100,1,3MRR,3MRR,yes,singleton,1,190,180,,1.6,X-ray
RED00101,1,3PWN,3PWN,yes,singleton,1,189,180,,1.6,X-ray
RED00102,1,4G8I,4G8I,yes,singleton,1,190,180,,1.6,X-ray
RED00103,1,4G9D,4G9D,yes,singleton,1,190,180,,1.6,X-ray
RED00104,1,5DEF,5DEF,yes,singleton,1,189,180,,1.6,X-ray
RED00105,1,6J29,6J29,yes,singleton,1,189,180,,1.6,X-ray
RED00106,1,6TDQ,6TDQ,yes,singleton,1,184,180,,1.6,X-ray
RED00107,1,6V2Q,6V2Q,yes,singleton,1,189,180,,1.6,X-ray
RED00108,1,7MJ7,7MJ7,yes,singleton,1,191,180,,1.6,X-ray
RED00109,1,7R7V,7R7V,yes,singleton,1,189,180,,1.6,X-ray
RED00110,3,7S8E,7S8E,yes,best_resolution,1,189,180,,1.6,X-ray
RED00110,3,7RZJ,7S8E,no,best_resolution,2,189,180,,1.8,X-ray
RED00110,3,7S8A,7S8E,no,best_resolution,3,188,179,,2.1,X-ray
RED00111,1,8FU4,8FU4,yes,singleton,1,189,180,,1.6,X-ray
RED00112,1,8RNH,8RNH,yes,singleton,1,189,180,,1.6,X-ray
RED00113,2,9SL0,9SL0,yes,best_resolution,1,189,180,,1.6,X-ray
RED00113,2,5N6B,9SL0,no,best_resolution,2,189,180,,1.71,X-ray
RED00114,1,7R7Y,7R7Y,yes,singleton,1,189,180,,1.601,X-ray
RED00115,1,6EI2,6EI2,yes,singleton,1,190,180,,1.61,X-ray
RED00116,1,3V5H,3V5H,yes,singleton,1,189,180,,1.63,X-ray
RED00117,1,7UM2,7UM2,yes,singleton,1,189,180,,1.63,X-ray
RED00118,1,5C0J,5C0J,yes,singleton,1,190,180,,1.64,X-ray
RED00119,1,5VWH,5VWH,yes,singleton,1,189,180,,1.648,X-ray
RED00120,1,2BVO,2BVO,yes,singleton,1,191,180,,1.65,X-ray
RED00121,1,3BH8,3BH8,yes,singleton,1,190,180,,1.65,X-ray
RED00122,1,3FQN,3FQN,yes,singleton,1,188,180,,1.65,X-ray
RED00123,1,3KLA,3KLA,yes,singleton,1,189,180,,1.65,X-ray
RED00124,1,3PWL,3PWL,yes,singleton,1,189,180,,1.65,X-ray
RED00125,1,3VFU,3VFU,yes,singleton,1,193,180,,1.65,X-ray
RED00126,1,4PRE,4PRE,yes,singleton,1,191,180,,1.65,X-ray
RED00127,1,4PRN,4PRN,yes,singleton,1,191,180,,1.65,X-ray
RED00128,1,4WJ5,4WJ5,yes,singleton,1,189,180,,1.65,X-ray
RED00129,1,6TDO,6TDO,yes,singleton,1,182,180,,1.65,X-ray
RED00130,1,8ELG,8ELG,yes,singleton,1,189,180,,1.65,X-ray
RED00131,1,8RCV,8RCV,yes,singleton,1,190,180,,1.65,X-ray
RED00132,1,3WL9,3WL9,yes,singleton,1,190,180,,1.66,X-ray
RED00133,3,5NMK,5NMK,yes,best_resolution,1,189,180,,1.66,X-ray
RED00133,3,1T1W,5NMK,no,best_resolution,2,189,180,,2.2,X-ray
RED00133,3,2C7U,5NMK,no,best_resolution,3,189,180,,2.38,X-ray
RED00134,1,6JP3,6JP3,yes,singleton,1,189,180,,1.66,X-ray
RED00135,1,8EMK,8EMK,yes,singleton,1,189,180,,1.66523002948,X-ray
RED00136,1,3UTQ,3UTQ,yes,singleton,1,190,180,,1.67,X-ray
RED00137,5,7P3D,7P3D,yes,best_resolution,1,189,180,,1.67,X-ray
RED00137,5,7MKB,7P3D,no,best_resolution,2,189,180,,1.9,X-ray
RED00137,5,7RTD,7P3D,no,best_resolution,3,189,180,,2.05,X-ray
RED00137,5,7N1A,7P3D,no,best_resolution,4,189,180,,2.065,X-ray
RED00137,5,7N6D,7P3D,no,best_resolution,5,189,180,,2.3,X-ray
RED00138,1,7T5M,7T5M,yes,singleton,1,197,180,,1.67,X-ray
RED00139,2,3QFD,3QFD,yes,best_resolution,1,189,180,,1.68,X-ray
RED00139,2,2GUO,3QFD,no,best_resolution,2,189,180,,1.9,X-ray
RED00140,1,4U6X,4U6X,yes,singleton,1,190,180,,1.68,X-ray
RED00141,1,5C0D,5C0D,yes,singleton,1,190,180,,1.68,X-ray
RED00142,1,5T6X,5T6X,yes,singleton,1,190,180,,1.686,X-ray
RED00143,1,6Y28,6Y28,yes,singleton,1,189,180,,1.69,X-ray
RED00144,1,7MJA,7MJA,yes,singleton,1,189,180,,1.69,X-ray
RED00145,1,5TXS,5TXS,yes,singleton,1,189,180,,1.697,X-ray
RED00146,1,5XOS,5XOS,yes,singleton,1,189,180,,1.697,X-ray
RED00147,1,2BNQ,2BNQ,yes,singleton,1,633,180,241;203,1.7,X-ray
RED00148,1,5TEZ,5TEZ,yes,singleton,1,631,180,202;240,1.7,X-ray
RED00149,1,1N2R,1N2R,yes,singleton,1,189,180,,1.7,X-ray
RED00150,2,1SYV,1SYV,yes,best_resolution,1,189,180,,1.7,X-ray
RED00150,2,8TQ5,1SYV,no,best_resolution,2,189,180,,2.3,X-ray
RED00151,1,1ZSD,1ZSD,yes,singleton,1,191,180,,1.7,X-ray
RED00152,1,2GIT,2GIT,yes,singleton,1,189,180,,1.7,X-ray
RED00153,2,2GTZ,2GTZ,yes,best_resolution,1,189,180,,1.7,X-ray
RED00153,2,1JHT,2GTZ,no,best_resolution,2,189,180,,2.15,X-ray
RED00154,1,2NW3,2NW3,yes,singleton,1,191,180,,1.7,X-ray
RED00155,1,3BH9,3BH9,yes,singleton,1,190,180,,1.7,X-ray
RED00156,1,3FQR,3FQR,yes,singleton,1,190,180,,1.7,X-ray
RED00157,1,3FQX,3FQX,yes,singleton,1,189,180,,1.7,X-ray
RED00158,1,3L3I,3L3I,yes,singleton,1,189,180,,1.7,X-ray
RED00159,1,3MRD,3MRD,yes,singleton,1,189,180,,1.7,X-ray
RED00160,1,3O3D,3O3D,yes,singleton,1,188,180,,1.7,X-ray
RED00161,1,3OXR,3OXR,yes,singleton,1,190,180,,1.7,X-ray
RED00162,1,3PWJ,3PWJ,yes,singleton,1,189,180,,1.7,X-ray
RED00163,1,3VFO,3VFO,yes,singleton,1,193,180,,1.7,X-ray
RED00164,2,4F7T,4F7T,yes,best_resolution,1,188,180,,1.7,X-ray
RED00164,2,7WT4,4F7T,no,best_resolution,2,188,180,,1.89459140677,X-ray
RED00165,3,6TDS,6TDS,yes,best_resolution,1,180,180,,1.7,X-ray
RED00165,3,6TDR,6TDS,no,best_resolution,2,180,180,,1.75,X-ray
RED00165,3,7STG,6TDS,no,best_resolution,3,180,180,,2.7,X-ray
RED00166,2,9C6V,9C6V,yes,pdb_id_tiebreak_same_mhc_same_resolution_and_binder_length,1,191,180,,1.7,X-ray
RED00166,2,9C6W,9C6V,no,pdb_id_tiebreak_same_mhc_same_resolution_and_binder_length,2,191,180,,1.7,X-ray
RED00167,1,9C6X,9C6X,yes,singleton,1,193,180,,1.7,X-ray
RED00168,1,3DX6,3DX6,yes,singleton,1,190,180,,1.701,X-ray
RED00169,1,4NO3,4NO3,yes,singleton,1,189,180,,1.703,X-ray
RED00170,1,1UXW,1UXW,yes,singleton,1,189,180,,1.71,X-ray
RED00171,1,7EJM,7EJM,yes,singleton,1,189,180,,1.71,X-ray
RED00172,1,7SIF,7SIF,yes,singleton,1,189,180,,1.73,X-ray
RED00173,1,3D18,3D18,yes,singleton,1,189,180,,1.74,X-ray
RED00174,1,7SIG,7SIG,yes,singleton,1,189,180,,1.741,X-ray
RED00175,1,9BL4,9BL4,yes,singleton,1,468,180,278,1.75,X-ray
RED00176,2,2CIK,2CIK,yes,best_resolution,1,189,180,,1.75,X-ray
RED00176,2,2H6P,2CIK,no,best_resolution,2,189,180,,1.9,X-ray
RED00177,1,2GT9,2GT9,yes,singleton,1,190,180,,1.75,X-ray
RED00178,1,3BW9,3BW9,yes,singleton,1,192,180,,1.75,X-ray
RED00179,1,3OXS,3OXS,yes,singleton,1,190,180,,1.75,X-ray
RED00180,1,4PRB,4PRB,yes,singleton,1,191,180,,1.75,X-ray
RED00181,1,4PRD,4PRD,yes,singleton,1,191,180,,1.75,X-ray
RED00182,1,6VB1,6VB1,yes,singleton,1,189,180,,1.75,X-ray
RED00183,1,7MJ9,7MJ9,yes,singleton,1,189,180,,1.75,X-ray
RED00184,1,8EMJ,8EMJ,yes,singleton,1,189,180,,1.75002880736,X-ray
RED00185,1,5T6Y,5T6Y,yes,singleton,1,192,180,,1.76,X-ray
RED00186,1,4I4W,4I4W,yes,singleton,1,189,180,,1.77,X-ray
RED00187,1,6VQE,6VQE,yes,singleton,1,190,180,,1.77,X-ray
RED00188,1,9ASF,9ASF,yes,singleton,1,189,180,,1.77,X-ray
RED00189,1,5MEO,5MEO,yes,singleton,1,189,180,,1.772,X-ray
RED00190,1,8XES,8XES,yes,singleton,1,189,180,,1.78,X-ray
RED00191,1,1XR9,1XR9,yes,singleton,1,189,180,,1.788,X-ray
RED00192,1,7MJ8,7MJ8,yes,singleton,1,192,180,,1.79,X-ray
RED00193,1,9UV8,9UV8,yes,singleton,1,189,180,,1.79,X-ray
RED00194,1,6OPD,6OPD,yes,singleton,1,189,180,,1.791,X-ray
RED00195,1,6UZM,6UZM,yes,singleton,1,189,180,,1.798,X-ray
RED00196,1,3VXS,3VXS,yes,singleton,1,636,180,204;242,1.8,X-ray
RED00197,1,3VH8,3VH8,yes,singleton,1,470,180,281,1.8,X-ray
RED00198,3,1DUZ,1DUZ,yes,best_resolution,1,189,180,,1.8,X-ray
RED00198,3,1HHK,1DUZ,no,best_resolution,2,189,180,,2.5,X-ray
RED00198,3,6UZ1,1DUZ,no,best_resolution,3,189,180,,3.14,X-ray
RED00199,1,1I7U,1I7U,yes,singleton,1,189,180,,1.8,X-ray
RED00200,1,1TVB,1TVB,yes,singleton,1,189,180,,1.8,X-ray
RED00201,1,2AXF,2AXF,yes,singleton,1,190,180,,1.8,X-ray
RED00202,1,3B6S,3B6S,yes,singleton,1,189,180,,1.8,X-ray
RED00203,1,3BO8,3BO8,yes,singleton,1,189,180,,1.8,X-ray
RED00204,1,3BP7,3BP7,yes,singleton,1,189,180,,1.8,X-ray
RED00205,1,3FQT,3FQT,yes,singleton,1,189,180,,1.8,X-ray
RED00206,1,3FQU,3FQU,yes,singleton,1,189,180,,1.8,X-ray
RED00207,1,3FT2,3FT2,yes,singleton,1,189,180,,1.8,X-ray
RED00208,1,3GSU,3GSU,yes,singleton,1,189,180,,1.8,X-ray
RED00209,1,3L3D,3L3D,yes,singleton,1,189,180,,1.8,X-ray
RED00210,1,3LKO,3LKO,yes,singleton,1,189,180,,1.8,X-ray
RED00211,1,3LKP,3LKP,yes,singleton,1,189,180,,1.8,X-ray
RED00212,1,3LKQ,3LKQ,yes,singleton,1,189,180,,1.8,X-ray
RED00213,1,3MRC,3MRC,yes,singleton,1,189,180,,1.8,X-ray
RED00214,1,3O3A,3O3A,yes,singleton,1,188,180,,1.8,X-ray
RED00215,1,4PR5,4PR5,yes,singleton,1,191,180,,1.8,X-ray
RED00216,1,5GRD,5GRD,yes,singleton,1,190,180,,1.8,X-ray
RED00217,1,5IEK,5IEK,yes,singleton,1,189,180,,1.8,X-ray
RED00218,1,5VUE,5VUE,yes,singleton,1,189,180,,1.8,X-ray
RED00219,1,5VWD,5VWD,yes,singleton,1,189,180,,1.8,X-ray
RED00220,1,5VWF,5VWF,yes,singleton,1,189,180,,1.8,X-ray
RED00221,1,7ALO,7ALO,yes,singleton,1,189,180,,1.8,X-ray
RED00222,2,7S8F,7S8F,yes,best_resolution,1,189,180,,1.8,X-ray
RED00222,2,7RZD,7S8F,no,best_resolution,2,189,180,,1.82,X-ray
RED00223,1,7U1R,7U1R,yes,singleton,1,189,180,,1.8,X-ray
RED00224,1,8FRT,8FRT,yes,singleton,1,193,180,,1.8,X-ray
RED00225,1,8RBV,8RBV,yes,singleton,1,189,180,,1.8,X-ray
RED00226,2,8SBK,8SBK,yes,best_resolution,1,189,180,,1.8,X-ray
RED00226,2,8SBL,8SBK,no,best_resolution,2,189,180,,3.0,X-ray
RED00227,1,8YZR,8YZR,yes,singleton,1,189,180,,1.8,X-ray
RED00228,1,9WK0,9WK0,yes,singleton,1,189,180,,1.8,X-ray
RED00229,1,1TVH,1TVH,yes,singleton,1,189,180,,1.802,X-ray
RED00230,1,4HX1,4HX1,yes,singleton,1,189,180,,1.802,X-ray
RED00231,2,4O2C,4O2C,yes,best_resolution,1,189,180,,1.802,X-ray
RED00231,2,4O2E,4O2C,no,best_resolution,2,189,180,,1.981,X-ray
RED00232,1,8EMF,8EMF,yes,singleton,1,189,180,,1.80482421415,X-ray
RED00233,1,8RYP,8RYP,yes,singleton,1,616,180,237;190,1.81,X-ray
RED00234,1,3GSW,3GSW,yes,singleton,1,189,180,,1.81,X-ray
RED00235,1,7CIR,7CIR,yes,singleton,1,190,180,,1.81,X-ray
RED00236,1,7OW4,7OW4,yes,singleton,1,188,180,,1.81,X-ray
RED00237,1,5DEG,5DEG,yes,singleton,1,189,180,,1.83,X-ray
RED00238,1,6D2R,6D2R,yes,singleton,1,191,180,,1.83,X-ray
RED00239,1,8EMG,8EMG,yes,singleton,1,189,180,,1.83001273614,X-ray
RED00240,1,3KPQ,3KPQ,yes,singleton,1,189,180,,1.84,X-ray
RED00241,1,8XG2,8XG2,yes,singleton,1,192,180,,1.84,X-ray
RED00242,1,1JF1,1JF1,yes,singleton,1,190,180,,1.85,X-ray
RED00243,1,2HJK,2HJK,yes,singleton,1,191,180,,1.85,X-ray
RED00244,1,3BP4,3BP4,yes,singleton,1,189,180,,1.85,X-ray
RED00245,1,3O3E,3O3E,yes,singleton,1,188,180,,1.85,X-ray
RED00246,1,3VFP,3VFP,yes,singleton,1,193,180,,1.85,X-ray
RED00247,1,3VFR,3VFR,yes,singleton,1,193,180,,1.85,X-ray
RED00248,1,3VFS,3VFS,yes,singleton,1,193,180,,1.85,X-ray
RED00249,1,4PRA,4PRA,yes,singleton,1,191,180,,1.85,X-ray
RED00250,1,5ENW,5ENW,yes,singleton,1,189,180,,1.85,X-ray
RED00251,1,7SA2,7SA2,yes,singleton,1,189,180,,1.85,X-ray
RED00252,1,8ELH,8ELH,yes,singleton,1,189,180,,1.85,X-ray
RED00253,1,9GV7,9GV7,yes,singleton,1,619,180,241;187,1.86,X-ray
RED00254,1,3B3I,3B3I,yes,singleton,1,189,180,,1.86,X-ray
RED00255,1,3BXN,3BXN,yes,singleton,1,189,180,,1.864,X-ray
RED00256,1,3C9N,3C9N,yes,singleton,1,189,180,,1.87,X-ray
RED00257,1,3MRJ,3MRJ,yes,singleton,1,189,180,,1.87,X-ray
RED00258,1,5D9S,5D9S,yes,singleton,1,191,180,,1.87,X-ray
RED00259,1,7S8S,7S8S,yes,singleton,1,190,180,,1.87,X-ray
RED00260,1,3H7B,3H7B,yes,singleton,1,189,180,,1.88,X-ray
RED00261,1,5MER,5MER,yes,singleton,1,189,180,,1.88,X-ray
RED00262,1,6D29,6D29,yes,singleton,1,190,180,,1.88,X-ray
RED00263,1,6VQD,6VQD,yes,singleton,1,186,180,,1.88,X-ray
RED00264,1,8F7M,8F7M,yes,singleton,1,190,180,,1.88,X-ray
RED00265,2,8YZZ,8YZZ,yes,best_resolution,1,189,180,,1.88,X-ray
RED00265,2,7F4W,8YZZ,no,best_resolution,2,189,180,,2.9,X-ray
RED00266,1,7WT3,7WT3,yes,singleton,1,184,180,,1.88765498464,X-ray
RED00267,1,2P5E,2P5E,yes,singleton,1,624,180,241;194,1.89,X-ray
RED00268,1,3MYJ,3MYJ,yes,singleton,1,189,180,,1.89,X-ray
RED00269,1,6PBH,6PBH,yes,singleton,1,187,180,,1.89,X-ray
RED00270,2,7EJL,7EJL,yes,greatest_mhc_length,1,189,180,,1.89,X-ray
RED00270,2,8HN4,7EJL,no,greatest_mhc_length,2,187,178,,2.853,X-ray
RED00271,1,7ZUC,7ZUC,yes,singleton,1,189,180,,1.89,X-ray
RED00272,1,9SKP,9SKP,yes,singleton,1,190,180,,1.89,X-ray
RED00273,1,4G9F,4G9F,yes,singleton,1,644,180,204;250,1.9,X-ray
RED00274,1,2BNR,2BNR,yes,singleton,1,633,180,241;203,1.9,X-ray
RED00275,1,3GJF,3GJF,yes,singleton,1,615,180,220;206,1.9,X-ray
RED00276,1,1HSB,1HSB,yes,singleton,1,185,180,,1.9,X-ray
RED00277,1,1JGD,1JGD,yes,singleton,1,190,180,,1.9,X-ray
RED00278,1,1M05,1M05,yes,singleton,1,189,180,,1.9,X-ray
RED00279,1,1T1Z,1T1Z,yes,singleton,1,189,180,,1.9,X-ray
RED00280,1,2FZ3,2FZ3,yes,singleton,1,191,180,,1.9,X-ray
RED00281,2,2X4Q,2X4Q,yes,best_resolution,1,189,180,,1.9,X-ray
RED00281,2,2X4P,2X4Q,no,best_resolution,2,189,180,,2.3,X-ray
RED00282,1,3FT4,3FT4,yes,singleton,1,189,180,,1.9,X-ray
RED00283,1,3GSV,3GSV,yes,singleton,1,189,180,,1.9,X-ray
RED00284,1,3KPP,3KPP,yes,singleton,1,189,180,,1.9,X-ray
RED00285,1,3LKS,3LKS,yes,singleton,1,189,180,,1.9,X-ray
RED00286,1,3MRM,3MRM,yes,singleton,1,190,180,,1.9,X-ray
RED00287,1,3O3B,3O3B,yes,singleton,1,188,180,,1.9,X-ray
RED00288,1,3REW,3REW,yes,singleton,1,189,180,,1.9,X-ray
RED00289,1,3VFM,3VFM,yes,singleton,1,193,180,,1.9,X-ray
RED00290,1,4F7P,4F7P,yes,singleton,1,187,180,,1.9,X-ray
RED00291,1,4JFQ,4JFQ,yes,singleton,1,190,180,,1.9,X-ray
RED00292,1,4JQX,4JQX,yes,singleton,1,192,180,,1.9,X-ray
RED00293,1,4NNY,4NNY,yes,singleton,1,189,180,,1.9,X-ray
RED00294,1,5HHP,5HHP,yes,singleton,1,189,180,,1.9,X-ray
RED00295,1,5T6W,5T6W,yes,singleton,1,190,180,,1.9,X-ray
RED00296,1,5VUF,5VUF,yes,singleton,1,189,180,,1.9,X-ray
RED00297,1,6D2T,6D2T,yes,singleton,1,189,180,,1.9,X-ray
RED00298,1,6UZS,6UZS,yes,singleton,1,189,180,,1.9,X-ray
RED00299,1,6VB0,6VB0,yes,singleton,1,189,180,,1.9,X-ray
RED00300,1,7KGT,7KGT,yes,singleton,1,183,180,,1.9,X-ray
RED00301,1,7LFZ,7LFZ,yes,singleton,1,189,180,,1.9,X-ray
RED00302,1,7SIH,7SIH,yes,singleton,1,188,180,,1.9,X-ray
RED00303,1,7SIS,7SIS,yes,singleton,1,189,180,,1.9,X-ray
RED00304,1,7U21,7U21,yes,singleton,1,189,180,,1.9,X-ray
RED00305,1,8REF,8REF,yes,singleton,1,190,180,,1.9,X-ray
RED00306,2,8VJZ,8VJZ,yes,best_resolution,1,190,180,,1.9,X-ray
RED00306,2,8DVG,8VJZ,no,best_resolution,2,190,180,,2.594,X-ray
RED00307,1,4O2F,4O2F,yes,singleton,1,188,180,,1.901,X-ray
RED00308,1,6PTE,6PTE,yes,singleton,1,189,180,,1.901,X-ray
RED00309,1,4JFP,4JFP,yes,singleton,1,190,180,,1.91,X-ray
RED00310,1,7XF3,7XF3,yes,singleton,1,189,180,,1.91,X-ray
RED00311,1,8XKE,8XKE,yes,singleton,1,192,180,,1.92,X-ray
RED00312,1,9CX0,9CX0,yes,singleton,1,189,180,,1.92,X-ray
RED00313,1,3FQW,3FQW,yes,singleton,1,189,180,,1.927,X-ray
RED00314,1,3MR9,3MR9,yes,singleton,1,189,180,,1.93,X-ray
RED00315,1,3LV3,3LV3,yes,singleton,1,189,180,,1.94,X-ray
RED00316,1,5GRG,5GRG,yes,singleton,1,190,180,,1.94,X-ray
RED00317,1,3VFT,3VFT,yes,singleton,1,193,180,,1.947,X-ray
RED00318,1,8F5A,8F5A,yes,singleton,1,631,180,238;203,1.95,X-ray
RED00319,1,4E5X,4E5X,yes,singleton,1,288,180,99,1.95,X-ray
RED00320,1,2AV1,2AV1,yes,singleton,1,189,180,,1.95,X-ray
RED00321,1,2YPK,2YPK,yes,singleton,1,191,180,,1.95,X-ray
RED00322,1,3GSR,3GSR,yes,singleton,1,189,180,,1.95,X-ray
RED00323,1,3HCV,3HCV,yes,singleton,1,189,180,,1.95,X-ray
RED00324,4,3VXN,3VXN,yes,best_resolution,1,190,180,,1.95,X-ray
RED00324,4,3NFN,3VXN,no,best_resolution,2,190,180,,2.392,X-ray
RED00324,4,5HGH,3VXN,no,best_resolution,3,190,180,,2.392,X-ray
RED00324,4,3QZW,3VXN,no,best_resolution,4,190,180,,2.798,X-ray
RED00325,1,7MJ6,7MJ6,yes,singleton,1,189,180,,1.95,X-ray
RED00326,1,7UC5,7UC5,yes,singleton,1,189,180,,1.95,X-ray
RED00327,1,3KPL,3KPL,yes,singleton,1,189,180,,1.96,X-ray
RED00328,2,7L1C,7L1C,yes,best_resolution,1,189,180,,1.96,X-ray
RED00328,2,8VCL,7L1C,no,best_resolution,2,189,180,,2.4,X-ray
RED00329,1,8Z05,8Z05,yes,singleton,1,189,180,,1.96,X-ray
RED00330,1,9NMV,9NMV,yes,singleton,1,626,180,240;197,1.97,X-ray
RED00331,1,8RYN,8RYN,yes,singleton,1,617,180,186;242,1.97,X-ray
RED00332,1,5EU3,5EU3,yes,singleton,1,189,180,,1.97,X-ray
RED00333,1,7LGT,7LGT,yes,singleton,1,189,180,,1.97,X-ray
RED00334,1,5C0C,5C0C,yes,singleton,1,636,180,199;247,1.974,X-ray
RED00335,1,6V3J,6V3J,yes,singleton,1,477,180,288,1.98,X-ray
RED00336,1,9CWY,9CWY,yes,singleton,1,189,180,,1.98,X-ray
RED00337,1,22EE,22EE,yes,singleton,1,189,180,,1.99,X-ray
RED00338,1,3MV7,3MV7,yes,singleton,1,632,180,241;200,2.0,X-ray
RED00339,1,9BL3,9BL3,yes,singleton,1,479,180,289,2.0,X-ray
RED00340,1,5T6Z,5T6Z,yes,singleton,1,473,180,283,2.0,X-ray
RED00341,1,3WUW,3WUW,yes,singleton,1,470,180,281,2.0,X-ray
RED00342,1,9BL5,9BL5,yes,singleton,1,470,180,281,2.0,X-ray
RED00343,1,7K81,7K81,yes,singleton,1,468,180,280,2.0,X-ray
RED00344,1,1A1N,1A1N,yes,singleton,1,188,180,,2.0,X-ray
RED00345,1,1T1Y,1T1Y,yes,singleton,1,189,180,,2.0,X-ray
RED00346,1,2AXG,2AXG,yes,singleton,1,190,180,,2.0,X-ray
RED00347,1,2BSS,2BSS,yes,singleton,1,190,180,,2.0,X-ray
RED00348,1,2BVQ,2BVQ,yes,singleton,1,189,180,,2.0,X-ray
RED00349,1,2CLR,2CLR,yes,singleton,1,190,180,,2.0,X-ray
RED00350,1,2X70,2X70,yes,singleton,1,189,180,,2.0,X-ray
RED00351,1,3GIV,3GIV,yes,singleton,1,190,180,,2.0,X-ray
RED00352,1,3H9H,3H9H,yes,singleton,1,189,180,,2.0,X-ray
RED00353,1,3HPJ,3HPJ,yes,singleton,1,189,180,,2.0,X-ray
RED00354,1,3KPN,3KPN,yes,singleton,1,189,180,,2.0,X-ray
RED00355,1,3LKN,3LKN,yes,singleton,1,189,180,,2.0,X-ray
RED00356,1,3LKR,3LKR,yes,singleton,1,189,180,,2.0,X-ray
RED00357,1,3RL1,3RL1,yes,singleton,1,189,180,,2.0,X-ray
RED00358,1,3V5D,3V5D,yes,singleton,1,189,180,,2.0,X-ray
RED00359,1,3WLB,3WLB,yes,singleton,1,190,180,,2.0,X-ray
RED00360,1,4LNR,4LNR,yes,singleton,1,191,180,,2.0,X-ray
RED00361,1,4NO2,4NO2,yes,singleton,1,192,180,,2.0,X-ray
RED00362,1,4NQX,4NQX,yes,singleton,1,189,180,,2.0,X-ray
RED00363,1,5SWQ,5SWQ,yes,singleton,1,189,180,,2.0,X-ray
RED00364,1,5VUD,5VUD,yes,singleton,1,189,180,,2.0,X-ray
RED00365,1,5VVP,5VVP,yes,singleton,1,189,180,,2.0,X-ray
RED00366,1,5VWJ,5VWJ,yes,singleton,1,189,180,,2.0,X-ray
RED00367,1,5WSH,5WSH,yes,singleton,1,189,180,,2.0,X-ray
RED00368,1,6J1V,6J1V,yes,singleton,1,189,180,,2.0,X-ray
RED00369,1,6VB3,6VB3,yes,singleton,1,189,180,,2.0,X-ray
RED00370,1,7DYN,7DYN,yes,singleton,1,190,180,,2.0,X-ray
RED00371,2,7NUI,7NUI,yes,greatest_mhc_length,1,189,180,,2.0,X-ray
RED00371,2,5WMQ,7NUI,no,greatest_mhc_length,2,188,179,,1.4,X-ray
RED00372,1,7P3E,7P3E,yes,singleton,1,189,180,,2.0,X-ray
RED00373,1,8RHQ,8RHQ,yes,singleton,1,190,180,,2.0,X-ray
RED00374,2,9CX1,9CX1,yes,best_resolution,1,189,180,,2.0,X-ray
RED00374,2,9CX2,9CX1,no,best_resolution,2,189,180,,2.3,X-ray
RED00375,1,9DY8,9DY8,yes,singleton,1,189,180,,2.0,X-ray
RED00376,1,5V5L,5V5L,yes,singleton,1,190,180,,2.002,X-ray
RED00377,1,9NMY,9NMY,yes,singleton,1,626,180,240;197,2.01,X-ray
RED00378,1,6Z9V,6Z9V,yes,singleton,1,189,180,,2.01,X-ray
RED00379,1,8Z08,8Z08,yes,singleton,1,189,180,,2.01,X-ray
RED00380,1,5EU6,5EU6,yes,singleton,1,637,180,244;204,2.02,X-ray
RED00381,1,6AVF,6AVF,yes,singleton,1,637,180,202;242,2.028,X-ray
RED00382,1,5C0B,5C0B,yes,singleton,1,634,180,197;247,2.03,X-ray
RED00383,1,5YXN,5YXN,yes,singleton,1,623,180,241;192,2.03,X-ray
RED00384,1,5HHN,5HHN,yes,singleton,1,189,180,,2.03,X-ray
RED00385,1,9ASG,9ASG,yes,singleton,1,189,180,,2.03,X-ray
RED00386,1,6D2B,6D2B,yes,singleton,1,190,180,,2.04,X-ray
RED00387,1,7L1B,7L1B,yes,singleton,1,189,180,,2.04,X-ray
RED00388,1,8RYO,8RYO,yes,singleton,1,615,180,243;183,2.05,X-ray
RED00389,1,9MIN,9MIN,yes,singleton,1,317,180,128,2.05,X-ray
RED00390,1,2AV7,2AV7,yes,singleton,1,189,180,,2.05,X-ray
RED00391,1,9CWZ,9CWZ,yes,singleton,1,189,180,,2.05,X-ray
RED00392,1,5ISZ,5ISZ,yes,singleton,1,630,180,241;200,2.06,X-ray
RED00393,2,5HGD,5HGD,yes,best_resolution,1,190,180,,2.07,X-ray
RED00393,2,3VXO,5HGD,no,best_resolution,2,190,180,,2.61,X-ray
RED00394,1,8ERX,8ERX,yes,singleton,1,189,180,,2.07,X-ray
RED00395,1,6UZP,6UZP,yes,singleton,1,189,180,,2.08,X-ray
RED00396,1,7S8Q,7S8Q,yes,singleton,1,190,180,,2.08,X-ray
RED00397,1,8TBW,8TBW,yes,singleton,1,189,180,,2.081,X-ray
RED00398,1,7WT5,7WT5,yes,singleton,1,188,180,,2.09507668635,X-ray
RED00399,1,7R7X,7R7X,yes,singleton,1,189,180,,2.099,X-ray
RED00400,1,7Q9A,7Q9A,yes,singleton,1,633,180,199;244,2.1,X-ray
RED00401,1,3MV8,3MV8,yes,singleton,1,633,180,242;200,2.1,X-ray
RED00402,1,6TMO,6TMO,yes,singleton,1,631,180,197;244,2.1,X-ray
RED00403,1,9NMU,9NMU,yes,singleton,1,626,180,240;197,2.1,X-ray
RED00404,1,2F53,2F53,yes,singleton,1,625,180,193;243,2.1,X-ray
RED00405,1,5EUO,5EUO,yes,singleton,1,618,180,239;190,2.1,X-ray
RED00406,1,9BL2,9BL2,yes,singleton,1,479,180,289,2.1,X-ray
RED00407,1,5T70,5T70,yes,singleton,1,478,180,288,2.1,X-ray
RED00408,1,1HSA,1HSA,yes,singleton,1,189,180,,2.1,X-ray
RED00409,1,1JGE,1JGE,yes,singleton,1,189,180,,2.1,X-ray
RED00410,1,2BST,2BST,yes,singleton,1,189,180,,2.1,X-ray
RED00411,5,2X4U,2X4U,yes,best_resolution,1,189,180,,2.1,X-ray
RED00411,5,6EWA,2X4U,no,best_resolution,2,189,180,,2.39,X-ray
RED00411,5,1HHJ,2X4U,no,best_resolution,3,189,180,,2.5,X-ray
RED00411,5,1AKJ,2X4U,no,best_resolution,4,189,180,,2.65,X-ray
RED00411,5,1P7Q,2X4U,no,best_resolution,5,189,180,,3.4,X-ray
RED00412,1,3DTX,3DTX,yes,singleton,1,189,180,,2.1,X-ray
RED00413,1,3DX8,3DX8,yes,singleton,1,190,180,,2.1,X-ray
RED00414,1,3GSX,3GSX,yes,singleton,1,189,180,,2.1,X-ray
RED00415,1,3IXA,3IXA,yes,singleton,1,189,180,,2.1,X-ray
RED00416,1,3L3G,3L3G,yes,singleton,1,189,180,,2.1,X-ray
RED00417,1,3MRI,3MRI,yes,singleton,1,189,180,,2.1,X-ray
RED00418,2,3MRP,3MRP,yes,best_resolution,1,190,180,,2.1,X-ray
RED00418,2,3MRQ,3MRP,no,best_resolution,2,190,180,,2.2,X-ray
RED00419,1,4UQ3,4UQ3,yes,singleton,1,185,180,,2.1,X-ray
RED00420,1,5HHQ,5HHQ,yes,singleton,1,189,180,,2.1,X-ray
RED00421,4,6VB7,6VB7,yes,best_resolution,1,189,180,,2.1,X-ray
RED00421,4,6VB5,6VB7,no,best_resolution,2,189,180,,2.15,X-ray
RED00421,4,6VB6,6VB7,no,best_resolution,3,189,180,,2.15,X-ray
RED00421,4,6UZN,6VB7,no,best_resolution,4,189,180,,2.22,X-ray
RED00422,1,6VPZ,6VPZ,yes,singleton,1,191,180,,2.1,X-ray
RED00423,1,7CIS,7CIS,yes,singleton,1,189,180,,2.1,X-ray
RED00424,1,8V51,8V51,yes,singleton,1,629,180,242;198,2.10000032944,X-ray
RED00425,1,8YIV,8YIV,yes,singleton,1,639,180,202;247,2.101,X-ray
RED00426,1,4NO5,4NO5,yes,singleton,1,189,180,,2.101,X-ray
RED00427,1,5C07,5C07,yes,singleton,1,635,180,246;199,2.11,X-ray
RED00428,1,9NMW,9NMW,yes,singleton,1,626,180,240;197,2.11,X-ray
RED00429,1,8EK5,8EK5,yes,singleton,1,416,180,227,2.11,X-ray
RED00430,1,1W0W,1W0W,yes,singleton,1,189,180,,2.11,X-ray
RED00431,1,4JFO,4JFO,yes,singleton,1,190,180,,2.11,X-ray
RED00432,1,6SSA,6SSA,yes,singleton,1,189,180,,2.11,X-ray
RED00433,1,7EJN,7EJN,yes,singleton,1,189,180,,2.11,X-ray
RED00434,1,7RRG,7RRG,yes,singleton,1,611,180,237;185,2.12,X-ray
RED00435,1,3GSQ,3GSQ,yes,singleton,1,189,180,,2.12,X-ray
RED00436,1,5EU4,5EU4,yes,singleton,1,189,180,,2.12,X-ray
RED00437,1,9PBH,9PBH,yes,singleton,1,637,180,243;205,2.13,X-ray
RED00438,1,5IND,5IND,yes,singleton,1,189,180,,2.132,X-ray
RED00439,1,1W72,1W72,yes,singleton,1,622,180,223;210,2.15,X-ray
RED00440,1,1DUY,1DUY,yes,singleton,1,188,180,,2.15,X-ray
RED00441,1,3X11,3X11,yes,singleton,1,189,180,,2.15,X-ray
RED00442,1,6PTB,6PTB,yes,singleton,1,189,180,,2.15,X-ray
RED00443,1,7KGO,7KGO,yes,singleton,1,189,180,,2.15,X-ray
RED00444,1,3OX8,3OX8,yes,singleton,1,190,180,,2.16,X-ray
RED00445,1,6XQA,6XQA,yes,singleton,1,189,180,,2.16,X-ray
RED00446,1,9J4U,9J4U,yes,singleton,1,624,180,195;240,2.17,X-ray
RED00447,1,7UR1,7UR1,yes,singleton,1,190,180,,2.17,X-ray
RED00448,1,3KWW,3KWW,yes,singleton,1,193,180,,2.18,X-ray
RED00449,1,8XKC,8XKC,yes,singleton,1,189,180,,2.18,X-ray
RED00450,1,9NMX,9NMX,yes,singleton,1,626,180,240;197,2.19,X-ray
RED00451,1,3MGT,3MGT,yes,singleton,1,190,180,,2.197,X-ray
RED00452,2,5HGA,5HGA,yes,best_resolution,1,188,180,,2.199,X-ray
RED00452,2,4WU7,5HGA,no,best_resolution,2,188,180,,2.297,X-ray
RED00453,1,8CX4,8CX4,yes,singleton,1,637,180,206;242,2.2,X-ray
RED00454,1,2P5W,2P5W,yes,singleton,1,623,180,192;242,2.2,X-ray
RED00455,2,7NME,7NME,yes,best_resolution,1,620,180,191;240,2.2,X-ray
RED00455,2,7NMF,7NME,no,best_resolution,2,623,180,194;240,2.98,X-ray
RED00456,1,1IM3,1IM3,yes,singleton,1,284,180,95,2.2,X-ray
RED00457,1,1I1Y,1I1Y,yes,singleton,1,189,180,,2.2,X-ray
RED00458,1,1I7R,1I7R,yes,singleton,1,189,180,,2.2,X-ray
RED00459,2,1OF2,1OF2,yes,best_resolution,1,189,180,,2.2,X-ray
RED00459,2,5IB5,1OF2,no,best_resolution,2,189,180,,2.49,X-ray
RED00460,1,1QEW,1QEW,yes,singleton,1,189,180,,2.2,X-ray
RED00461,1,1S8D,1S8D,yes,singleton,1,189,180,,2.2,X-ray
RED00462,1,1S9W,1S9W,yes,singleton,1,189,180,,2.2,X-ray
RED00463,1,1T1X,1T1X,yes,singleton,1,189,180,,2.2,X-ray
RED00464,1,3BHB,3BHB,yes,singleton,1,190,180,,2.2,X-ray
RED00465,1,7MLE,7MLE,yes,singleton,1,189,180,,2.2,X-ray
RED00466,1,8I5E,8I5E,yes,singleton,1,189,180,,2.2,X-ray
RED00467,1,3I6G,3I6G,yes,singleton,1,189,180,,2.201,X-ray
RED00468,1,9EIQ,9EIQ,yes,singleton,1,189,180,,2.21,X-ray
RED00469,1,1QVO,1QVO,yes,singleton,1,190,180,,2.22,X-ray
RED00470,1,6APN,6APN,yes,singleton,1,192,180,,2.22,X-ray
RED00471,1,6SS8,6SS8,yes,singleton,1,189,180,,2.24,X-ray
RED00472,1,1EEY,1EEY,yes,singleton,1,189,180,,2.25,X-ray
RED00473,1,6UJO,6UJO,yes,singleton,1,189,180,,2.25,X-ray
RED00474,1,6VQ2,6VQ2,yes,singleton,1,190,180,,2.25,X-ray
RED00475,1,6VQZ,6VQZ,yes,singleton,1,187,180,,2.25,X-ray
RED00476,1,7NMD,7NMD,yes,singleton,1,189,180,,2.25,X-ray
RED00477,1,8YJ2,8YJ2,yes,singleton,1,637,180,202;245,2.261,X-ray
RED00478,1,9O5S,9O5S,yes,singleton,1,292,180,102,2.27,X-ray
RED00479,1,1W0V,1W0V,yes,singleton,1,189,180,,2.27,X-ray
RED00480,1,5MEQ,5MEQ,yes,singleton,1,189,180,,2.27,X-ray
RED00481,1,7N2R,7N2R,yes,singleton,1,626,180,242;195,2.28,X-ray
RED00482,1,3QFJ,3QFJ,yes,singleton,1,634,180,200;245,2.29,X-ray
RED00483,1,5WWJ,5WWJ,yes,singleton,1,186,180,,2.29,X-ray
RED00484,1,5WXC,5WXC,yes,singleton,1,185,180,,2.295,X-ray
RED00485,1,3MGO,3MGO,yes,singleton,1,190,180,,2.297,X-ray
RED00486,1,7N1E,7N1E,yes,singleton,1,632,180,243;200,2.3,X-ray
RED00487,1,7N2O,7N2O,yes,singleton,1,632,180,241;202,2.3,X-ray
RED00488,1,4JRX,4JRX,yes,singleton,1,635,180,238;204,2.3,X-ray
RED00489,1,3QDJ,3QDJ,yes,singleton,1,630,180,242;199,2.3,X-ray
RED00490,1,6R2L,6R2L,yes,singleton,1,630,180,247;194,2.3,X-ray
RED00491,1,9ZCL,9ZCL,yes,singleton,1,630,180,204;236,2.3,X-ray
RED00492,1,2VLR,2VLR,yes,singleton,1,628,180,240;199,2.3,X-ray
RED00493,1,2PYE,2PYE,yes,singleton,1,626,180,242;195,2.3,X-ray
RED00494,1,7TR4,7TR4,yes,singleton,1,615,180,214;211,2.3,X-ray
RED00495,1,5B38,5B38,yes,singleton,1,462,180,273,2.3,X-ray
RED00496,1,9DL1,9DL1,yes,singleton,1,431,180,124;118,2.3,X-ray
RED00497,1,1A1M,1A1M,yes,singleton,1,189,180,,2.3,X-ray
RED00498,1,1A1O,1A1O,yes,singleton,1,189,180,,2.3,X-ray
RED00499,1,1EEZ,1EEZ,yes,singleton,1,189,180,,2.3,X-ray
RED00500,1,1S9Y,1S9Y,yes,singleton,1,189,180,,2.3,X-ray
RED00501,1,1XR8,1XR8,yes,singleton,1,189,180,,2.3,X-ray
RED00502,1,2BSR,2BSR,yes,singleton,1,189,180,,2.3,X-ray
RED00503,1,2X4O,2X4O,yes,singleton,1,189,180,,2.3,X-ray
RED00504,1,2X4T,2X4T,yes,singleton,1,188,180,,2.3,X-ray
RED00505,1,3KPO,3KPO,yes,singleton,1,189,180,,2.3,X-ray
RED00506,1,3MRF,3MRF,yes,singleton,1,189,180,,2.3,X-ray
RED00507,1,3MRN,3MRN,yes,singleton,1,190,180,,2.3,X-ray
RED00508,1,3VFW,3VFW,yes,singleton,1,193,180,,2.3,X-ray
RED00509,1,5GSD,5GSD,yes,singleton,1,187,180,,2.3,X-ray
RED00510,1,6EWO,6EWO,yes,singleton,1,189,180,,2.3,X-ray
RED00511,4,7LG0,7LG0,yes,best_resolution,1,189,180,,2.3,X-ray
RED00511,4,7LGD,7LG0,no,best_resolution,2,189,180,,2.88,X-ray
RED00511,4,9J4V,7LG0,no,best_resolution,3,188,179,,1.98,X-ray
RED00511,4,9J4S,7LG0,no,best_resolution,4,186,177,,2.95,X-ray
RED00512,1,7LG3,7LG3,yes,singleton,1,189,180,,2.3,X-ray
RED00513,1,7TLT,7TLT,yes,singleton,1,189,180,,2.3,X-ray
RED00514,1,8K4T,8K4T,yes,singleton,1,190,180,,2.3,X-ray
RED00515,2,8RJI,8RJI,yes,best_resolution,1,189,180,,2.3,X-ray
RED00515,2,8Z07,8RJI,no,best_resolution,2,189,180,,2.7,X-ray
RED00516,1,3V5K,3V5K,yes,singleton,1,189,180,,2.31,X-ray
RED00517,1,8XFZ,8XFZ,yes,singleton,1,189,180,,2.32,X-ray
RED00518,1,5C08,5C08,yes,singleton,1,623,180,189;244,2.332,X-ray
RED00519,2,6VB4,6VB4,yes,pdb_id_tiebreak_same_mhc_same_resolution_and_binder_length,1,189,180,,2.334,X-ray
RED00519,2,6VIU,6VB4,no,pdb_id_tiebreak_same_mhc_same_resolution_and_binder_length,2,189,180,,2.334,X-ray
RED00520,1,8RYM,8RYM,yes,singleton,1,605,180,238;178,2.34,X-ray
RED00521,1,2X4N,2X4N,yes,singleton,1,186,180,,2.34,X-ray
RED00522,1,4GKS,4GKS,yes,singleton,1,190,180,,2.346,X-ray
RED00523,1,6D78,6D78,yes,singleton,1,614,180,240;185,2.347,X-ray
RED00524,1,6UZO,6UZO,yes,singleton,1,189,180,,2.349,X-ray
RED00525,1,3MRO,3MRO,yes,singleton,1,190,180,,2.35,X-ray
RED00526,1,7M8S,7M8S,yes,singleton,1,190,180,,2.35,X-ray
RED00527,1,7SR5,7SR5,yes,singleton,1,192,180,,2.35,X-ray
RED00528,1,8YZW,8YZW,yes,singleton,1,189,180,,2.36,X-ray
RED00529,1,7N2S,7N2S,yes,singleton,1,609,180,239;181,2.37,X-ray
RED00530,1,6VR1,6VR1,yes,singleton,1,189,180,,2.37,X-ray
RED00531,2,6VR5,6VR5,yes,best_resolution,1,189,180,,2.38,X-ray
RED00531,2,6W51,6VR5,no,best_resolution,2,189,180,,3.53,X-ray
RED00532,1,3RL2,3RL2,yes,singleton,1,190,180,,2.386,X-ray
RED00533,1,4NQV,4NQV,yes,singleton,1,189,180,,2.39,X-ray
RED00534,1,8Z06,8Z06,yes,singleton,1,189,180,,2.39,X-ray
RED00535,1,7N1F,7N1F,yes,singleton,1,626,180,197;240,2.393,X-ray
RED00536,1,6AM5,6AM5,yes,singleton,1,621,180,242;189,2.394,X-ray
RED00537,1,6UZQ,6UZQ,yes,singleton,1,189,180,,2.395,X-ray
RED00538,1,4HWZ,4HWZ,yes,singleton,1,189,180,,2.397,X-ray
RED00539,1,4G8G,4G8G,yes,singleton,1,642,180,248;204,2.4,X-ray
RED00540,1,4PRI,4PRI,yes,singleton,1,633,180,202;240,2.4,X-ray
RED00541,1,5BS0,5BS0,yes,singleton,1,627,180,241;197,2.4,X-ray
RED00542,1,2YPL,2YPL,yes,singleton,1,628,180,199;238,2.4,X-ray
RED00543,1,3VXR,3VXR,yes,singleton,1,626,180,194;242,2.4,X-ray
RED00544,1,7K80,7K80,yes,singleton,1,478,180,290,2.4,X-ray
RED00545,1,9D96,9D96,yes,singleton,1,479,180,289,2.4,X-ray
RED00546,1,9BL6,9BL6,yes,singleton,1,455,180,266,2.4,X-ray
RED00547,2,1Q94,1Q94,yes,pdb_id_tiebreak_same_mhc_same_resolution_and_binder_length,1,189,180,,2.4,X-ray
RED00547,2,6ID4,1Q94,no,pdb_id_tiebreak_same_mhc_same_resolution_and_binder_length,2,189,180,,2.4,X-ray
RED00548,1,1QR1,1QR1,yes,singleton,1,189,180,,2.4,X-ray
RED00549,1,1SYS,1SYS,yes,singleton,1,189,180,,2.4,X-ray
RED00550,1,3I6L,3I6L,yes,singleton,1,189,180,,2.4,X-ray
RED00551,1,3L3J,3L3J,yes,singleton,1,189,180,,2.4,X-ray
RED00552,1,3MRH,3MRH,yes,singleton,1,189,180,,2.4,X-ray
RED00553,1,4F7M,4F7M,yes,singleton,1,190,180,,2.4,X-ray
RED00554,2,4WU5,4WU5,yes,pdb_id_tiebreak_same_mhc_same_resolution_and_binder_length,1,188,180,,2.4,X-ray
RED00554,2,5HGB,4WU5,no,pdb_id_tiebreak_same_mhc_same_resolution_and_binder_length,2,188,180,,2.4,X-ray
RED00555,1,7LG2,7LG2,yes,singleton,1,189,180,,2.4,X-ray
RED00556,1,8UTC,8UTC,yes,singleton,1,189,180,,2.4,X-ray
RED00557,1,4MJ5,4MJ5,yes,singleton,1,191,180,,2.401,X-ray
RED00558,1,6VM7,6VM7,yes,singleton,1,627,180,241;197,2.41,X-ray
RED00559,1,6VM8,6VM8,yes,singleton,1,626,180,241;196,2.41,X-ray
RED00560,1,3MRL,3MRL,yes,singleton,1,189,180,,2.41,X-ray
RED00561,1,4JFF,4JFF,yes,singleton,1,632,180,197;245,2.43,X-ray
RED00562,1,4UQ2,4UQ2,yes,singleton,1,186,180,,2.43,X-ray
RED00563,1,6G3J,6G3J,yes,singleton,1,190,180,,2.45,X-ray
RED00564,1,5C0A,5C0A,yes,singleton,1,633,180,246;197,2.46,X-ray
RED00565,1,4JFD,4JFD,yes,singleton,1,631,180,196;245,2.46,X-ray
RED00566,1,5JHD,5JHD,yes,singleton,1,629,180,239;201,2.46,X-ray
RED00567,1,6VRN,6VRN,yes,singleton,1,619,180,242;188,2.46,X-ray
RED00568,1,5C09,5C09,yes,singleton,1,631,180,197;244,2.475,X-ray
RED00569,1,7NMG,7NMG,yes,singleton,1,621,180,192;240,2.48,X-ray
RED00570,1,8ISN,8ISN,yes,singleton,1,189,180,,2.48,X-ray
RED00571,1,8RYQ,8RYQ,yes,singleton,1,616,180,241;186,2.49,X-ray
RED00572,1,7SR3,7SR3,yes,singleton,1,194,180,,2.49,X-ray
RED00573,1,8RNI,8RNI,yes,singleton,1,190,180,,2.49,X-ray
RED00574,1,6AMT,6AMT,yes,singleton,1,190,180,,2.496,X-ray
RED00575,1,5JZI,5JZI,yes,singleton,1,637,180,240;207,2.5,X-ray
RED00576,1,2AK4,2AK4,yes,singleton,1,638,180,241;204,2.5,X-ray
RED00577,1,3VXM,3VXM,yes,singleton,1,631,180,198;243,2.5,X-ray
RED00578,1,4PRP,4PRP,yes,singleton,1,632,180,241;200,2.5,X-ray
RED00579,1,7N2P,7N2P,yes,singleton,1,627,180,241;197,2.5,X-ray
RED00580,1,5HHM,5HHM,yes,singleton,1,623,180,240;194,2.5,X-ray
RED00581,1,9YTD,9YTD,yes,singleton,1,623,180,216;218,2.5,EM
RED00582,1,6RPB,6RPB,yes,singleton,1,622,180,194;239,2.5,X-ray
RED00583,1,1BD2,1BD2,yes,singleton,1,621,180,242;190,2.5,X-ray
RED00584,1,5B39,5B39,yes,singleton,1,466,180,277,2.5,X-ray
RED00585,1,4N8V,4N8V,yes,singleton,1,379,180,190,2.5,X-ray
RED00586,2,1A9E,1A9E,yes,best_resolution,1,189,180,,2.5,X-ray
RED00586,2,1A9B,1A9E,no,best_resolution,2,189,180,,3.2,X-ray
RED00587,1,1B0G,1B0G,yes,singleton,1,189,180,,2.5,X-ray
RED00588,1,1S9X,1S9X,yes,singleton,1,189,180,,2.5,X-ray
RED00589,1,2RFX,2RFX,yes,singleton,1,189,180,,2.5,X-ray
RED00590,1,3VXP,3VXP,yes,singleton,1,190,180,,2.5,X-ray
RED00591,1,6SS7,6SS7,yes,singleton,1,189,180,,2.5,X-ray
RED00592,1,7Q98,7Q98,yes,singleton,1,190,180,,2.5,X-ray
RED00593,1,7SRK,7SRK,yes,singleton,1,189,180,,2.5,X-ray
RED00594,1,9XJD,9XJD,yes,singleton,1,190,180,,2.5,X-ray
RED00595,1,5IM7,5IM7,yes,singleton,1,189,180,,2.502,X-ray
RED00596,1,5E9D,5E9D,yes,singleton,1,415,180,115;110,2.51,X-ray
RED00597,1,5F9J,5F9J,yes,singleton,1,189,180,,2.51,X-ray
RED00598,1,7SQP,7SQP,yes,singleton,1,193,180,,2.53,X-ray
RED00599,1,3O4L,3O4L,yes,singleton,1,629,180,245;195,2.54,X-ray
RED00600,1,7RK7,7RK7,yes,singleton,1,625,180,247;189,2.54,X-ray
RED00601,1,7SR0,7SR0,yes,singleton,1,191,180,,2.54,X-ray
RED00602,1,7RE7,7RE7,yes,singleton,1,618,180,218;211,2.547,X-ray
RED00603,1,7Q99,7Q99,yes,singleton,1,632,180,198;244,2.55,X-ray
RED00604,1,2X4S,2X4S,yes,singleton,1,189,180,,2.55,X-ray
RED00605,1,3BVN,3BVN,yes,singleton,1,189,180,,2.55,X-ray
RED00606,1,6UJQ,6UJQ,yes,singleton,1,189,180,,2.55,X-ray
RED00607,1,4L3E,4L3E,yes,singleton,1,631,180,242;199,2.557,X-ray
RED00608,1,2GJ6,2GJ6,yes,singleton,1,632,180,243;200,2.56,X-ray
RED00609,1,6RPA,6RPA,yes,singleton,1,590,180,166;235,2.56,X-ray
RED00610,1,4MJ6,4MJ6,yes,singleton,1,191,180,,2.57,X-ray
RED00611,1,6VQY,6VQY,yes,singleton,1,188,180,,2.57,X-ray
RED00612,1,9NFC,9NFC,yes,singleton,1,415,180,107;118,2.58,EM
RED00613,1,3QEQ,3QEQ,yes,singleton,1,626,180,243;194,2.59,X-ray
RED00614,1,7SR4,7SR4,yes,singleton,1,194,180,,2.59,X-ray
RED00615,1,5VZ5,5VZ5,yes,singleton,1,190,180,,2.5901,X-ray
RED00616,2,3UTT,3UTT,yes,best_resolution,1,633,180,199;244,2.6,X-ray
RED00616,2,3UTS,3UTT,no,best_resolution,2,636,180,246;200,2.712,X-ray
RED00617,1,3KPR,3KPR,yes,singleton,1,631,180,241;201,2.6,X-ray
RED00618,1,7N2N,7N2N,yes,singleton,1,626,180,241;196,2.6,X-ray
RED00619,1,7RTR,7RTR,yes,singleton,1,625,180,197;239,2.6,X-ray
RED00620,1,9YTF,9YTF,yes,singleton,1,622,180,215;218,2.6,EM
RED00621,1,1AO7,1AO7,yes,singleton,1,513,180,209;115,2.6,X-ray
RED00622,1,1HHG,1HHG,yes,singleton,1,189,180,,2.6,X-ray
RED00623,1,2HLA,2HLA,yes,singleton,1,180,180,,2.6,X-ray
RED00624,1,2XPG,2XPG,yes,singleton,1,189,180,,2.6,X-ray
RED00625,1,3HLA,3HLA,yes,singleton,1,180,180,,2.6,X-ray
RED00626,1,3L3K,3L3K,yes,singleton,1,189,180,,2.6,X-ray
RED00627,1,3TO2,3TO2,yes,singleton,1,189,180,,2.6,X-ray
RED00628,2,8RJH,8RJH,yes,greatest_mhc_length,1,189,180,,2.6,X-ray
RED00628,2,8ZV9,8RJH,no,greatest_mhc_length,2,188,179,,2.6,X-ray
RED00629,1,9XMR,9XMR,yes,singleton,1,190,180,,2.6,X-ray
RED00630,1,8GON,8GON,yes,singleton,1,624,180,190;245,2.601,X-ray
RED00631,2,3W0W,3W0W,yes,best_resolution,1,635,180,241;204,2.603,X-ray
RED00631,2,3VXU,3W0W,no,best_resolution,2,630,180,241;199,2.7,X-ray
RED00632,1,5BRZ,5BRZ,yes,singleton,1,627,180,241;197,2.62,X-ray
RED00633,1,7BBG,7BBG,yes,singleton,1,616,180,212;215,2.64,X-ray
RED00634,1,7OW6,7OW6,yes,singleton,1,616,180,181;245,2.64,X-ray
RED00635,1,5IRO,5IRO,yes,singleton,1,291,180,102,2.64,X-ray
RED00636,2,4L3C,4L3C,yes,best_resolution,1,189,180,,2.64,X-ray
RED00636,2,4L29,4L3C,no,best_resolution,2,189,180,,3.09,X-ray
RED00637,2,8TBV,8TBV,yes,best_resolution,1,189,180,,2.64,X-ray
RED00637,2,8U9G,8TBV,no,best_resolution,2,189,180,,2.87,X-ray
RED00638,1,8ES8,8ES8,yes,singleton,1,734,180,287;257,2.65,EM
RED00639,1,6Z9X,6Z9X,yes,singleton,1,188,180,,2.68,X-ray
RED00640,1,5XOV,5XOV,yes,singleton,1,642,180,207;245,2.684,X-ray
RED00641,1,3PWP,3PWP,yes,singleton,1,634,180,200;245,2.69,X-ray
RED00642,1,3QDG,3QDG,yes,singleton,1,631,180,242;199,2.69,X-ray
RED00643,1,2F54,2F54,yes,singleton,1,635,180,241;205,2.7,X-ray
RED00644,1,3H9S,3H9S,yes,singleton,1,634,180,200;245,2.7,X-ray
RED00645,1,3KPS,3KPS,yes,singleton,1,631,180,241;201,2.7,X-ray
RED00646,1,4JFE,4JFE,yes,singleton,1,632,180,245;197,2.7,X-ray
RED00647,1,3MV9,3MV9,yes,singleton,1,632,180,241;200,2.7,X-ray
RED00648,1,7N2Q,7N2Q,yes,singleton,1,628,180,201;238,2.7,X-ray
RED00649,1,2NX5,2NX5,yes,singleton,1,622,180,243;188,2.7,X-ray
RED00650,1,5YXU,5YXU,yes,singleton,1,619,180,239;190,2.7,X-ray
RED00651,1,1CG9,1CG9,yes,singleton,1,189,180,,2.7,X-ray
RED00652,1,4NO0,4NO0,yes,singleton,1,192,180,,2.7,X-ray
RED00653,1,5FDW,5FDW,yes,singleton,1,190,180,,2.7,X-ray
RED00654,1,6SS9,6SS9,yes,singleton,1,189,180,,2.7,X-ray
RED00655,1,6Z9W,6Z9W,yes,singleton,1,189,180,,2.7,X-ray
RED00656,1,8RBU,8RBU,yes,singleton,1,190,180,,2.7,X-ray
RED00657,1,8EN8,8EN8,yes,singleton,1,639,180,205;245,2.70001191123,X-ray
RED00658,1,5MEP,5MEP,yes,singleton,1,189,180,,2.71,X-ray
RED00659,1,7SSH,7SSH,yes,singleton,1,190,180,,2.73,X-ray
RED00660,1,4FTV,4FTV,yes,singleton,1,634,180,200;245,2.74,X-ray
RED00661,1,5NMG,5NMG,yes,singleton,1,631,180,242;200,2.75,X-ray
RED00662,1,6VMA,6VMA,yes,singleton,1,629,180,239;201,2.75,X-ray
RED00663,1,6D7G,6D7G,yes,singleton,1,596,180,198;208,2.75,X-ray
RED00664,1,7JYU,7JYU,yes,singleton,1,190,180,,2.75,X-ray
RED00665,1,4GKN,4GKN,yes,singleton,1,190,180,,2.753,X-ray
RED00666,1,9GV6,9GV6,yes,singleton,1,619,180,245;185,2.77,X-ray
RED00667,1,9QQE,9QQE,yes,singleton,1,593,180,209;195,2.78,EM
RED00668,1,7ST3,7ST3,yes,singleton,1,185,180,,2.78,X-ray
RED00669,1,8GOM,8GOM,yes,singleton,1,624,180,244;191,2.783,X-ray
RED00670,1,5XOT,5XOT,yes,singleton,1,634,180,242;203,2.787,X-ray
RED00671,1,5WWU,5WWU,yes,singleton,1,191,180,,2.794,X-ray
RED00672,1,4I48,4I48,yes,singleton,1,189,180,,2.799,X-ray
RED00673,1,3D3V,3D3V,yes,singleton,1,634,180,200;245,2.8,X-ray
RED00674,1,1QRN,1QRN,yes,singleton,1,632,180,243;200,2.8,X-ray
RED00675,1,1QSE,1QSE,yes,singleton,1,632,180,243;200,2.8,X-ray
RED00676,1,1QSF,1QSF,yes,singleton,1,632,180,243;200,2.8,X-ray
RED00677,1,4JRY,4JRY,yes,singleton,1,636,180,242;201,2.8,X-ray
RED00678,1,3GSN,3GSN,yes,singleton,1,631,180,199;243,2.8,X-ray
RED00679,1,3QDM,3QDM,yes,singleton,1,627,180,242;195,2.8,X-ray
RED00680,1,9D95,9D95,yes,singleton,1,624,180,241;193,2.8,X-ray
RED00681,1,1I1F,1I1F,yes,singleton,1,189,180,,2.8,X-ray
RED00682,1,1I7T,1I7T,yes,singleton,1,189,180,,2.8,X-ray
RED00683,1,2BCK,2BCK,yes,singleton,1,189,180,,2.8,X-ray
RED00684,1,3I6K,3I6K,yes,singleton,1,190,180,,2.8,X-ray
RED00685,1,7EU2,7EU2,yes,singleton,1,189,180,,2.8,X-ray
RED00686,1,8K50,8K50,yes,singleton,1,190,180,,2.8,X-ray
RED00687,1,9WVE,9WVE,yes,singleton,1,190,180,,2.8,X-ray
RED00688,1,9WVF,9WVF,yes,singleton,1,190,180,,2.8,X-ray
RED00689,1,3D39,3D39,yes,singleton,1,634,180,200;245,2.81,X-ray
RED00690,1,5MEN,5MEN,yes,singleton,1,629,180,240;200,2.81,X-ray
RED00691,1,6EQB,6EQB,yes,singleton,1,629,180,196;244,2.81,X-ray
RED00692,1,7N1B,7N1B,yes,singleton,1,189,180,,2.81,X-ray
RED00693,1,7RE8,7RE8,yes,singleton,1,189,180,,2.82,X-ray
RED00694,1,6VMC,6VMC,yes,singleton,1,630,180,240;201,2.85,X-ray
RED00695,1,5WJN,5WJN,yes,singleton,1,190,180,,2.85,X-ray
RED00696,1,5V5M,5V5M,yes,singleton,1,190,180,,2.878,X-ray
RED00697,1,4EUP,4EUP,yes,singleton,1,631,180,201;241,2.88,X-ray
RED00698,1,9O55,9O55,yes,singleton,1,415,180,109;116,2.88,EM
RED00699,1,5INC,5INC,yes,singleton,1,189,180,,2.881,X-ray
RED00700,1,5NMF,5NMF,yes,singleton,1,628,180,239;200,2.89,X-ray
RED00701,1,7R80,7R80,yes,singleton,1,632,180,200;243,2.9,X-ray
RED00702,1,6VM9,6VM9,yes,singleton,1,630,180,240;201,2.9,X-ray
RED00703,1,8EB2,8EB2,yes,singleton,1,621,180,217;215,2.9,X-ray
RED00704,1,3HAE,3HAE,yes,singleton,1,620,180,220;211,2.9,X-ray
RED00705,1,1B0R,1B0R,yes,singleton,1,187,180,,2.9,X-ray
RED00706,1,6G3K,6G3K,yes,singleton,1,190,180,,2.9,X-ray
RED00707,1,5NME,5NME,yes,singleton,1,632,180,242;201,2.94,X-ray
RED00708,1,5WKF,5WKF,yes,singleton,1,632,180,244;198,2.95,X-ray
RED00709,1,5HHO,5HHO,yes,singleton,1,624,180,240;195,2.95,X-ray
RED00710,1,6RSY,6RSY,yes,singleton,1,623,180,192;242,2.95,X-ray
RED00711,1,7JYX,7JYX,yes,singleton,1,191,180,,2.95,X-ray
RED00712,1,7S8R,7S8R,yes,singleton,1,189,180,,2.95,X-ray
RED00713,1,6AT9,6AT9,yes,singleton,1,190,180,,2.9503,X-ray
RED00714,1,6DKP,6DKP,yes,singleton,1,624,180,242;192,2.966,X-ray
RED00715,1,4MJI,4MJI,yes,singleton,1,620,180,240;192,2.99,X-ray
RED00716,1,4QRR,4QRR,yes,singleton,1,633,180,241;203,3.0,X-ray
RED00717,1,7PBE,7PBE,yes,singleton,1,630,180,199;242,3.0,X-ray
RED00718,1,3HG1,3HG1,yes,singleton,1,628,180,194;244,3.0,X-ray
RED00719,1,4QOK,4QOK,yes,singleton,1,628,180,194;244,3.0,X-ray
RED00720,1,8FJA,8FJA,yes,singleton,1,618,180,214;214,3.0,EM
RED00721,1,9BLA,9BLA,yes,singleton,1,452,180,264,3.0,X-ray
RED00722,1,1HHH,1HHH,yes,singleton,1,190,180,,3.0,X-ray
RED00723,1,7T0L,7T0L,yes,singleton,1,189,180,,3.0,X-ray
RED00724,2,8RJ5,8RJ5,yes,best_resolution,1,638,180,245;204,3.02,X-ray
RED00724,2,28IL,8RJ5,no,best_resolution,2,638,180,245;204,3.1,X-ray
RED00725,1,9D73,9D73,yes,singleton,1,615,180,212;214,3.02,EM
RED00726,1,4WUU,4WUU,yes,singleton,1,624,180,212;223,3.047,X-ray
RED00727,1,9K2I,9K2I,yes,singleton,1,634,180,245;200,3.05,X-ray
RED00728,1,6P64,6P64,yes,singleton,1,623,180,245;189,3.05,X-ray
RED00729,1,5HYJ,5HYJ,yes,singleton,1,629,180,246;193,3.06,X-ray
RED00730,1,8FJB,8FJB,yes,singleton,1,610,180,214;207,3.06,EM
RED00731,1,8VR9,8VR9,yes,singleton,1,413,180,117;107,3.06,EM
RED00732,1,7PHR,7PHR,yes,singleton,1,717,180,285;243,3.08,EM
RED00733,1,8K4V,8K4V,yes,singleton,1,190,180,,3.095,X-ray
RED00734,1,3KXF,3KXF,yes,singleton,1,638,180,241;204,3.1,X-ray
RED00735,1,9YW4,9YW4,yes,singleton,1,625,180,241;194,3.1,X-ray
RED00736,1,8UDR,8UDR,yes,singleton,1,620,180,213;217,3.1,EM
RED00737,1,7TUE,7TUE,yes,singleton,1,541,180,361,3.1,X-ray
RED00738,1,9FE1,9FE1,yes,singleton,1,346,180,157,3.1,EM
RED00739,1,3W39,3W39,yes,singleton,1,188,180,,3.1,X-ray
RED00740,1,7L1D,7L1D,yes,singleton,1,623,180,187;247,3.11,X-ray
RED00741,1,6RP9,6RP9,yes,singleton,1,630,180,244;197,3.12,X-ray
RED00742,1,8ESB,8ESB,yes,singleton,1,192,180,,3.12,EM
RED00743,1,8T6M,8T6M,yes,singleton,1,649,180,107;106;126;121,3.14,EM
RED00744,1,5WJL,5WJL,yes,singleton,1,190,180,,3.15,X-ray
RED00745,1,6EQA,6EQA,yes,singleton,1,627,180,194;244,3.16,X-ray
RED00746,1,8DNT,8DNT,yes,singleton,1,630,180,199;242,3.18,X-ray
RED00747,2,5WWI,5WWI,yes,best_resolution,1,191,180,,3.194,X-ray
RED00747,2,5WXD,5WWI,no,best_resolution,2,191,180,,3.295,X-ray
RED00748,1,5WKH,5WKH,yes,singleton,1,632,180,244;198,3.2,X-ray
RED00749,1,5NHT,5NHT,yes,singleton,1,630,180,197;243,3.2,X-ray
RED00750,1,7N6E,7N6E,yes,singleton,1,627,180,239;199,3.2,X-ray
RED00751,1,8YE4,8YE4,yes,singleton,1,610,180,238;183,3.2,X-ray
RED00752,1,2D31,2D31,yes,singleton,1,189,180,,3.2,X-ray
RED00753,1,6EWC,6EWC,yes,singleton,1,189,180,,3.2,X-ray
RED00754,1,9NFB,9NFB,yes,singleton,1,415,180,107;118,3.23,EM
RED00755,1,9QQF,9QQF,yes,singleton,1,379,180,190,3.23,EM
RED00756,1,7Q9B,7Q9B,yes,singleton,1,628,180,245;193,3.24,X-ray
RED00757,1,8ES9,8ES9,yes,singleton,1,728,180,251;287,3.25,EM
RED00758,1,5NQK,5NQK,yes,singleton,1,630,180,197;243,3.25,X-ray
RED00759,1,8VRB,8VRB,yes,singleton,1,413,180,117;106,3.25,EM
RED00760,1,9OBF,9OBF,yes,singleton,1,191,180,,3.25,X-ray
RED00761,1,9YZH,9YZH,yes,singleton,1,191,180,,3.25,X-ray
RED00762,1,8GVI,8GVI,yes,singleton,1,632,180,203;241,3.3,X-ray
RED00763,1,9HKQ,9HKQ,yes,singleton,1,301,180,112,3.3,EM
RED00764,1,5KNM,5KNM,yes,singleton,1,186,180,,3.3,X-ray
RED00765,1,6NCA,6NCA,yes,singleton,1,189,180,,3.30000082539,X-ray
RED00766,1,9D74,9D74,yes,singleton,1,606,180,211;206,3.31,EM
RED00767,1,8RH6,8RH6,yes,singleton,1,190,180,,3.32,X-ray
RED00768,1,7RM4,7RM4,yes,singleton,1,632,180,243;200,3.33,X-ray
RED00769,1,6BJ2,6BJ2,yes,singleton,1,633,180,241;203,3.35,X-ray
RED00770,1,8GVG,8GVG,yes,singleton,1,631,180,240;203,3.37,X-ray
RED00771,1,8ESA,8ESA,yes,singleton,1,192,180,,3.4,EM
RED00772,1,8RRO,8RRO,yes,singleton,1,634,180,202;242,3.5,X-ray
RED00773,1,3DXA,3DXA,yes,singleton,1,633,180,199;244,3.5,X-ray
RED00774,1,9NNF,9NNF,yes,singleton,1,330,180,141,3.8,EM
RED00775,1,8T7R,8T7R,yes,singleton,1,617,180,223;205,3.84,X-ray
RED00776,1,5E6I,5E6I,yes,singleton,1,629,180,201;239,4.0,X-ray
RED00777,1,8E2Z,8E2Z,yes,singleton,1,188,179,,1.13,X-ray
RED00778,1,4U1M,4U1M,yes,singleton,1,188,179,,1.18,X-ray
RED00779,1,9MEF,9MEF,yes,singleton,1,189,179,,1.27,X-ray
RED00780,1,3LN4,3LN4,yes,singleton,1,187,179,,1.296,X-ray
RED00781,1,3SPV,3SPV,yes,singleton,1,187,179,,1.3,X-ray
RED00782,1,4U1J,4U1J,yes,singleton,1,188,179,,1.38,X-ray
RED00783,4,6P2C,6P2C,yes,best_resolution,1,188,179,,1.396,X-ray
RED00783,4,6P27,6P2C,no,best_resolution,2,188,179,,1.593,X-ray
RED00783,4,6P23,6P2C,no,best_resolution,3,188,179,,1.595,X-ray
RED00783,4,6P2S,6P2C,no,best_resolution,4,188,179,,1.65,X-ray
RED00784,1,4QRS,4QRS,yes,singleton,1,188,179,,1.4,X-ray
RED00785,1,4QRT,4QRT,yes,singleton,1,188,179,,1.4,X-ray
RED00786,1,6O53,6O53,yes,singleton,1,189,179,,1.4,X-ray
RED00787,1,9NYN,9NYN,yes,singleton,1,188,179,,1.43,X-ray
RED00788,1,6P2F,6P2F,yes,singleton,1,188,179,,1.482,X-ray
RED00789,1,8E8I,8E8I,yes,singleton,1,187,179,,1.49,X-ray
RED00790,1,6AT5,6AT5,yes,singleton,1,192,179,,1.5,X-ray
RED00791,1,7WJ3,7WJ3,yes,singleton,1,183,179,,1.5634361884,X-ray
RED00792,1,5WMR,5WMR,yes,singleton,1,188,179,,1.58,X-ray
RED00793,1,4U1H,4U1H,yes,singleton,1,188,179,,1.59,X-ray
RED00794,1,3SKO,3SKO,yes,singleton,1,188,179,,1.6,X-ray
RED00795,1,3VRI,3VRI,yes,singleton,1,189,179,,1.6,X-ray
RED00796,1,4QRU,4QRU,yes,singleton,1,188,179,,1.6,X-ray
RED00797,1,5WMP,5WMP,yes,singleton,1,189,179,,1.6,X-ray
RED00798,1,9MDA,9MDA,yes,singleton,1,188,179,,1.6,X-ray
RED00799,1,9F13,9F13,yes,singleton,1,188,179,,1.61,X-ray
RED00800,1,9MEG,9MEG,yes,singleton,1,189,179,,1.61,X-ray
RED00801,1,5WMO,5WMO,yes,singleton,1,188,179,,1.62,X-ray
RED00802,1,3KYO,3KYO,yes,singleton,1,188,179,,1.7,X-ray
RED00803,1,3VCL,3VCL,yes,singleton,1,190,179,,1.7,X-ray
RED00804,1,4QRQ,4QRQ,yes,singleton,1,188,179,,1.7,X-ray
RED00805,1,5EO0,5EO0,yes,singleton,1,188,179,,1.7,X-ray
RED00806,1,6JTO,6JTO,yes,singleton,1,189,179,,1.7,X-ray
RED00807,1,8RNE,8RNE,yes,singleton,1,188,179,,1.71,X-ray
RED00808,1,7P4B,7P4B,yes,singleton,1,188,179,,1.72,X-ray
RED00809,1,5W6A,5W6A,yes,singleton,1,188,179,,1.74,X-ray
RED00810,1,4U1S,4U1S,yes,singleton,1,188,179,,1.76,X-ray
RED00811,1,4U1N,4U1N,yes,singleton,1,188,179,,1.77,X-ray
RED00812,1,7BH8,7BH8,yes,singleton,1,627,179,214;225,1.8,X-ray
RED00813,1,3SKM,3SKM,yes,singleton,1,188,179,,1.8,X-ray
RED00814,1,3X12,3X12,yes,singleton,1,188,179,,1.8,X-ray
RED00815,1,3X13,3X13,yes,singleton,1,188,179,,1.8,X-ray
RED00816,1,7PDW,7PDW,yes,singleton,1,626,179,238;200,1.82,X-ray
RED00817,1,5WMN,5WMN,yes,singleton,1,188,179,,1.82,X-ray
RED00818,1,5EO1,5EO1,yes,singleton,1,188,179,,1.85,X-ray
RED00819,1,8V8Q,8V8Q,yes,singleton,1,188,179,,1.85,X-ray
RED00820,1,5FA3,5FA3,yes,singleton,1,188,179,,1.86,X-ray
RED00821,2,6ULI,6ULI,yes,best_resolution,1,188,179,,1.88,X-ray
RED00821,2,6JTP,6ULI,no,best_resolution,2,188,179,,1.9,X-ray
RED00822,1,7S7F,7S7F,yes,singleton,1,188,179,,1.88,X-ray
RED00823,1,6BJ3,6BJ3,yes,singleton,1,631,179,241;202,1.898,X-ray
RED00824,2,1YDP,1YDP,yes,best_resolution,1,188,179,,1.9,X-ray
RED00824,2,6AEE,1YDP,no,best_resolution,2,188,179,,3.303,X-ray
RED00825,1,3LN5,3LN5,yes,singleton,1,190,179,,1.9,X-ray
RED00826,1,3VRJ,3VRJ,yes,singleton,1,189,179,,1.9,X-ray
RED00827,2,6JTN,6JTN,yes,pdb_id_tiebreak_same_mhc_same_resolution_and_binder_length,1,189,179,,1.9,X-ray
RED00827,2,6ULK,6JTN,no,pdb_id_tiebreak_same_mhc_same_resolution_and_binder_length,2,189,179,,1.9,X-ray
RED00828,1,6UJ7,6UJ7,yes,singleton,1,189,179,,1.9,X-ray
RED00829,1,9L48,9L48,yes,singleton,1,188,179,,1.9,X-ray
RED00830,1,9L4A,9L4A,yes,singleton,1,188,179,,1.9,X-ray
RED00831,1,4U1I,4U1I,yes,singleton,1,188,179,,1.92,X-ray
RED00832,1,7SU9,7SU9,yes,singleton,1,188,179,,1.99,X-ray
RED00833,1,3UPR,3UPR,yes,singleton,1,188,179,,1.999,X-ray
RED00834,1,3X14,3X14,yes,singleton,1,188,179,,2.0,X-ray
RED00835,1,4K7F,4K7F,yes,singleton,1,188,179,,2.0,X-ray
RED00836,1,5U98,5U98,yes,singleton,1,188,179,,2.0,X-ray
RED00837,1,6ULN,6ULN,yes,singleton,1,617,179,189;240,2.01,X-ray
RED00838,1,7PBC,7PBC,yes,singleton,1,629,179,201;240,2.04,X-ray
RED00839,1,7S7E,7S7E,yes,singleton,1,188,179,,2.04,X-ray
RED00840,1,1AGD,1AGD,yes,singleton,1,187,179,,2.05,X-ray
RED00841,1,7P49,7P49,yes,singleton,1,188,179,,2.05,X-ray
RED00842,1,9EK4,9EK4,yes,singleton,1,188,179,,2.05,X-ray
RED00843,1,4U1L,4U1L,yes,singleton,1,188,179,,2.06,X-ray
RED00844,1,4U1K,4U1K,yes,singleton,1,188,179,,2.09,X-ray
RED00845,1,1AGC,1AGC,yes,singleton,1,187,179,,2.1,X-ray
RED00846,1,5EOT,5EOT,yes,singleton,1,190,179,,2.1,X-ray
RED00847,1,6GH1,6GH1,yes,singleton,1,188,179,,2.1,X-ray
RED00848,1,9K2U,9K2U,yes,singleton,1,190,179,,2.1,X-ray
RED00849,1,9EJD,9EJD,yes,singleton,1,188,179,,2.15,X-ray
RED00850,1,6AMU,6AMU,yes,singleton,1,625,179,195;241,2.151,X-ray
RED00851,1,6GH4,6GH4,yes,singleton,1,188,179,,2.16,X-ray
RED00852,1,1AGB,1AGB,yes,singleton,1,187,179,,2.2,X-ray
RED00853,1,1AGF,1AGF,yes,singleton,1,187,179,,2.2,X-ray
RED00854,1,6O9B,6O9B,yes,singleton,1,188,179,,2.2,X-ray
RED00855,1,9K2T,9K2T,yes,singleton,1,189,179,,2.2,X-ray
RED00856,1,8TUH,8TUH,yes,singleton,1,188,179,,2.20010596362,X-ray
RED00857,1,8RLT,8RLT,yes,singleton,1,612,179,240;184,2.25,X-ray
RED00858,1,6UJ8,6UJ8,yes,singleton,1,189,179,,2.25,X-ray
RED00859,1,9NW9,9NW9,yes,singleton,1,628,179,217;223,2.3,X-ray
RED00860,1,1AGE,1AGE,yes,singleton,1,187,179,,2.3,X-ray
RED00861,1,5F7D,5F7D,yes,singleton,1,189,179,,2.3,X-ray
RED00862,1,5W67,5W67,yes,singleton,1,188,179,,2.3,X-ray
RED00863,1,8EO8,8EO8,yes,singleton,1,640,179,246;206,2.30000092477,X-ray
RED00864,1,6IEX,6IEX,yes,singleton,1,189,179,,2.314,X-ray
RED00865,1,5VGD,5VGD,yes,singleton,1,188,179,,2.32,X-ray
RED00866,1,8QFY,8QFY,yes,singleton,1,616,179,187;241,2.33,X-ray
RED00867,1,8RLU,8RLU,yes,singleton,1,617,179,240;189,2.35,X-ray
RED00868,1,5FA4,5FA4,yes,singleton,1,190,179,,2.4,X-ray
RED00869,1,8TUB,8TUB,yes,singleton,1,190,179,,2.4,X-ray
RED00870,1,8V4Z,8V4Z,yes,singleton,1,627,179,242;197,2.40000208775,X-ray
RED00871,1,6O9C,6O9C,yes,singleton,1,188,179,,2.45,X-ray
RED00872,1,7OW3,7OW3,yes,singleton,1,189,179,,2.46,X-ray
RED00873,1,1MI5,1MI5,yes,singleton,1,630,179,241;201,2.5,X-ray
RED00874,1,4PRH,4PRH,yes,singleton,1,632,179,202;240,2.5,X-ray
RED00875,1,9L4I,9L4I,yes,singleton,1,369,179,182,2.5,X-ray
RED00876,2,2DYP,2DYP,yes,best_resolution,1,188,179,,2.5,X-ray
RED00876,2,6K60,2DYP,no,best_resolution,2,188,179,,3.149,X-ray
RED00877,1,3BZF,3BZF,yes,singleton,1,188,179,,2.5,X-ray
RED00878,1,5XS3,5XS3,yes,singleton,1,188,179,,2.5,X-ray
RED00879,1,8ENH,8ENH,yes,singleton,1,638,179,205;245,2.50003195312,X-ray
RED00880,1,6PAG,6PAG,yes,singleton,1,355,179,167,2.501,X-ray
RED00881,1,7DUU,7DUU,yes,singleton,1,384,179,196,2.51,X-ray
RED00882,1,9HLJ,9HLJ,yes,singleton,1,611,179,244;179,2.54,X-ray
RED00883,1,6GHN,6GHN,yes,singleton,1,188,179,,2.542,X-ray
RED00884,1,7NDQ,7NDQ,yes,singleton,1,614,179,241;185,2.551,X-ray
RED00885,1,7OW5,7OW5,yes,singleton,1,626,179,191;246,2.58,X-ray
RED00886,1,6AVG,6AVG,yes,singleton,1,633,179,196;245,2.6,X-ray
RED00887,1,2ESV,2ESV,yes,singleton,1,627,179,240;199,2.6,X-ray
RED00888,1,9BL9,9BL9,yes,singleton,1,462,179,275,2.6,X-ray
RED00889,1,5VGE,5VGE,yes,singleton,1,188,179,,2.6,X-ray
RED00890,1,8RLV,8RLV,yes,singleton,1,612,179,240;184,2.609,X-ray
RED00891,1,6VRM,6VRM,yes,singleton,1,615,179,244;183,2.61,X-ray
RED00892,1,5IUE,5IUE,yes,singleton,1,186,179,,2.62,X-ray
RED00893,1,6GL1,6GL1,yes,singleton,1,188,179,,2.623,X-ray
RED00894,1,7DZN,7DZN,yes,singleton,1,631,179,241;202,2.63,X-ray
RED00895,1,8V50,8V50,yes,singleton,1,627,179,242;197,2.6500177696,X-ray
RED00896,1,9RCV,9RCV,yes,singleton,1,581,179,402,2.7,EM
RED00897,1,1QQD,1QQD,yes,singleton,1,188,179,,2.7,X-ray
RED00898,1,8ESH,8ESH,yes,singleton,1,188,179,,2.72,X-ray
RED00899,1,6GGM,6GGM,yes,singleton,1,188,179,,2.734,X-ray
RED00900,1,3FFC,3FFC,yes,singleton,1,637,179,202;247,2.8,X-ray
RED00901,1,1IM9,1IM9,yes,singleton,1,383,179,195,2.8,X-ray
RED00902,1,1KPR,1KPR,yes,singleton,1,188,179,,2.8,X-ray
RED00903,1,3AM8,3AM8,yes,singleton,1,188,179,,2.8,X-ray
RED00904,1,5W69,5W69,yes,singleton,1,188,179,,2.8,X-ray
RED00905,1,9L47,9L47,yes,singleton,1,188,179,,2.8,X-ray
RED00906,1,4QRP,4QRP,yes,singleton,1,634,179,243;203,2.9,X-ray
RED00907,1,6UJ9,6UJ9,yes,singleton,1,620,179,213;218,2.9,X-ray
RED00908,1,8TMU,8TMU,yes,singleton,1,393,179,204,2.9,X-ray
RED00909,1,8SHI,8SHI,yes,singleton,1,612,179,240;184,2.90001719663,X-ray
RED00910,1,6VQO,6VQO,yes,singleton,1,621,179,193;240,3.0,X-ray
RED00911,1,6TRO,6TRO,yes,singleton,1,620,179,189;242,3.0,X-ray
RED00912,1,1EFX,1EFX,yes,singleton,1,385,179,197,3.0,X-ray
RED00913,1,9L49,9L49,yes,singleton,1,188,179,,3.0,X-ray
RED00914,1,6PA1,6PA1,yes,singleton,1,376,179,188,3.01,X-ray
RED00915,1,6VMX,6VMX,yes,singleton,1,634,179,243;203,3.1,X-ray
RED00916,1,3SJV,3SJV,yes,singleton,1,626,179,241;197,3.1,X-ray
RED00917,1,9L4H,9L4H,yes,singleton,1,367,179,180,3.1,X-ray
RED00918,1,1KTL,1KTL,yes,singleton,1,188,179,,3.1,X-ray
RED00919,1,7STF,7STF,yes,singleton,1,619,179,214;216,3.14,EM
RED00920,1,8GVB,8GVB,yes,singleton,1,605,179,235;183,3.2,X-ray
RED00921,1,7PB2,7PB2,yes,singleton,1,596,179,244;163,3.41,X-ray
RED00922,1,9RWI,9RWI,yes,singleton,1,187,179,,3.45,X-ray
RED00923,1,6UON,6UON,yes,singleton,1,626,179,199;238,3.5,X-ray
RED00924,1,5D2L,5D2L,yes,singleton,1,599,179,226;185,3.511,X-ray
RED00925,2,3CII,3CII,yes,greatest_mhc_length,1,425,179,116;121,4.41,X-ray
RED00925,2,3CDG,3CII,no,greatest_mhc_length,2,426,178,116;123,3.4,X-ray
RED00926,1,9WJ6,9WJ6,yes,singleton,1,627,179,223;215,4.54,X-ray
RED00927,1,6MPP,6MPP,yes,singleton,1,189,179,,,NMR
RED00928,1,9D97,9D97,yes,singleton,1,476,178,289,1.6,X-ray
RED00929,1,7MX4,7MX4,yes,singleton,1,178,178,,1.73,X-ray
RED00930,1,6BJ8,6BJ8,yes,singleton,1,630,178,242;201,1.75,X-ray
RED00931,1,4NT6,4NT6,yes,singleton,1,187,178,,1.84,X-ray
RED00932,1,7MXF,7MXF,yes,singleton,1,178,178,,2.0,X-ray
RED00933,1,9J4T,9J4T,yes,singleton,1,622,178,243;192,2.04,X-ray
RED00934,1,5D2N,5D2N,yes,singleton,1,631,178,198;246,2.099,X-ray
RED00935,1,9NW7,9NW7,yes,singleton,1,627,178,217;223,2.1,X-ray
RED00936,1,6ZKX,6ZKX,yes,singleton,1,625,178,190;245,2.17,X-ray
RED00937,1,7DZM,7DZM,yes,singleton,1,629,178,241;201,2.25,X-ray
RED00938,1,9WC2,9WC2,yes,singleton,1,624,178,199;238,2.25,X-ray
RED00939,1,6ZKW,6ZKW,yes,singleton,1,618,178,243;188,2.26,X-ray
RED00940,1,6ZKZ,6ZKZ,yes,singleton,1,619,178,243;189,2.3,X-ray
RED00941,1,9WC3,9WC3,yes,singleton,1,623,178,196;240,2.4,X-ray
RED00942,1,3KYN,3KYN,yes,singleton,1,187,178,,2.4,X-ray
RED00943,1,3BZE,3BZE,yes,singleton,1,187,178,,2.5,X-ray
RED00944,1,1KCG,1KCG,yes,singleton,1,423,178,123;122,2.6,X-ray
RED00945,1,1A6Z,1A6Z,yes,singleton,1,178,178,,2.6,X-ray
RED00946,1,6ZKY,6ZKY,yes,singleton,1,620,178,244;189,2.65,X-ray
RED00947,1,9L4G,9L4G,yes,singleton,1,186,178,,2.7,X-ray
RED00948,1,1DE4,1DE4,yes,singleton,1,1448,178,635;635,2.8,X-ray
RED00949,1,1MHE,1MHE,yes,singleton,1,187,178,,2.85,X-ray
RED00950,1,7NDU,7NDU,yes,singleton,1,612,178,241;184,2.9,X-ray
RED00951,1,7JYW,7JYW,yes,singleton,1,187,178,,2.9,X-ray
RED00952,1,9OHU,9OHU,yes,singleton,1,178,178,,2.9,X-ray
RED00953,1,6MTM,6MTM,yes,singleton,1,617,178,237;193,3.0,X-ray
RED00954,1,5W1W,5W1W,yes,singleton,1,631,178,243;201,3.1,X-ray
RED00955,1,8TNJ,8TNJ,yes,singleton,1,612,178,212;213,3.1,EM
RED00956,1,8VRA,8VRA,yes,singleton,1,412,178,118;106,3.12,EM
RED00957,1,6ULR,6ULR,yes,singleton,1,616,178,241;188,3.2,X-ray
RED00958,1,5W1V,5W1V,yes,singleton,1,631,178,243;201,3.31,X-ray
RED00959,1,9C3E,9C3E,yes,singleton,1,720,178,281;252,3.5,EM
RED00960,1,7QPD,7QPD,yes,singleton,1,526,178,348,3.73,EM
RED00961,1,8GLH,8GLH,yes,singleton,1,177,177,,1.83,X-ray
RED00962,1,4L4V,4L4V,yes,singleton,1,605,177,188;240,1.9,X-ray
RED00963,1,3T8X,3T8X,yes,singleton,1,177,177,,1.9,X-ray
RED00964,1,9O07,9O07,yes,singleton,1,611,177,192;242,1.97,X-ray
RED00965,1,5U17,5U17,yes,singleton,1,613,177,195;241,2.15,X-ray
RED00966,1,1GZQ,1GZQ,yes,singleton,1,177,177,,2.26,X-ray
RED00967,1,9NW8,9NW8,yes,singleton,1,626,177,217;223,2.3,X-ray
RED00968,1,8SOS,8SOS,yes,singleton,1,304,177,127,2.33,X-ray
RED00969,1,6CUG,6CUG,yes,singleton,1,607,177,244;186,2.4,X-ray
RED00970,1,7ZT2,7ZT2,yes,singleton,1,603,177,241;185,2.4,X-ray
RED00971,1,7ZT3,7ZT3,yes,singleton,1,599,177,240;182,2.4,X-ray
RED00972,1,9K2S,9K2S,yes,singleton,1,370,177,183,2.4,X-ray
RED00973,2,6R2U,6R2U,yes,greatest_mhc_length,1,177,177,,2.49,X-ray
RED00973,2,1ZAG,6R2U,no,greatest_mhc_length,2,173,173,,2.8,X-ray
RED00974,1,3OV6,3OV6,yes,singleton,1,177,177,,2.502,X-ray
RED00975,1,24ST,24ST,yes,singleton,1,632,177,242;204,2.7,X-ray
RED00976,1,4ONO,4ONO,yes,singleton,1,177,177,,2.705,X-ray
RED00977,1,5WKI,5WKI,yes,singleton,1,623,177,248;198,2.75,X-ray
RED00978,1,9WBD,9WBD,yes,singleton,1,619,177,242;191,2.75,X-ray
RED00979,1,6V7Z,6V7Z,yes,singleton,1,294,177,117,2.75,X-ray
RED00980,1,3U0P,3U0P,yes,singleton,1,177,177,,2.8,X-ray
RED00981,1,8TM2,8TM2,yes,singleton,1,430,177,253,2.85,X-ray
RED00982,1,9K2R,9K2R,yes,singleton,1,628,177,199;241,2.98,X-ray
RED00983,1,7NDT,7NDT,yes,singleton,1,616,177,240;190,2.999,X-ray
RED00984,1,9RXM,9RXM,yes,singleton,1,561,177,210;165,3.0,EM
RED00985,1,4MNG,4MNG,yes,singleton,1,405,177,228,3.0058,X-ray
RED00986,1,9NW6,9NW6,yes,singleton,1,624,177,214;224,3.1,X-ray
RED00987,1,6V80,6V80,yes,singleton,1,732,177,240;198;117,3.53,X-ray
RED00988,1,9RUP,9RUP,yes,singleton,1,626,177,242;198,4.11,EM
RED00989,1,8GLG,8GLG,yes,singleton,1,176,176,,1.6,X-ray
RED00990,1,4L4T,4L4T,yes,singleton,1,611,176,193;242,2.0,X-ray
RED00991,1,4PJ9,4PJ9,yes,singleton,1,596,176,230;190,2.0,X-ray
RED00992,1,4NQE,4NQE,yes,singleton,1,596,176,189;231,2.1,X-ray
RED00993,5,1T80,1T80,yes,greatest_mhc_length,1,176,176,,2.1,X-ray
RED00993,5,1T7X,1T80,no,greatest_mhc_length,2,175,175,,3.1,X-ray
RED00993,5,1T7W,1T80,no,greatest_mhc_length,3,174,174,,2.7,X-ray
RED00993,5,1T7Y,1T80,no,greatest_mhc_length,4,174,174,,2.8,X-ray
RED00993,5,1T7Z,1T80,no,greatest_mhc_length,5,174,174,,3.0,X-ray
RED00994,1,7MXH,7MXH,yes,singleton,1,176,176,,2.11,X-ray
RED00995,1,9OHV,9OHV,yes,singleton,1,176,176,,2.12,X-ray
RED00996,1,7ZT9,7ZT9,yes,singleton,1,602,176,241;185,2.13,X-ray
RED00997,1,5U2V,5U2V,yes,singleton,1,611,176,193;242,2.2,X-ray
RED00998,1,9OHY,9OHY,yes,singleton,1,176,176,,2.2,X-ray
RED00999,1,7ZT8,7ZT8,yes,singleton,1,604,176,241;187,2.29,X-ray
RED01000,1,9CGR,9CGR,yes,singleton,1,620,176,244;200,2.4,X-ray
RED01001,1,9Y0W,9Y0W,yes,singleton,1,613,176,242;195,2.4,X-ray
RED01002,1,4PJD,4PJD,yes,singleton,1,597,176,233;188,2.78,X-ray
RED01003,1,3IT8,3IT8,yes,singleton,1,480,176,152;152,2.8,X-ray
RED01004,1,1XZ0,1XZ0,yes,singleton,1,176,176,,2.8,X-ray
RED01005,1,8BP6,8BP6,yes,singleton,1,176,176,,2.8,X-ray
RED01006,1,4PJB,4PJB,yes,singleton,1,594,176,230;188,2.85,X-ray
RED01007,1,9C9D,9C9D,yes,singleton,1,620,176,200;244,2.9,X-ray
RED01008,1,7FI6,7FI6,yes,singleton,1,430,176,123;131,2.9,X-ray
RED01009,1,9OHT,9OHT,yes,singleton,1,176,176,,2.98,X-ray
RED01010,1,9BYS,9BYS,yes,singleton,1,545,176,173;196,3.1,X-ray
RED01011,1,3SDX,3SDX,yes,singleton,1,614,176,242;196,3.12,X-ray
RED01012,1,7LLJ,7LLJ,yes,singleton,1,623,176,236;211,3.15,X-ray
RED01013,1,7LLI,7LLI,yes,singleton,1,625,176,212;237,3.2,X-ray
RED01014,1,9NDS,9NDS,yes,singleton,1,629,176,199;245,3.4,X-ray
RED01015,1,8Y6X,8Y6X,yes,singleton,1,612,176,242;194,3.4,X-ray
RED01016,1,6PUD,6PUD,yes,singleton,1,620,175,201;244,1.8,X-ray
RED01017,1,6PUG,6PUG,yes,singleton,1,619,175,200;244,1.8,X-ray
RED01018,1,6PUL,6PUL,yes,singleton,1,619,175,200;244,1.84,X-ray
RED01019,1,6PUC,6PUC,yes,singleton,1,618,175,244;199,1.85,X-ray
RED01020,1,6PUH,6PUH,yes,singleton,1,618,175,244;199,1.88,X-ray
RED01021,1,6W9U,6W9U,yes,singleton,1,618,175,244;199,1.89,X-ray
RED01022,1,6PUE,6PUE,yes,singleton,1,617,175,243;199,1.9,X-ray
RED01023,1,6W9V,6W9V,yes,singleton,1,620,175,244;201,1.95,X-ray
RED01024,1,9O05,9O05,yes,singleton,1,620,175,200;245,1.95,X-ray
RED01025,1,6PUI,6PUI,yes,singleton,1,620,175,200;245,1.96,X-ray
RED01026,1,6PVC,6PVC,yes,singleton,1,618,175,242;201,1.96,X-ray
RED01027,1,5D7I,5D7I,yes,singleton,1,614,175,241;198,2.0,X-ray
RED01028,1,4PJ5,4PJ5,yes,singleton,1,607,175,190;242,2.0,X-ray
RED01029,1,4PJH,4PJH,yes,singleton,1,606,175,239;192,2.0,X-ray
RED01030,1,4X6E,4X6E,yes,singleton,1,175,175,,2.1,X-ray
RED01031,1,9O08,9O08,yes,singleton,1,618,175,244;199,2.2,X-ray
RED01032,1,9QWK,9QWK,yes,singleton,1,611,175,245;191,2.27,X-ray
RED01033,1,7FI5,7FI5,yes,singleton,1,432,175,124;133,2.39,X-ray
RED01034,1,4PJG,4PJG,yes,singleton,1,603,175,240;188,2.4,X-ray
RED01035,1,7KP0,7KP0,yes,singleton,1,175,175,,2.4,X-ray
RED01036,1,4PJF,4PJF,yes,singleton,1,605,175,190;240,2.45,X-ray
RED01037,1,4PJI,4PJI,yes,singleton,1,602,175,238;189,2.5,X-ray
RED01038,1,9OHW,9OHW,yes,singleton,1,175,175,,2.5,X-ray
RED01039,1,8SGM,8SGM,yes,singleton,1,614,175,203;236,2.50000221525,X-ray
RED01040,1,9MS0,9MS0,yes,singleton,1,608,175,240;193,2.52,X-ray
RED01041,1,4EN3,4EN3,yes,singleton,1,600,175,240;185,2.568,X-ray
RED01042,1,9C42,9C42,yes,singleton,1,620,175,201;244,2.69,X-ray
RED01043,1,1HYR,1HYR,yes,singleton,1,427,175,124;128,2.7,X-ray
RED01044,1,7FI8,7FI8,yes,singleton,1,423,175,123;125,2.8,X-ray
RED01045,1,8SGB,8SGB,yes,singleton,1,621,175,205;241,2.80001551676,X-ray
RED01046,1,9BTY,9BTY,yes,singleton,1,620,175,201;244,2.85,X-ray
RED01047,1,6XQP,6XQP,yes,singleton,1,614,175,193;246,2.9,X-ray
RED01048,1,3VWK,3VWK,yes,singleton,1,611,175,242;194,2.935,X-ray
RED01049,1,4X6D,4X6D,yes,singleton,1,617,175,200;242,2.98,X-ray
RED01050,1,7RYO,7RYO,yes,singleton,1,413,175,238,3.0,X-ray
RED01051,1,4GUP,4GUP,yes,singleton,1,175,175,,3.2,X-ray
RED01052,1,6MWR,6MWR,yes,singleton,1,175,175,,3.3,X-ray
RED01053,1,5WL1,5WL1,yes,singleton,1,174,174,,1.38,X-ray
RED01054,1,5L2J,5L2J,yes,singleton,1,174,174,,1.65,X-ray
RED01055,1,5WKE,5WKE,yes,singleton,1,174,174,,1.69,X-ray
RED01056,1,6D64,6D64,yes,singleton,1,174,174,,1.7,X-ray
RED01057,1,2WY3,2WY3,yes,singleton,1,311,174,137,1.8,X-ray
RED01058,1,2H26,2H26,yes,singleton,1,174,174,,1.8,X-ray
RED01059,1,7ZT7,7ZT7,yes,singleton,1,600,174,184;242,1.84,X-ray
RED01060,1,9OI0,9OI0,yes,singleton,1,174,174,,1.84,X-ray
RED01061,1,8GLE,8GLE,yes,singleton,1,174,174,,1.85,X-ray
RED01062,1,5J1A,5J1A,yes,singleton,1,174,174,,1.86,X-ray
RED01063,1,8DV3,8DV3,yes,singleton,1,174,174,,1.9,X-ray
RED01064,1,4PJE,4PJE,yes,singleton,1,603,174,240;189,1.95,X-ray
RED01065,1,1T7V,1T7V,yes,singleton,1,174,174,,1.95,X-ray
RED01066,1,5D7J,5D7J,yes,singleton,1,614,174,240;200,1.97,X-ray
RED01067,1,9O06,9O06,yes,singleton,1,605,174,241;190,2.0,X-ray
RED01068,1,7SH4,7SH4,yes,singleton,1,174,174,,2.0,X-ray
RED01069,1,8GLF,8GLF,yes,singleton,1,174,174,,2.0,X-ray
RED01070,1,7ZT4,7ZT4,yes,singleton,1,599,174,183;242,2.02,X-ray
RED01071,1,9QWJ,9QWJ,yes,singleton,1,604,174,186;244,2.04,X-ray
RED01072,1,5WKG,5WKG,yes,singleton,1,174,174,,2.06,X-ray
RED01073,1,7ZT5,7ZT5,yes,singleton,1,600,174,242;184,2.09,X-ray
RED01074,1,9Y0U,9Y0U,yes,singleton,1,614,174,198;242,2.1,X-ray
RED01075,1,8GLI,8GLI,yes,singleton,1,174,174,,2.1,X-ray
RED01076,1,7FI9,7FI9,yes,singleton,1,434,174,124;136,2.16,X-ray
RED01077,1,4PJX,4PJX,yes,singleton,1,598,174,237;187,2.25,X-ray
RED01078,1,7KOZ,7KOZ,yes,singleton,1,174,174,,2.25,X-ray
RED01079,1,1TMC,1TMC,yes,singleton,1,184,174,,2.3,X-ray
RED01080,1,4S0U,4S0U,yes,singleton,1,424,174,126;124,2.35,X-ray
RED01081,1,4LCW,4LCW,yes,singleton,1,602,174,188;240,2.4,X-ray
RED01082,1,6V7Y,6V7Y,yes,singleton,1,300,174,126,2.4,X-ray
RED01083,1,5C9J,5C9J,yes,singleton,1,174,174,,2.4,X-ray
RED01084,1,7UMG,7UMG,yes,singleton,1,174,174,,2.4,X-ray
RED01085,1,4PJ7,4PJ7,yes,singleton,1,611,174,238;199,2.5,X-ray
RED01086,1,7UFJ,7UFJ,yes,singleton,1,610,174,194;242,2.5,X-ray
RED01087,1,4PJC,4PJC,yes,singleton,1,601,174,239;188,2.5,X-ray
RED01088,1,1JE6,1JE6,yes,singleton,1,174,174,,2.5,X-ray
RED01089,1,4PJA,4PJA,yes,singleton,1,597,174,235;188,2.68,X-ray
RED01090,1,7RYN,7RYN,yes,singleton,1,174,174,,2.7,X-ray
RED01091,1,7FI7,7FI7,yes,singleton,1,431,174,124;133,2.78,X-ray
RED01092,1,1GZP,1GZP,yes,singleton,1,174,174,,2.8,X-ray
RED01093,1,9HI7,9HI7,yes,singleton,1,612,174,245;193,2.81,X-ray
RED01094,1,9BTZ,9BTZ,yes,singleton,1,619,174,245;200,3.0,X-ray
RED01095,1,9Y0V,9Y0V,yes,singleton,1,615,174,243;198,3.0,X-ray
RED01096,1,3TZV,3TZV,yes,singleton,1,619,174,244;201,3.056,X-ray
RED01097,1,1UQS,1UQS,yes,singleton,1,174,174,,3.1,X-ray
RED01098,1,8ZOX,8ZOX,yes,singleton,1,620,174,244;202,3.18,EM
RED01099,1,2PO6,2PO6,yes,singleton,1,621,174,244;203,3.2,X-ray
RED01100,1,5L2K,5L2K,yes,singleton,1,601,174,242;185,3.2,X-ray
RED01101,1,7RYM,7RYM,yes,singleton,1,409,174,235,3.2,X-ray
RED01102,1,9RSE,9RSE,yes,singleton,1,173,173,,1.76,X-ray
RED01103,1,5U6Q,5U6Q,yes,singleton,1,617,173,200;244,1.9,X-ray
RED01104,1,4X6F,4X6F,yes,singleton,1,173,173,,1.91,X-ray
RED01105,1,6PUF,6PUF,yes,singleton,1,618,173,245;200,1.92,X-ray
RED01106,1,6PUJ,6PUJ,yes,singleton,1,617,173,200;244,1.92,X-ray
RED01107,1,6PUM,6PUM,yes,singleton,1,619,173,202;244,1.96,X-ray
RED01108,1,5U16,5U16,yes,singleton,1,616,173,200;243,2.0,X-ray
RED01109,1,7KP1,7KP1,yes,singleton,1,173,173,,2.02,X-ray
RED01110,1,9BTX,9BTX,yes,singleton,1,618,173,200;245,2.05,X-ray
RED01111,1,6PUK,6PUK,yes,singleton,1,618,173,201;244,2.08,X-ray
RED01112,1,9Z4R,9Z4R,yes,singleton,1,618,173,244;201,2.08,X-ray
RED01113,1,6PVD,6PVD,yes,singleton,1,617,173,244;200,2.14,X-ray
RED01114,1,9OHZ,9OHZ,yes,singleton,1,173,173,,2.14,X-ray
RED01115,1,9EK7,9EK7,yes,singleton,1,617,173,200;244,2.15,X-ray
RED01116,1,6NUX,6NUX,yes,singleton,1,173,173,,2.2,X-ray
RED01117,1,9EK6,9EK6,yes,singleton,1,618,173,201;244,2.22,X-ray
RED01118,1,3HUJ,3HUJ,yes,singleton,1,620,173,245;202,2.5,X-ray
RED01119,1,5U72,5U72,yes,singleton,1,616,173,243;200,2.5,X-ray
RED01120,1,4MQ7,4MQ7,yes,singleton,1,173,173,,2.6032,X-ray
RED01121,1,5U1R,5U1R,yes,singleton,1,615,173,243;199,2.7,X-ray
RED01122,1,8TLZ,8TLZ,yes,singleton,1,173,173,,2.75,X-ray
RED01123,1,4X6C,4X6C,yes,singleton,1,617,173,243;201,2.8,X-ray
RED01124,1,4LHU,4LHU,yes,singleton,1,602,173,227;202,2.87,X-ray
RED01125,1,9BU0,9BU0,yes,singleton,1,617,173,244;200,2.89,X-ray
RED01126,1,1ZT4,1ZT4,yes,singleton,1,173,173,,3.0,X-ray
RED01127,1,3VWJ,3VWJ,yes,singleton,1,607,173,241;193,3.093,X-ray
RED01128,1,9RU5,9RU5,yes,singleton,1,608,173,231;195,3.26,EM
RED01129,1,8TM0,8TM0,yes,singleton,1,426,173,253,3.83,X-ray
RED01130,2,6QIO,6QIO,yes,best_resolution,1,756,172,584,1.95,X-ray
RED01130,2,6QIP,6QIO,no,best_resolution,2,754,172,582,2.45,X-ray
RED01131,1,1ONQ,1ONQ,yes,singleton,1,172,172,,2.15,X-ray
RED01132,1,4WW2,4WW2,yes,singleton,1,618,172,243;203,2.48,X-ray
RED01133,1,6C09,6C09,yes,singleton,1,608,172,244;192,2.95,X-ray
RED01134,1,8RWB,8RWB,yes,singleton,1,600,171,212;217,2.307,X-ray
RED01135,1,6LA6,6LA6,yes,singleton,1,694,171,238;285,2.39,EM
RED01136,1,9WYD,9WYD,yes,singleton,1,385,171,214,2.65,X-ray
RED01137,1,6FGB,6FGB,yes,singleton,1,390,171,219,2.9,X-ray
RED01138,1,9OC7,9OC7,yes,singleton,1,389,171,218,3.07,X-ray
RED01139,1,6C15,6C15,yes,singleton,1,171,171,,3.21,X-ray
RED01140,1,9DBT,9DBT,yes,singleton,1,386,171,215,3.4,X-ray
RED01141,1,9NAV,9NAV,yes,singleton,1,720,171,549,3.81,EM
RED01142,4,7Q5D,7Q5D,yes,greatest_mhc_length,1,170,170,,1.8,X-ray
RED01142,4,7OKU,7Q5D,no,greatest_mhc_length,2,169,169,,1.95,X-ray
RED01142,4,1L8J,7Q5D,no,greatest_mhc_length,3,166,166,,2.0,X-ray
RED01142,4,7OKT,7Q5D,no,greatest_mhc_length,4,165,165,,1.95,X-ray
RED01143,5,6C98,6C98,yes,best_resolution,1,170,170,,1.85,X-ray
RED01143,5,6C97,6C98,no,best_resolution,2,170,170,,2.0,X-ray
RED01143,5,1EXU,6C98,no,best_resolution,3,169,169,,2.7,X-ray
RED01143,5,5BXF,6C98,no,best_resolution,4,169,169,,2.851,X-ray
RED01143,5,9OC6,6C98,no,best_resolution,5,163,163,,2.97,X-ray
RED01144,1,6C99,6C99,yes,singleton,1,170,170,,2.0,X-ray
RED01145,1,4K71,4K71,yes,singleton,1,753,170,583,2.4,X-ray
RED01146,1,6WNA,6WNA,yes,singleton,1,370,170,200,2.4,X-ray
RED01147,1,9MI6,9MI6,yes,singleton,1,597,170,211;216,2.41,X-ray
RED01148,1,4WO4,4WO4,yes,singleton,1,612,170,242;200,2.5,X-ray
RED01149,1,3S6C,3S6C,yes,singleton,1,170,170,,2.9,X-ray
RED01150,1,4N0F,4N0F,yes,singleton,1,753,170,583,3.02,X-ray
RED01151,1,4WWK,4WWK,yes,singleton,1,598,170,188;240,3.1,X-ray
RED01152,1,13BR,13BR,yes,singleton,1,394,170,103;121,3.1,EM
RED01153,1,6ILM,6ILM,yes,singleton,1,1238,170,238;289;289;252,3.4,EM
RED01154,1,4N0U,4N0U,yes,singleton,1,962,170,209;583,3.8,X-ray
RED01155,1,9NKH,9NKH,yes,singleton,1,178,169,,1.94,X-ray
RED01156,1,6LA7,6LA7,yes,singleton,1,705,169,251;285,2.82,EM
RED01157,1,9TJX,9TJX,yes,singleton,1,201,169,32,3.0,X-ray
RED01158,1,7C9V,7C9V,yes,singleton,1,934,169,251;238;276,3.3,EM
RED01159,1,7OKS,7OKS,yes,singleton,1,168,168,,1.95,X-ray
RED01160,1,6WOL,6WOL,yes,singleton,1,377,168,209,2.49,X-ray
RED01161,1,4V3E,4V3E,yes,singleton,1,360,168,192,2.9,X-ray
RED01162,1,4V3D,4V3D,yes,singleton,1,353,167,186,2.65,X-ray
RED01163,1,7OKV,7OKV,yes,singleton,1,166,166,,1.85,X-ray
RED01164,1,6SNY,6SNY,yes,singleton,1,273,166,107,3.11,X-ray
RED01165,1,8C44,8C44,yes,singleton,1,624,166,458,3.2,EM
RED01166,1,7XXA,7XXA,yes,singleton,1,1205,165,276;276;250;238,3.09,EM
RED01167,1,6NHA,6NHA,yes,singleton,1,163,163,,2.381,X-ray
RED01168,1,5WHK,5WHK,yes,singleton,1,585,162,211;212,2.5,X-ray
RED01169,1,4PDC,4PDC,yes,singleton,1,393,148,123;122,1.991,X-ray
RED01170,1,4FFE,4FFE,yes,singleton,1,148,148,,2.25,X-ray
