pdb,cavity_id,min_dist_to_reference_ca,volume,area,max_depth,avg_depth,avg_hydropathy
1a1m,KAB,0.235,903.74,654.59,10.2,2.74,0.03
1a1n,KAB,0.223,1180.66,685.65,10.2,2.83,-0.09
1a1o,KAB,0.302,1200.1,807.48,10.2,2.99,-0.11
1a6z,KAC,0.246,273.89,226.25,3.23,0.86,0.23
1a9b,KAA,0.216,1139.18,716.54,11.38,2.89,-0.06
1a9e,KAA,0.237,1058.18,684.38,11.4,3.06,-0.07
1agb,KAA,0.271,900.94,623.87,8.4,2.56,-0.03
1agc,KAA,0.23,887.98,613.81,8.18,2.7,-0.05
1agd,KAA,0.208,937.44,646.8,9.0,2.7,-0.03
1age,KAB,0.262,932.26,643.07,8.4,2.72,-0.03
1agf,KAA,0.156,919.08,603.1,7.8,2.7,-0.03
1akj,KAA,0.23,822.31,614.87,8.14,2.13,0.1
1ao7,KAA,0.278,657.94,507.4,6.95,2.08,0.05
1b0g,KAA,0.156,616.68,495.52,7.22,2.04,0.09
1b0r,KAB,0.164,632.02,521.37,7.12,2.11,0.1
1b3j,KAC,0.205,126.14,151.8,9.84,3.88,0.37
1b3j,KAF,0.689,177.55,216.57,2.24,0.54,0.24
1bd2,KAA,0.135,647.35,533.12,7.22,2.0,0.1
1cg9,KAA,0.173,973.73,649.52,12.0,2.88,-0.12
1de4,KAB,0.405,296.14,306.42,7.52,1.69,0.08
1duy,KAA,0.096,780.41,633.31,9.6,2.32,0.05
1duz,KAA,0.248,787.75,634.07,10.2,2.28,0.04
1e27,KAD,0.273,932.69,644.08,7.59,2.4,-0.24
1e28,KAB,0.113,997.92,711.47,7.3,2.5,-0.11
1eey,KAA,0.14,738.07,582.94,7.12,2.01,0.05
1eez,KAA,0.238,709.78,610.2,10.34,2.14,0.02
1efx,KAC,0.078,1034.42,730.81,10.2,3.01,0.24
1exu,KAB,0.258,219.02,199.14,8.55,3.91,0.32
1gzp,KAC,0.227,1931.9,1385.01,15.86,7.51,-0.77
1gzq,KAB,0.28,1933.63,1368.99,15.86,7.41,-0.76
1hhg,KAB,0.243,863.14,666.83,7.54,2.19,0.14
1hhh,KAB,0.192,747.36,549.77,7.35,2.12,0.07
1hhi,KAA,0.25,646.06,525.65,7.2,2.08,0.08
1hhj,KAB,0.232,767.88,578.2,7.07,1.98,0.11
1hhk,KAA,0.197,804.6,637.76,9.77,2.25,0.08
1hsa,KAB,0.127,1058.18,811.33,10.77,2.85,0.02
1hsb,KAB,0.122,766.15,602.01,9.6,2.43,-0.0
1hyr,KAB,0.181,531.14,452.81,6.87,2.44,0.44
1i1f,KAA,0.211,683.42,541.56,7.1,2.01,0.1
1i1y,KAA,0.16,810.0,615.67,7.54,2.11,0.11
1i4f,KAA,0.288,594.43,500.74,6.49,2.01,0.18
1i7r,KAB,0.123,822.31,645.93,9.6,2.41,0.05
1i7t,KAA,0.19,780.19,651.2,10.82,2.44,-0.0
1i7u,KAA,0.314,736.99,601.46,10.48,2.46,-0.01
1im3,KAA,0.216,749.09,580.5,7.32,2.05,0.07
1im9,KAB,0.089,1036.37,808.83,10.2,3.08,0.27
1je6,KAD,0.165,395.71,449.0,8.74,2.98,0.58
1jf1,KAA,0.186,712.8,553.52,7.32,2.0,0.07
1jgd,KAB,0.167,979.34,741.63,8.4,2.66,0.03
1jge,KAB,0.284,997.92,686.95,9.16,2.76,0.03
1jht,KAA,0.241,634.82,522.8,7.22,2.19,0.11
1k5n,KAC,0.292,938.95,638.77,8.67,2.66,-0.03
1kcg,NA,NA,NA,NA,NA,NA,NA
1kpr,KAA,0.208,1082.38,678.5,8.18,2.59,-0.07
1ktl,KAA,0.252,1073.95,672.24,8.03,2.61,-0.06
1l8j,KAA,0.057,1554.55,1207.03,13.01,4.65,-0.43
1lp9,KAA,0.207,744.12,613.38,10.2,2.29,0.04
1lqv,KAA,0.26,1486.08,1171.11,12.37,4.21,-0.45
1m05,KAB,0.168,1349.35,940.88,11.4,3.91,-0.04
1m6o,KAB,0.269,822.96,666.7,10.8,2.76,0.13
1mhe,KAB,0.182,1096.2,702.44,8.53,2.72,-0.03
1mi5,KAB,0.173,1286.93,894.45,10.5,3.81,-0.02
1n2r,KAB,0.219,850.82,640.52,10.2,2.61,0.06
1of2,KAA,0.179,972.86,730.97,10.13,2.43,0.05
1oga,KAA,0.293,659.45,563.53,9.41,2.38,0.08
1ogt,KAB,0.268,1062.29,764.33,9.86,2.58,0.05
1onq,KAA,0.275,1535.11,1037.92,14.36,6.07,-0.33
1p7q,KAA,0.269,725.11,569.97,7.12,2.09,0.13
1q94,KAB,0.181,1017.79,671.82,9.69,2.77,0.2
1qew,KAA,0.276,710.64,585.66,6.84,1.9,0.15
1qqd,KAB,0.226,1000.51,755.95,9.47,3.05,0.29
1qr1,KAA,0.265,813.67,636.21,10.48,2.28,0.02
1qrn,KAB,0.157,657.5,524.05,6.95,2.04,0.06
1qse,KAB,0.23,715.39,548.49,7.1,2.11,0.07
1qsf,KAA,0.227,625.32,547.04,11.59,2.31,0.03
1qvo,KAB,0.168,913.68,645.99,9.6,2.57,0.23
1s8d,KAA,0.198,792.29,588.33,7.85,2.13,0.08
1s9w,KAA,0.251,736.13,591.76,7.61,2.17,0.11
1s9x,KAA,0.126,704.81,572.08,7.61,2.1,0.11
1s9y,KAA,0.237,733.1,600.19,8.0,2.16,0.1
1sys,KAC,0.233,961.85,695.39,11.4,2.91,0.01
1syv,KAB,0.102,801.58,639.3,9.62,2.46,0.06
1t1w,KAA,0.286,712.58,537.72,7.02,2.02,0.1
1t1x,KAA,0.232,710.21,551.35,7.32,2.03,0.09
1t1y,KAA,0.249,719.06,568.46,7.32,2.05,0.09
1t1z,KAA,0.293,714.53,552.53,7.02,2.01,0.09
1t20,KAA,0.205,727.27,584.23,10.06,2.12,0.05
1t21,KAB,0.317,711.94,541.07,7.32,2.05,0.1
1t22,KAA,0.23,679.32,549.59,6.95,2.08,0.09
1t7v,KAC,0.09,892.73,662.26,7.42,2.43,0.1
1t7w,KAC,0.075,897.91,691.56,7.82,2.44,0.09
1t7x,KAC,0.181,951.05,729.19,10.48,2.69,0.06
1t7y,KAC,0.156,879.34,666.85,7.61,2.45,0.11
1t7z,KAC,0.2,891.86,694.19,7.32,2.38,0.08
1t80,KAD,0.185,892.94,667.69,7.59,2.44,0.07
1tmc,KAA,0.263,817.13,602.95,9.6,2.47,0.01
1tvb,KAA,0.112,730.51,577.72,6.6,1.97,0.09
1tvh,KAA,0.184,760.97,623.86,10.6,2.22,0.05
1uqs,KAB,0.16,2022.19,1416.97,15.85,7.47,-0.76
1uxs,KAB,0.113,916.06,729.96,9.49,2.34,0.09
1uxw,KAB,0.199,991.87,719.47,8.36,2.45,0.07
1w0v,KAB,0.156,1104.19,794.64,9.54,2.87,0.04
1w0w,KAB,0.197,996.19,762.37,10.92,2.74,0.06
1w72,KAB,0.266,704.81,590.89,9.08,2.25,0.52
1x7q,KAB,0.27,871.34,644.46,9.6,2.45,0.28
1xh3,KAB,0.083,1086.05,693.32,9.0,2.72,-0.13
1xr8,KAB,0.166,1004.4,706.75,9.0,2.86,0.03
1xr9,KAB,0.171,899.64,643.82,9.0,2.99,0.01
1xz0,KAC,0.128,1535.98,1022.77,15.95,7.54,-0.35
1ydp,KAB,0.254,1003.75,721.71,8.25,2.6,0.19
1zag,KAC,0.235,827.71,659.61,7.32,2.23,0.07
1zhk,KAB,0.066,1140.05,706.64,10.2,3.07,-0.06
1zhl,KAB,0.256,942.19,644.9,11.4,2.91,0.18
1zsd,KAB,0.183,949.97,612.09,10.2,2.65,-0.09
1zt4,KAB,0.228,1505.95,1121.48,15.75,7.26,-0.76
2a83,KAB,0.124,983.88,801.02,9.35,2.51,0.08
2ak4,KAA,0.205,1081.08,731.53,10.8,3.19,0.14
2av1,KAA,0.149,568.73,498.14,9.41,1.8,-0.05
2av7,KAA,0.056,607.82,525.26,9.41,1.82,-0.02
2axf,KAB,0.142,872.21,607.92,11.29,2.88,0.23
2axg,KAB,0.109,988.42,667.44,11.29,2.94,-0.03
2bck,KAB,0.182,903.1,657.43,9.49,2.93,-0.11
2bnq,KAA,0.187,615.38,507.71,6.6,1.96,0.1
2bnr,KAA,0.231,719.28,565.04,7.1,2.12,0.09
2bsr,KAB,0.112,1060.78,782.56,10.63,2.75,0.06
2bss,KAB,0.22,1156.68,770.43,9.08,2.74,0.04
2bst,KAC,0.172,1082.16,778.06,9.04,2.89,0.16
2bvo,KAB,0.078,822.96,590.74,9.62,2.41,-0.27
2bvp,KAB,0.145,783.0,594.03,9.62,2.46,-0.25
2bvq,KAB,0.195,958.82,690.47,10.8,2.64,-0.22
2c7u,KAA,0.204,728.14,602.25,8.16,1.93,0.1
2cik,KAB,0.103,1221.26,760.61,12.0,2.94,-0.1
2clr,KAA,0.13,735.26,602.15,7.27,2.16,0.08
2d31,KAB,0.185,910.44,677.6,9.18,2.58,0.13
2dyp,KAA,0.191,931.82,695.74,7.89,2.43,0.12
2esv,KAA,0.156,1101.38,699.06,8.27,2.59,-0.05
2f53,KAA,0.188,639.14,518.25,6.81,1.92,0.07
2f54,KAA,0.167,577.37,492.55,6.63,1.83,0.11
2fyy,KAB,0.13,1007.64,631.86,9.0,2.61,-0.17
2fz3,KAB,0.129,926.86,639.03,9.0,2.62,0.1
2git,KAA,0.122,732.24,578.8,7.85,2.03,0.07
2gj6,KAA,0.096,667.66,537.71,6.84,1.9,0.07
2gt9,KAA,0.238,583.63,494.54,6.03,1.96,0.11
2gtw,KAA,0.184,674.57,541.42,6.52,1.98,0.09
2gtz,KAA,0.103,648.0,526.0,6.81,2.01,0.08
2guo,KAA,0.171,681.91,553.61,6.63,1.99,0.13
2h26,KAB,0.103,1874.23,1347.26,15.85,7.8,-0.77
2h6p,KAB,0.141,1209.6,733.47,12.0,2.94,-0.08
2hjk,KAB,0.213,916.06,703.9,9.62,2.66,-0.27
2hjl,KAB,0.285,942.84,687.05,9.62,2.55,-0.28
2hla,KAB,0.14,1104.41,703.96,9.04,2.78,0.11
2hn7,KAB,0.238,905.9,683.88,9.0,2.49,0.23
2j8u,KAA,0.103,654.26,552.76,10.2,2.18,-0.08
2jcc,KAA,0.21,752.11,606.63,9.6,2.14,0.05
2nw3,KAB,0.212,918.65,620.7,9.6,2.73,0.17
2nx5,KAB,0.174,1067.9,665.73,11.82,2.99,-0.07
2p5e,KAA,0.279,607.82,504.14,6.57,1.89,0.05
2p5w,KAA,0.178,645.62,504.62,6.57,1.87,0.08
2po6,KAC,0.207,1399.68,1091.8,16.68,7.68,-0.75
2pye,KAA,0.23,730.51,562.24,9.69,2.07,0.04
2rfx,KAB,0.147,1068.34,704.77,9.62,2.77,-0.2
2uwe,KAA,0.281,710.21,559.17,9.99,2.17,0.01
2v2w,KAB,0.158,791.64,615.74,7.32,2.0,0.08
2v2x,KAA,0.136,647.35,552.46,7.1,2.04,0.11
2vlj,KAA,0.203,727.27,617.35,9.95,2.57,0.01
2vlk,KAA,0.179,709.78,582.22,9.95,2.46,0.06
2vll,KAA,0.245,667.87,563.48,9.93,2.41,0.09
2vlr,KAA,0.144,767.88,620.83,9.69,2.53,0.06
2wy3,KAD,0.29,241.06,211.05,7.82,3.25,0.77
2wy3,KAF,0.387,176.26,228.67,6.73,1.73,0.17
2x4n,KAA,0.198,702.43,594.83,6.84,2.05,0.1
2x4o,KAA,0.167,802.87,661.66,9.67,2.27,0.05
2x4p,KAA,0.154,784.94,641.29,11.14,2.3,0.05
2x4q,KAA,0.289,686.23,560.29,7.0,2.02,0.17
2x4r,KAA,0.082,843.26,634.46,7.82,2.21,0.07
2x4s,KAA,0.246,781.49,665.94,9.39,2.37,-0.02
2x4t,KAA,0.237,801.14,602.6,7.4,2.25,0.06
2x4u,KAA,0.187,801.58,619.46,7.25,2.13,0.14
2x70,KAA,0.336,733.32,624.93,7.35,2.26,0.18
2xpg,KAB,0.179,935.71,699.89,10.5,2.42,0.09
2ypk,KAB,0.287,922.75,651.81,10.22,2.71,-0.27
2ypl,KAB,0.207,806.54,600.18,9.67,2.56,-0.27
3am8,KAA,0.192,973.73,642.03,7.8,2.43,-0.1
3b3i,KAB,0.304,960.55,699.51,8.53,2.51,0.06
3b6s,KAB,0.182,1057.75,732.34,8.4,2.61,0.05
3bgm,KAA,0.13,837.86,572.75,6.87,2.04,0.1
3bh8,KAA,0.034,883.01,665.59,9.84,2.34,0.04
3bh9,KAA,0.287,741.1,543.77,6.84,1.99,0.11
3bhb,KAA,0.161,646.7,560.35,9.49,2.31,-0.01
3bo8,KAB,0.294,825.98,645.79,10.0,2.31,0.48
3bp4,KAB,0.168,1003.32,742.17,10.56,2.63,0.09
3bp7,KAB,0.204,1044.36,766.59,9.45,2.67,0.07
3bvn,KAB,0.246,972.65,710.06,11.08,2.7,-0.21
3bw9,KAB,0.136,879.77,599.63,9.0,2.78,0.19
3bwa,KAB,0.263,897.48,659.51,10.2,2.57,0.14
3bxn,KAB,0.282,1070.28,761.39,10.77,2.7,-0.16
3bze,KAA,0.24,1060.13,682.58,7.82,2.69,-0.06
3bzf,KAA,0.239,906.98,625.04,8.09,2.32,-0.08
3c9n,KAB,0.19,948.67,673.1,9.0,2.87,0.03
3cdg,KAA,0.072,1113.7,707.08,8.4,2.77,-0.04
3cii,KAA,0.252,1061.86,685.27,8.4,2.59,-0.12
3czf,KAB,0.186,906.34,761.61,9.35,2.49,0.05
3d18,KAB,0.088,979.99,745.21,10.27,2.57,0.05
3d25,KAA,0.266,681.05,558.54,7.68,2.01,0.06
3d2u,KAA,0.271,1300.97,801.63,6.95,2.8,-0.12
3d39,KAA,0.236,690.34,544.09,7.12,2.08,0.05
3d3v,KAA,0.317,676.94,538.18,6.29,1.88,0.07
3dtx,KAB,0.225,1026.86,782.88,9.97,2.66,0.07
3dx6,KAB,0.172,829.22,640.83,10.2,2.64,0.12
3dx7,KAB,0.164,910.22,652.69,10.2,2.67,0.05
3dx8,KAB,0.281,854.06,626.67,10.22,2.7,0.11
3dxa,KAA,0.225,811.08,606.04,9.91,2.48,0.05
3es6,KAC,0.139,229.18,211.89,7.25,2.54,0.22
3es6,KAE,0.193,632.02,470.82,9.67,2.97,-0.1
3ffc,KAC,0.122,1153.87,845.83,10.63,3.76,-0.04
3fqn,KAA,0.277,770.26,614.6,7.73,2.02,0.16
3fqr,KAA,0.295,746.93,612.22,6.84,1.9,0.08
3fqt,KAB,0.171,704.59,503.54,7.54,2.09,0.09
3fqu,KAA,0.32,697.25,503.42,7.82,2.09,0.12
3fqw,KAA,0.114,860.33,625.95,7.32,2.0,0.09
3fqx,KAA,0.122,897.48,647.41,7.68,2.05,0.1
3ft2,KAA,0.28,743.26,613.0,7.32,1.93,0.06
3ft3,KAA,0.25,731.16,575.13,7.82,2.04,0.1
3ft4,KAA,0.175,729.86,602.7,10.88,2.13,0.07
3giv,KAA,0.205,700.27,558.29,6.95,1.89,0.08
3gjf,KAA,0.155,686.88,545.35,7.0,2.07,0.08
3gsn,KAA,0.236,654.26,564.42,8.92,2.12,0.01
3gso,KAA,0.203,796.61,608.68,7.68,2.01,0.09
3gsq,KAA,0.119,760.97,584.89,7.32,2.03,0.12
3gsr,KAB,0.241,755.14,606.2,10.34,2.22,0.05
3gsu,KAA,0.183,806.98,617.78,7.85,2.16,0.1
3gsv,KAA,0.23,774.58,587.96,7.32,2.05,0.09
3gsw,KAA,0.202,746.28,567.58,7.32,2.04,0.11
3gsx,KAB,0.11,766.37,570.62,7.61,2.09,0.12
3h7b,KAB,0.213,756.0,571.67,6.49,1.98,0.05
3h9h,KAA,0.215,867.24,638.47,8.14,2.2,0.06
3h9s,KAA,0.133,737.86,573.8,6.81,1.92,0.01
3hae,KAA,0.03,540.65,480.63,5.66,1.72,0.07
3hcv,KAB,0.243,968.98,716.12,10.48,2.64,0.05
3hg1,KAA,0.139,773.06,615.63,9.97,2.2,0.03
3hla,KAA,0.206,829.22,639.52,9.97,2.07,0.05
3hpj,KAA,0.096,700.7,560.41,7.8,2.0,0.07
3huj,KAC,0.262,1387.37,1058.76,16.55,7.61,-0.69
3i6g,KAA,0.222,646.7,537.32,9.49,2.16,-0.01
3i6k,KAA,0.265,739.15,567.79,7.89,2.15,0.1
3i6l,KAB,0.172,870.48,671.18,10.15,2.84,-0.11
3it8,KAC,0.282,111.46,121.18,6.43,2.71,-0.43
3ixa,KAA,0.293,826.42,640.45,8.36,2.3,0.0
3jtc,KAA,0.197,1449.58,1145.3,12.07,4.26,-0.48
3kla,KAA,0.126,652.54,557.11,5.94,1.91,0.07
3kpl,KAB,0.283,863.57,676.69,10.8,2.7,0.13
3kpm,KAB,0.211,816.26,659.08,10.22,2.68,0.17
3kpn,KAB,0.293,861.19,683.13,10.8,2.75,0.04
3kpo,KAB,0.181,808.06,630.97,10.2,2.48,0.09
3kpp,KAB,0.219,803.09,623.04,10.27,2.61,0.05
3kpq,KAB,0.267,926.42,686.91,10.22,2.69,0.03
3kpr,KAB,0.18,855.58,661.14,9.62,2.59,0.06
3kps,KAB,0.199,908.71,695.06,9.6,2.75,0.09
3kww,KAB,0.186,871.78,654.55,9.31,2.66,0.13
3kxf,KAA,0.136,796.39,617.35,9.08,2.87,0.15
3kyn,KAB,0.269,1005.05,673.99,8.61,2.58,0.14
3kyo,KAB,0.034,929.45,639.12,9.14,2.36,0.15
3l3d,KAB,0.146,825.12,629.14,10.8,2.66,0.16
3l3g,KAB,0.163,874.15,682.0,10.8,2.77,0.14
3l3i,KAB,0.21,846.5,653.66,10.8,2.75,0.16
3l3j,KAB,0.21,972.22,715.13,11.34,2.83,0.12
3l3k,KAB,0.195,946.73,689.13,10.2,2.75,0.16
3lkn,KAB,0.125,1083.67,710.52,10.2,2.69,-0.05
3lko,KAB,0.066,1090.37,676.91,9.6,2.77,-0.15
3lkp,KAB,0.157,1094.26,678.94,9.0,2.72,-0.14
3lkq,KAB,0.138,1108.08,704.79,10.2,2.76,-0.05
3lkr,KAB,0.199,1089.72,673.77,9.71,2.7,-0.07
3lks,KAB,0.208,1015.2,657.31,9.62,2.71,0.02
3ln4,KAB,0.254,874.37,672.29,8.4,2.56,0.15
3ln5,KAB,0.147,1114.99,762.45,9.0,2.73,-0.01
3lv3,KAB,0.073,1022.11,786.43,10.13,2.81,0.06
3m17,KAC,0.332,71.5,78.95,3.84,1.4,0.48
3m1b,KAC,0.219,61.56,95.41,0.0,0.0,-0.42
3m1b,KAD,0.461,87.48,130.42,3.89,1.18,-0.02
3mgo,KAA,0.135,714.1,587.14,9.6,2.27,0.01
3mgt,KAA,0.202,729.22,606.94,9.6,2.22,0.03
3mr9,KAA,0.147,743.9,586.37,11.1,2.19,0.06
3mrb,KAA,0.202,755.57,590.67,7.68,2.02,0.12
3mrc,KAA,0.204,804.38,615.3,7.35,2.13,0.05
3mrd,KAA,0.106,749.09,572.75,7.85,2.08,0.09
3mre,KAA,0.277,601.99,529.97,9.16,2.38,0.09
3mrf,KAA,0.082,569.59,481.29,7.64,2.03,0.13
3mrg,KAA,0.17,682.78,567.65,7.35,2.15,0.16
3mrh,KAA,0.136,673.27,530.72,6.84,2.02,0.1
3mri,KAA,0.237,936.36,664.5,10.48,2.34,0.01
3mrj,KAA,0.133,724.25,559.97,7.0,2.0,0.08
3mrk,KAA,0.048,814.97,623.07,7.02,2.08,0.06
3mrl,KAA,0.102,781.49,628.04,9.1,2.24,0.1
3mrm,KAA,0.203,722.74,560.8,7.32,2.01,0.09
3mrn,KAA,0.267,754.7,584.09,11.08,2.36,0.08
3mro,KAA,0.327,756.0,585.72,10.77,2.12,0.07
3mrp,KAA,0.255,774.36,610.34,10.34,2.15,0.05
3mrq,KAA,0.177,731.16,568.97,7.32,2.06,0.12
3mrr,KAA,0.241,763.34,616.95,10.34,2.1,0.07
3mv7,KAB,0.16,1047.82,660.69,11.42,2.84,-0.12
3mv8,KAC,0.147,1036.58,661.4,11.4,2.75,-0.13
3mv9,KAB,0.174,954.07,620.07,10.8,2.65,-0.14
3myj,KAB,0.194,706.1,580.51,9.6,2.17,0.02
3nfn,KAB,0.164,921.46,664.38,9.31,2.81,-0.1
3o3a,KAA,0.203,702.65,597.48,9.6,2.1,0.02
3o3b,KAA,0.126,701.78,609.39,9.95,2.13,-0.01
3o3d,KAA,0.176,734.4,608.38,10.32,2.11,-0.01
3o3e,KAA,0.28,707.62,592.27,10.22,2.1,0.02
3o4l,KAA,0.232,661.18,550.74,9.6,2.46,-0.01
3ov6,KAB,0.141,1947.02,1465.88,14.81,5.07,-0.66
3ox8,KAB,0.19,768.31,571.3,7.02,2.07,0.06
3oxr,KAA,0.104,726.19,535.18,6.95,2.19,0.05
3oxs,KAA,0.208,828.36,582.49,7.1,2.39,0.05
3pwj,KAB,0.021,824.47,602.47,7.85,2.09,0.13
3pwl,KAA,0.181,767.23,575.65,7.32,2.2,0.12
3pwn,KAA,0.143,717.34,561.23,7.85,2.13,0.17
3pwp,KAA,0.087,720.79,561.98,6.63,1.95,0.08
3qdg,KAA,0.2,663.55,518.72,7.68,2.08,0.08
3qdj,KAA,0.267,630.07,498.23,6.6,1.93,0.11
3qdm,KAA,0.166,691.2,554.83,7.0,1.86,0.05
3qeq,KAA,0.165,640.22,530.59,6.0,1.89,0.07
3qfd,KAA,0.146,706.32,565.22,6.71,2.2,0.11
3qfj,KAA,0.149,674.78,544.92,6.95,1.94,0.07
3qzw,KAB,0.11,831.6,616.08,8.4,2.76,-0.15
3rew,KAA,0.218,816.48,634.39,6.49,2.04,0.08
3rl1,KAB,0.123,839.81,585.22,9.47,2.56,0.15
3rl2,KAB,0.212,920.38,643.76,9.02,2.43,0.08
3s6c,KAB,0.232,1724.76,1175.68,14.72,5.46,-0.86
3sdx,KAD,0.11,1656.94,1201.45,16.67,7.83,-0.7
3sjv,KAC,0.247,1282.39,880.04,10.88,3.61,-0.04
3skm,KAB,0.197,1283.26,863.14,10.29,3.4,-0.04
3sko,KAC,0.139,1170.07,776.1,8.92,2.97,0.05
3spv,KAC,0.127,1075.25,725.01,8.4,2.87,-0.08
3t8x,KAB,0.224,1852.42,1320.89,15.75,8.46,-0.79
3to2,KAA,0.106,650.16,541.56,6.87,1.92,0.09
3tzv,KAA,0.267,1841.83,1358.2,15.01,6.21,-0.67
3u0p,KAB,0.236,1828.01,1249.24,14.22,5.71,-0.72
3upr,KAB,0.073,1057.32,695.16,10.82,2.95,-0.24
3utq,KAB,0.187,689.69,548.64,10.83,2.32,0.08
3uts,KAA,0.093,617.76,517.83,6.71,2.0,0.11
3utt,KAA,0.157,640.66,496.49,6.95,2.08,0.1
3v5d,KAA,0.188,741.1,607.48,9.6,2.12,0.02
3v5h,KAA,0.068,781.92,625.52,9.6,2.29,0.02
3v5k,KAA,0.086,711.07,598.4,9.69,2.15,0.03
3vcl,KAB,0.172,1022.98,731.17,9.0,2.88,0.24
3vfm,KAB,0.13,828.58,601.45,9.18,2.61,0.22
3vfn,KAB,0.185,824.47,583.14,9.6,2.77,0.19
3vfo,KAB,0.119,859.03,645.33,10.2,2.72,0.23
3vfp,KAB,0.159,894.24,651.19,9.6,2.71,0.21
3vfr,KAC,0.071,870.26,609.82,10.2,2.72,0.19
3vfs,KAB,0.186,938.3,674.6,10.2,2.74,0.19
3vft,KAB,0.191,900.29,640.38,10.2,2.82,0.18
3vfu,KAB,0.07,861.62,611.36,9.6,2.87,0.21
3vfv,KAB,0.261,895.32,651.91,9.6,2.75,0.22
3vfw,KAB,0.136,879.77,602.93,9.6,2.68,0.14
3vh8,KAB,0.131,936.14,627.27,9.62,2.7,-0.27
3vri,KAB,0.169,1064.66,716.44,10.2,3.03,-0.26
3vrj,KAB,0.193,1221.26,773.83,10.8,3.1,-0.25
3vwj,KAB,0.343,1740.1,1311.61,15.1,6.71,-0.68
3vwk,KAC,0.206,1601.64,1174.68,17.02,7.67,-0.67
3vxm,KAB,0.272,1027.73,764.19,10.48,3.06,-0.07
3vxn,KAB,0.244,901.15,635.93,8.51,2.75,-0.11
3vxo,KAB,0.131,935.5,678.92,9.16,2.77,-0.12
3vxp,KAB,0.138,1002.02,719.3,10.77,3.14,-0.06
3vxr,KAB,0.187,911.3,686.85,10.36,2.74,-0.09
3vxs,KAB,0.259,813.89,640.79,9.51,2.47,-0.08
3vxu,KAB,0.262,1167.7,864.88,10.2,3.46,-0.17
3w0w,KAB,0.266,864.22,637.01,8.42,2.48,-0.04
3w39,KAB,0.211,1208.74,806.16,12.19,3.06,-0.17
3wl9,KAB,0.263,842.18,633.29,9.67,2.86,-0.06
3wlb,KAB,0.145,823.61,620.15,9.64,2.73,-0.02
3wuw,KAB,0.193,968.11,641.2,9.62,2.72,-0.22
3x11,KAB,0.135,1004.4,675.6,10.5,2.95,-0.16
3x12,KAB,0.052,954.5,641.42,9.62,2.72,-0.16
3x13,KAB,0.104,1218.24,823.53,9.24,3.16,-0.09
3x14,KAB,0.069,1149.34,785.83,9.18,3.08,-0.1
4e5x,KAA,0.252,640.66,557.51,9.47,2.21,0.04
4en3,KAC,0.182,1405.94,1088.37,16.42,7.67,-0.7
4eup,KAA,0.17,725.54,564.36,6.95,2.02,0.13
4f7m,KAB,0.184,815.4,630.76,10.39,2.76,-0.1
4f7p,KAB,0.256,807.41,643.87,10.63,2.81,-0.11
4f7t,KAB,0.185,834.84,638.95,9.67,2.62,-0.04
4ffe,NA,NA,NA,NA,NA,NA,NA
4ftv,KAA,0.294,676.3,529.02,6.95,1.99,0.09
4g8g,KAC,0.19,918.22,667.41,7.2,2.39,0.0
4g8i,KAB,0.29,1128.6,779.88,9.08,2.72,0.03
4g9d,KAB,0.063,1101.17,759.6,10.75,2.86,0.0
4g9f,KAB,0.223,1017.36,753.9,8.57,2.49,0.06
4gkn,KAA,0.261,657.5,534.5,6.49,1.92,0.1
4gks,KAA,0.18,783.22,600.87,7.32,2.05,0.11
4gup,KAA,0.081,645.62,589.55,12.35,3.76,0.12
4hwz,KAB,0.301,1046.74,678.48,9.75,2.84,0.03
4hx1,KAB,0.209,761.4,534.07,6.49,1.97,0.14
4i48,KAB,0.102,895.75,645.06,9.67,2.3,0.06
4i4w,KAA,0.233,738.5,601.25,9.69,2.34,0.03
4jfd,KAA,0.324,768.96,590.21,10.39,2.19,0.06
4jfe,KAA,0.152,676.94,563.41,9.56,1.99,0.05
4jff,KAA,0.145,756.22,540.17,6.81,1.96,0.1
4jfo,KAA,0.147,720.14,541.04,7.02,2.0,0.09
4jfp,KAA,0.131,713.23,582.5,10.15,2.22,0.05
4jfq,KAA,0.033,666.58,537.36,6.81,1.96,0.1
4jqv,KAB,0.16,1038.74,763.14,11.79,3.26,0.03
4jqx,KAB,0.249,820.58,642.62,10.8,2.69,0.03
4jrx,KAA,0.149,961.2,692.31,10.82,3.07,0.15
4jry,KAA,0.159,986.47,644.83,9.6,2.91,0.14
4k71,KAA,0.388,398.74,433.27,10.15,1.99,0.41
4k7f,KAA,0.129,757.94,597.16,9.6,2.28,0.03
4l29,KAA,0.159,656.21,537.81,6.84,1.97,0.09
4l3c,KAA,0.141,705.67,558.95,6.63,2.01,0.09
4l3e,KAA,0.201,656.21,539.03,6.84,1.98,0.08
4l4t,KAA,0.155,551.66,480.64,11.16,3.31,0.05
4l4t,KAE,0.327,95.47,98.38,6.49,2.04,-0.31
4l4v,KAA,0.239,590.98,497.04,11.42,3.46,0.08
4l4v,KAE,0.308,93.53,94.98,5.4,1.73,-0.15
4lcw,KAB,0.124,784.08,668.72,11.06,3.5,-0.09
4lcy,KAB,0.147,897.05,679.6,9.51,2.74,0.23
4lhu,KAB,0.249,1302.48,1063.02,16.03,7.19,-0.71
4lnr,KAB,0.191,1045.01,685.31,12.0,2.83,-0.09
4mj5,KAB,0.16,956.66,742.59,10.15,2.57,0.24
4mj6,KAB,0.261,802.66,660.25,10.0,2.57,0.28
4mji,KAB,0.157,994.46,696.15,7.2,2.61,-0.21
4mng,KAB,0.32,1493.86,1104.19,16.66,7.41,-0.76
4mnq,KAA,0.197,824.69,617.48,9.47,2.34,-0.03
4mq7,KAC,0.329,1421.06,1051.22,16.84,7.83,-0.76
4n0f,KAA,0.248,227.88,248.83,6.87,1.56,0.59
4n0u,KAA,0.287,215.14,242.66,6.38,1.5,0.63
4n8v,KAB,0.237,989.71,727.94,10.87,2.81,0.18
4nnx,KAA,0.269,919.51,615.74,7.32,2.11,0.1
4nny,KAA,0.173,916.49,608.43,7.54,2.18,0.07
4no0,KAA,0.243,977.18,708.28,7.8,2.33,0.05
4no2,KAA,0.278,806.54,563.4,7.54,2.06,0.11
4no3,KAA,0.119,744.55,581.37,9.39,2.21,0.07
4no5,KAA,0.218,646.49,588.26,9.0,2.14,-0.01
4nqc,KAB,0.254,580.39,550.55,11.89,3.66,0.1
4nqc,KAF,0.435,47.74,64.25,4.07,1.47,0.23
4nqd,KAA,0.226,747.36,643.41,11.06,3.41,-0.03
4nqe,KAA,0.168,703.94,629.49,11.08,3.2,0.01
4nqv,KAB,0.191,804.17,672.05,8.49,2.37,0.35
4nqx,KAB,0.18,819.5,698.29,9.6,2.41,0.37
4nt6,KAB,0.225,1037.45,656.61,9.39,2.82,0.27
4o2c,KAB,0.184,1001.38,722.73,9.6,2.89,-0.03
4o2e,KAB,0.246,918.0,659.8,9.0,2.76,0.03
4o2f,KAB,0.18,932.47,723.24,8.4,2.9,0.06
4ono,KAB,0.117,1932.12,1471.48,15.4,5.21,-0.65
4pdc,KAB,0.75,34.13,38.57,1.8,0.6,0.69
4pj5,KAB,0.039,663.98,564.16,8.69,2.36,0.1
4pj7,KAB,0.119,872.21,707.56,10.39,3.01,0.02
4pj8,KAA,0.091,848.45,728.9,10.75,3.07,0.01
4pj9,KAA,0.205,704.81,575.45,10.34,3.41,0.09
4pja,KAB,0.172,825.98,650.75,11.54,3.13,0.03
4pjb,KAA,0.232,687.31,599.97,11.59,3.19,0.05
4pjc,KAB,0.167,730.3,639.35,11.08,3.16,0.13
4pjd,KAA,0.214,632.02,579.02,10.24,3.17,0.14
4pje,KAB,0.115,718.2,613.58,9.14,2.83,0.08
4pjf,KAB,0.126,818.64,689.66,11.29,3.06,0.01
4pjg,KAB,0.142,783.86,661.9,9.99,2.92,-0.0
4pjh,KAB,0.121,729.65,626.51,10.68,2.9,0.06
4pji,KAB,0.177,752.76,632.12,8.78,2.68,0.09
4pjx,KAB,0.093,708.91,614.9,9.0,2.85,0.08
4pr5,KAB,0.19,1019.09,676.44,9.31,2.68,-0.16
4pra,KAB,0.217,972.22,613.23,7.82,2.5,-0.13
4prb,KAB,0.152,885.38,610.56,8.4,2.6,0.07
4prd,KAB,0.234,837.43,605.73,8.4,2.57,0.02
4pre,KAB,0.076,1016.71,662.21,8.4,2.67,0.11
4prh,KAB,0.143,941.54,685.87,10.2,2.92,0.08
4pri,KAB,0.191,966.17,682.45,11.42,2.75,0.12
4prn,KAB,0.247,931.61,627.73,10.2,2.57,-0.12
4prp,KAB,0.114,1056.89,658.8,11.42,2.77,-0.11
4qok,KAA,0.187,761.4,599.92,10.39,2.23,0.07
4qrp,KAC,0.237,1211.11,884.78,9.9,3.34,-0.02
4qrq,KAB,0.218,820.8,597.23,7.2,2.43,-0.05
4qrr,KAB,0.149,1028.59,692.85,10.2,2.83,-0.13
4qrs,KAC,0.177,1025.57,703.49,8.42,3.09,-0.06
4qrt,KAC,0.199,996.41,704.9,8.53,3.01,-0.08
4qru,KAC,0.229,1134.86,807.71,10.43,3.35,-0.06
4s0u,NA,NA,NA,NA,NA,NA,NA
4u1h,KAB,0.289,956.88,698.81,8.4,2.75,0.06
4u1i,KAC,0.155,1092.53,711.12,9.62,2.93,-0.02
4u1j,KAA,0.116,1030.32,687.93,8.4,2.57,-0.07
4u1k,KAB,0.182,1039.82,696.46,8.88,2.85,0.09
4u1l,KAB,0.118,1124.71,691.39,9.0,2.91,-0.17
4u1m,KAA,0.178,939.82,666.59,8.59,2.44,-0.1
4u1n,KAA,0.172,1048.03,726.18,9.6,2.77,-0.1
4u1s,KAC,0.189,1117.15,732.58,9.08,2.87,-0.03
4u6x,KAA,0.242,603.94,534.73,9.0,2.38,0.08
4u6y,KAA,0.215,644.76,573.01,9.6,2.25,0.03
4uq2,KAB,0.247,782.35,612.23,9.02,2.72,0.25
4uq3,KAA,0.23,612.58,519.49,9.95,2.42,0.03
4v3d,KAA,0.182,1571.62,1242.6,12.92,4.31,-0.47
4v3e,KAA,0.203,1450.22,1059.49,12.98,4.4,-0.42
4wj5,KAA,0.169,825.55,616.01,7.22,2.08,0.1
4wo4,KAA,0.206,1513.3,1057.1,16.65,7.27,-0.77
4wu5,KAB,0.118,962.71,739.11,10.27,3.02,-0.11
4wu7,KAB,0.044,1030.54,735.01,9.62,2.94,-0.09
4wuu,KAA,0.192,825.98,617.85,8.4,2.24,0.08
4ww2,KAC,0.255,1340.5,1060.89,15.34,7.76,-0.72
4wwk,KAA,0.242,1372.03,1024.27,16.16,7.47,-0.76
4x6c,KAC,0.242,1398.38,1051.17,17.07,7.33,-0.39
4x6d,KAC,0.155,1487.81,1102.73,21.82,10.09,-0.44
4x6e,KAC,0.208,1353.67,910.14,17.94,8.75,-0.32
4x6f,KAC,0.211,1300.32,880.18,20.91,9.95,-0.39
4xxc,KAB,0.2,931.82,684.81,10.34,3.13,0.07
5b38,KAB,0.203,988.85,668.17,9.62,2.78,-0.24
5b39,KAB,0.12,962.93,638.59,9.62,2.79,-0.26
5bjt,KAB,0.23,250.34,265.88,5.91,1.95,0.4
5brz,KAB,0.225,781.92,639.8,9.67,2.43,0.39
5bs0,KAB,0.176,818.42,641.2,9.64,2.38,0.45
5bxf,KAC,0.385,116.42,128.28,6.49,2.14,0.44
5c07,KAA,0.14,734.4,523.83,6.95,1.87,0.12
5c08,KAA,0.21,771.77,577.54,9.1,2.18,0.07
5c09,KAA,0.236,772.85,608.09,10.82,2.21,0.08
5c0a,KAA,0.145,724.68,547.38,7.25,2.07,0.1
5c0b,KAA,0.17,883.44,626.34,7.02,2.03,0.1
5c0c,KAA,0.183,741.53,557.03,6.46,1.79,0.09
5c0d,KAB,0.097,798.12,578.2,11.14,2.35,0.1
5c0e,KAA,0.239,757.73,549.1,7.42,1.96,0.08
5c0f,KAA,0.229,822.96,590.94,7.47,2.06,0.1
5c0g,KAA,0.191,632.02,520.21,6.29,1.93,0.1
5c0i,KAA,0.093,856.22,627.63,10.15,2.09,0.05
5c0j,KAA,0.231,797.69,584.6,7.68,2.09,0.09
5c9j,KAB,0.085,1632.31,1219.2,16.21,6.74,-0.75
5d2l,KAA,0.093,765.94,626.03,10.13,2.11,0.01
5d2n,KAA,0.262,719.5,554.39,6.95,2.14,0.18
5d5m,KAB,0.151,759.02,630.98,10.83,3.03,0.03
5d7i,KAB,0.182,772.63,629.32,9.24,2.57,0.03
5d7j,KAB,0.218,868.1,670.15,10.95,3.16,0.06
5d7l,KAB,0.2,880.63,739.79,10.65,3.37,0.0
5d9s,KAA,0.201,756.65,597.8,7.42,2.14,0.05
5ddh,KAA,0.148,854.5,661.87,7.22,1.96,0.03
5def,KAB,0.189,964.87,738.65,9.56,2.71,0.05
5deg,KAB,0.126,1024.49,748.69,8.69,2.62,0.04
5e00,KAA,0.271,712.15,505.92,7.68,2.07,0.11
5e6i,KAC,0.357,664.85,613.21,8.49,2.34,-0.22
5e9d,KAA,0.258,757.3,595.63,7.42,2.11,0.09
5enw,KAA,0.285,563.33,484.73,6.52,2.05,0.09
5eo0,KAB,0.07,1029.02,712.94,9.6,3.13,0.16
5eo1,KAB,0.221,873.07,652.41,9.0,2.81,0.12
5eot,KAA,0.176,638.06,527.03,6.84,2.11,0.09
5eu3,KAA,0.086,628.99,500.17,6.52,1.81,0.05
5eu4,KAA,0.2,714.31,536.42,6.81,1.93,0.08
5eu5,KAA,0.075,709.78,552.46,7.1,1.9,0.03
5eu6,KAA,0.23,679.32,568.57,7.32,2.02,0.09
5euo,KAA,0.25,729.22,577.03,9.67,2.38,0.08
5f7d,KAA,0.104,573.91,477.77,6.84,1.88,0.1
5f9j,KAA,0.207,687.74,557.72,7.73,2.22,0.11
5fa3,KAB,0.193,659.88,519.9,7.64,2.15,0.12
5fa4,KAA,0.212,627.05,520.34,7.73,2.12,0.13
5fdw,KAA,0.187,658.8,597.16,10.0,2.47,-0.06
5grd,KAC,0.209,842.62,624.22,9.02,2.6,0.34
5grg,KAB,0.138,907.63,695.05,9.6,2.72,0.37
5gsd,KAC,0.213,808.7,598.19,9.0,2.6,0.32
5hga,KAB,0.113,905.9,691.17,10.63,3.08,-0.12
5hgb,KAB,0.272,1018.44,749.1,11.1,3.09,-0.08
5hgd,KAB,0.159,911.09,667.56,8.57,2.69,-0.12
5hgh,KAB,0.164,921.46,664.38,9.31,2.81,-0.1
5hhm,KAA,0.17,701.14,616.48,11.27,2.63,0.04
5hhn,KAA,0.127,701.78,554.8,11.42,2.37,0.09
5hho,KAA,0.242,695.95,556.23,9.67,2.44,0.06
5hhp,KAA,0.298,692.5,562.44,10.88,2.26,0.03
5hhq,KAB,0.118,724.9,559.67,7.61,2.21,0.11
5hyj,KAA,0.149,717.55,540.27,6.95,2.02,0.1
5ib1,KAB,0.215,1024.27,723.29,8.67,2.51,0.04
5ib2,KAB,0.211,1114.13,793.56,11.27,2.7,0.1
5ib3,KAB,0.233,1021.46,726.59,8.4,2.54,0.08
5ib4,KAB,0.315,977.18,719.46,7.89,2.5,0.06
5ib5,KAB,0.184,966.17,694.95,9.18,2.48,0.02
5ieh,KAB,0.274,887.98,627.21,7.82,2.6,-0.09
5iek,KAB,0.208,955.8,656.09,7.82,2.72,-0.13
5im7,KAB,0.318,939.17,742.15,9.99,2.93,-0.08
5inc,KAB,0.224,899.42,712.76,9.62,2.68,-0.09
5ind,KAB,0.215,956.23,769.33,9.84,2.97,-0.08
5iro,KAA,0.268,861.41,751.08,10.82,3.16,-0.15
5isz,KAA,0.316,531.14,468.46,6.84,2.18,0.09
5iue,KAA,0.093,933.77,635.48,9.0,3.19,0.01
5j1a,KAA,0.203,1526.26,931.04,20.83,10.43,-0.42
5jhd,KAA,0.241,557.28,495.72,7.85,2.26,0.1
5jzi,KAA,0.13,683.64,593.99,11.08,2.56,0.05
5knm,KAA,0.222,1619.57,1120.65,9.69,3.26,-0.18
5l2j,KAB,0.113,1673.57,1195.63,15.89,8.97,-0.76
5l2k,KAA,0.295,1760.62,1224.99,16.1,7.88,-0.79
5men,KAA,0.213,859.46,622.24,9.41,2.4,0.03
5meo,KAB,0.259,741.96,600.21,9.69,2.35,0.02
5mep,KAA,0.244,767.66,646.16,10.15,2.5,-0.01
5meq,KAB,0.061,836.35,662.06,11.27,2.43,0.05
5mer,KAA,0.232,721.87,582.98,6.6,1.87,0.06
5n1y,KAA,0.122,738.72,564.86,7.54,1.98,0.07
5n6b,KAA,0.206,771.55,598.46,8.0,2.13,0.08
5nht,KAA,0.279,730.08,549.08,7.02,2.0,0.08
5nme,KAA,0.181,754.92,566.21,7.1,2.07,0.08
5nmf,KAA,0.218,758.59,559.28,7.73,2.16,0.05
5nmg,KAA,0.12,745.42,564.31,7.25,2.05,0.05
5nmh,KAA,0.168,810.86,619.47,7.82,2.03,0.09
5nmk,KAA,0.261,795.96,604.16,7.91,2.09,0.08
5nqk,KAA,0.128,789.05,586.45,7.25,2.12,0.06
5swq,KAA,0.239,743.04,585.21,7.32,2.05,0.07
5t6w,KAB,0.164,943.49,659.22,9.62,2.64,-0.22
5t6x,KAB,0.077,906.12,647.26,9.08,2.66,-0.22
5t6y,KAB,0.148,1033.34,714.5,9.62,2.64,-0.21
5t6z,KAB,0.219,909.36,617.26,9.02,2.68,-0.24
5t70,KAB,0.177,967.9,696.2,10.2,2.83,-0.25
5tez,KAA,0.219,635.26,581.82,10.56,2.62,0.03
5txs,KAB,0.145,829.66,609.24,9.0,3.09,0.06
5u16,KAB,0.244,654.26,516.1,9.1,2.99,0.07
5u16,KAF,0.359,61.78,73.89,4.2,1.54,0.06
5u17,KAA,0.16,640.44,565.96,11.08,2.89,0.04
5u1r,KAB,0.174,881.71,671.95,10.55,2.86,-0.07
5u2v,KAA,0.107,727.27,598.65,9.69,3.02,0.02
5u6q,KAB,0.217,623.38,505.91,9.16,2.95,0.11
5u6q,KAE,0.323,73.22,90.32,5.4,1.88,-0.11
5u72,KAB,0.169,722.3,539.15,11.16,3.02,0.02
5u72,KAE,0.211,58.97,70.89,4.37,1.6,-0.4
5u98,KAB,0.21,1034.86,677.6,10.22,2.87,-0.27
5v5l,KAB,0.165,892.73,729.36,9.99,2.88,-0.06
5v5m,KAB,0.116,958.82,702.21,9.62,2.74,-0.22
5vgd,KAB,0.194,733.1,597.14,7.73,2.25,0.43
5vge,KAB,0.177,1122.55,731.06,8.74,3.1,0.17
5vud,KAB,0.276,999.43,662.24,10.2,2.86,-0.24
5vue,KAB,0.282,989.93,703.79,9.62,2.85,-0.25
5vuf,KAB,0.181,940.03,664.4,10.22,2.74,-0.22
5vvp,KAB,0.3,857.74,595.73,9.62,2.61,-0.25
5vwd,KAB,0.266,955.15,681.18,10.2,2.65,-0.23
5vwf,KAB,0.203,865.08,629.37,9.64,2.58,-0.27
5vwh,KAB,0.262,1029.24,743.51,9.62,2.84,-0.07
5vwj,KAB,0.188,940.9,701.55,10.2,2.85,-0.04
5vz5,KAB,0.14,1296.0,917.42,9.0,3.08,-0.11
5w1v,KAB,0.15,1104.19,703.02,8.4,2.61,-0.07
5w1w,KAB,0.189,1035.29,658.19,7.8,2.56,-0.08
5w67,KAB,0.241,961.85,688.41,9.2,2.79,0.05
5w69,KAA,0.095,1083.89,720.33,9.39,2.62,0.22
5w6a,KAA,0.209,904.18,667.73,7.8,2.56,0.06
5whk,KAA,0.139,590.11,484.89,10.06,2.98,0.44
5wjl,KAB,0.125,785.38,637.39,10.2,2.65,0.27
5wjn,KAB,0.157,802.22,597.87,9.62,2.62,0.23
5wke,KAB,0.213,1834.7,1351.39,15.57,8.2,-0.77
5wkf,KAB,0.249,942.84,686.31,10.2,2.54,0.22
5wkg,KAB,0.224,1873.58,1374.9,15.38,7.7,-0.77
5wkh,KAB,0.166,1001.16,774.41,11.08,2.74,0.16
5wki,KAA,0.171,1905.77,1433.82,15.85,7.69,-0.75
5wl1,KAA,0.185,1507.03,1266.5,16.16,8.46,-0.8
5wmn,KAB,0.147,864.86,660.22,9.0,3.1,0.17
5wmo,KAB,0.139,1022.98,687.03,8.09,2.74,0.17
5wmp,KAB,0.167,911.52,665.32,9.0,2.82,0.08
5wmq,KAD,0.146,1156.68,830.24,10.97,3.58,0.0
5wmr,KAB,0.174,1118.45,749.3,8.4,3.26,-0.04
5wsh,KAA,0.228,703.94,528.49,8.14,2.08,0.14
5wwi,KAB,0.058,970.06,758.41,11.29,3.18,-0.07
5wwj,KAB,0.196,851.47,668.38,10.34,2.86,-0.08
5wwu,KAB,0.274,924.48,696.21,9.77,2.82,-0.03
5wxc,KAB,0.096,896.62,703.91,10.97,3.09,-0.09
5wxd,KAB,0.137,875.45,696.69,10.92,2.94,-0.06
5xos,KAB,0.189,1008.5,668.46,10.8,2.78,-0.1
5xot,KAA,0.087,986.26,659.78,10.2,2.52,-0.1
5xov,KAB,0.271,992.3,735.18,10.06,3.08,-0.08
5xs3,KAA,0.152,843.26,651.49,8.09,2.5,-0.02
5yxn,KAA,0.179,670.9,542.46,6.73,2.08,0.05
5yxu,KAA,0.297,684.72,555.83,6.84,2.05,0.08
6aee,KAC,0.157,1042.42,727.43,9.18,2.71,0.15
6am5,KAA,0.15,733.32,567.21,8.07,2.11,0.07
6amt,KAA,0.166,853.85,800.46,10.62,3.08,-0.09
6amu,KAA,0.233,795.31,615.8,9.6,2.16,0.02
6apn,KAA,0.237,699.41,556.38,5.94,1.7,0.05
6at5,KAB,0.206,849.31,609.59,7.8,2.6,0.1
6at9,KAB,0.179,952.99,742.98,9.6,2.89,0.52
6avf,KAB,0.141,895.1,656.89,9.0,2.85,0.22
6avg,KAB,0.286,780.19,606.79,8.4,2.77,0.2
6bj2,KAB,0.211,1006.13,702.68,9.0,2.74,-0.02
6bj3,KAA,0.25,1012.82,683.54,10.8,2.68,-0.11
6bj8,KAA,0.197,923.4,608.14,9.6,2.47,-0.12
6bxp,KAB,0.135,1050.19,716.44,9.02,2.63,-0.22
6bxq,KAB,0.242,997.27,678.05,9.62,2.68,-0.23
6c09,KAA,0.396,725.33,647.5,17.23,8.93,-0.63
6c09,KAF,0.16,974.38,653.43,10.82,3.92,-0.73
6c15,KAA,0.076,1647.0,1239.26,16.03,6.26,-0.76
6c97,KAB,0.276,167.83,191.32,6.21,1.82,0.12
6c98,KAB,0.391,118.58,136.03,5.66,2.1,0.19
6c99,KAB,0.421,149.47,174.96,10.68,4.66,0.06
6cug,KAB,0.296,1923.91,1390.07,15.57,8.19,-0.78
6cug,KAC,0.392,60.7,69.17,1.8,0.51,-0.59
6d29,KAB,0.258,932.69,654.68,9.62,2.77,-0.21
6d2b,KAB,0.342,949.32,665.17,10.2,2.84,-0.21
6d2r,KAB,0.208,983.45,689.86,9.64,2.88,-0.19
6d2t,KAB,0.233,1033.78,710.61,10.2,2.93,-0.22
6d64,KAB,0.233,1993.03,1424.37,15.57,8.18,-0.76
6d78,KAA,0.175,689.9,549.79,6.95,2.02,0.1
6d7g,KAA,0.104,778.46,601.59,8.07,1.97,0.06
6dkp,KAA,0.278,689.69,534.58,7.32,1.98,0.06
6ei2,KAB,0.158,891.43,676.81,9.49,2.57,0.01
6eqa,KAA,0.151,662.47,548.73,6.73,1.99,0.12
6eqb,KAA,0.205,697.03,575.3,9.97,2.09,0.06
6ewa,KAA,0.225,777.17,574.38,7.1,2.11,0.12
6ewc,KAA,0.107,754.49,559.4,7.02,2.17,0.13
6ewo,KAA,0.135,622.94,546.06,8.4,2.17,0.01
6fgb,KAC,0.399,81.43,109.16,7.0,2.73,0.29
6g3j,KAA,0.234,754.49,596.59,10.37,2.21,0.07
6g3k,KAB,0.13,814.97,614.19,10.75,2.18,0.01
6ggm,KAB,0.259,949.1,676.66,8.67,2.45,-0.1
6gh1,KAA,0.123,901.58,634.15,7.8,2.24,-0.06
6gh4,KAA,0.289,979.99,696.13,8.92,2.4,-0.04
6ghn,KAA,0.2,1021.03,712.54,9.22,2.54,-0.11
6gl1,KAA,0.223,936.79,622.0,7.2,2.32,-0.08
6id4,KAB,0.279,924.48,637.53,9.6,2.93,0.29
6iex,KAB,0.166,884.95,654.61,8.4,2.64,-0.03
6ilm,KAE,0.704,75.17,114.06,0.0,0.0,-0.33
6ilm,KAF,0.353,132.41,141.18,6.26,2.46,0.27
6j1v,KAB,0.257,997.7,729.22,9.86,3.22,0.03
6j1w,KAB,0.212,970.27,689.19,10.0,3.09,-0.09
6j29,KAB,0.227,1039.61,751.12,10.27,3.07,-0.01
6j2a,KAB,0.2,989.93,716.28,9.64,2.73,0.06
6joz,KAB,0.167,856.01,651.79,9.56,2.57,0.28
6jp3,KAB,0.108,887.54,689.35,9.6,2.75,0.31
6jtn,KAA,0.251,706.32,553.59,8.4,2.74,0.39
6jto,KAA,0.336,715.82,596.99,9.18,2.73,0.46
6jtp,KAA,0.201,804.6,650.29,9.77,2.94,0.35
6k60,KAA,0.124,1005.26,711.19,8.67,2.58,0.2
6la6,KAF,0.751,68.04,107.45,0.0,0.0,-0.29
6la6,KAG,0.277,238.25,251.2,6.12,1.63,0.17
6la7,KAD,0.291,436.1,409.51,10.55,2.95,0.35
6mpp,KAB,0.263,1087.13,873.72,12.28,2.87,0.23
6mt3,KAB,0.181,1135.51,806.24,11.14,3.22,0.05
6mt4,KAB,0.119,1126.87,815.6,10.8,3.07,0.17
6mt5,KAB,0.15,1199.02,841.19,11.08,3.03,0.13
6mt6,KAB,0.221,1122.55,796.15,10.2,2.96,0.15
6mtl,KAB,0.284,891.43,680.66,10.2,2.55,0.11
6mtm,KAC,0.174,1073.95,775.28,10.8,2.91,0.09
6mwr,KAB,0.18,860.54,696.52,11.89,3.49,-0.09
6nca,KAA,0.252,558.58,485.95,6.29,2.01,0.02
6nha,KAA,0.141,775.22,700.74,10.06,3.11,0.17
6nux,KAC,0.01,1486.73,945.89,21.64,10.91,-0.34
6o4y,KAA,0.165,781.06,588.77,7.32,2.03,0.1
6o4z,KAA,0.229,669.17,525.6,6.41,2.08,0.12
6o51,KAA,0.254,695.74,547.07,7.2,1.94,0.07
6o53,KAA,0.232,732.89,590.29,7.32,1.96,0.08
6o9b,KAA,0.225,923.18,697.87,9.6,2.5,0.11
6o9c,KAB,0.066,878.9,651.89,9.6,2.55,0.12
6opd,KAA,0.125,694.01,550.64,7.47,2.1,0.1
6p23,KAB,0.17,976.54,684.97,8.4,2.7,-0.08
6p27,KAB,0.287,1056.46,713.59,8.4,2.75,-0.03
6p2c,KAB,0.282,1097.5,754.43,8.4,2.74,-0.07
6p2f,KAB,0.179,1082.16,730.15,8.4,2.79,-0.04
6p2s,KAB,0.275,960.77,664.33,8.4,2.7,-0.07
6p64,KAA,0.26,683.64,557.36,9.02,2.17,0.01
6pa1,KAA,0.214,1355.83,840.31,9.75,3.49,0.27
6pag,KAA,0.24,1315.87,833.41,9.84,3.23,0.3
6pbh,KAB,0.259,775.01,582.28,9.02,2.31,0.02
6ptb,KAA,0.083,737.64,578.19,7.12,2.13,0.12
6pte,KAA,0.141,717.77,586.28,10.63,2.23,0.06
6puc,KAA,0.234,672.19,648.35,11.54,3.58,-0.02
6pud,KAA,0.241,659.02,537.56,11.91,3.45,0.02
6pud,KAE,0.428,74.95,81.03,5.13,1.71,-0.12
6pue,KAA,0.25,575.42,485.14,11.42,3.45,0.02
6pue,KAD,0.291,72.58,91.91,6.0,2.28,-0.04
6puf,KAB,0.192,571.75,489.08,12.01,3.54,0.03
6puf,KAF,0.377,61.99,79.53,4.84,1.75,-0.17
6pug,KAA,0.214,607.39,485.22,11.34,3.34,-0.02
6pug,KAE,0.345,61.13,70.81,4.37,1.63,-0.12
6puh,KAA,0.232,649.08,525.99,11.67,3.49,-0.04
6puh,KAD,0.349,55.94,71.03,4.8,1.71,-0.18
6pui,KAA,0.242,664.2,526.29,11.18,3.35,0.06
6pui,KAE,0.393,58.54,68.69,4.8,1.73,-0.3
6puj,KAB,0.149,614.74,473.98,11.18,3.35,0.05
6puj,KAF,0.306,70.85,83.54,5.4,2.02,-0.17
6puk,KAB,0.254,601.56,508.6,11.54,3.71,0.0
6puk,KAE,0.288,64.37,72.2,4.8,1.66,-0.17
6pul,KAA,0.224,541.51,451.35,10.75,3.39,0.05
6pul,KAE,0.358,54.65,61.6,3.84,1.37,-0.26
6pum,KAB,0.14,556.42,443.68,11.89,3.44,0.04
6pum,KAF,0.395,64.37,82.86,5.4,2.06,-0.01
6pvc,KAA,0.063,605.23,549.71,10.88,3.4,0.08
6pvc,KAE,0.313,53.57,68.03,4.2,1.44,-0.14
6pvd,KAB,0.209,608.26,528.71,10.27,3.31,0.04
6pvd,KAE,0.417,58.1,74.42,4.8,1.73,0.02
6pyj,KAB,0.194,1045.22,760.5,8.92,2.73,0.05
6pyl,KAB,0.229,1179.79,836.17,11.42,2.95,-0.03
6pyv,KAB,0.214,1024.27,734.27,8.84,2.63,0.1
6pyw,KAC,0.207,1081.73,780.17,11.22,2.85,0.07
6pz5,KAB,0.263,1054.94,751.92,9.47,2.86,0.09
6q3k,KAA,0.054,865.3,647.66,7.85,2.2,0.11
6q3s,KAA,0.151,574.56,511.95,6.0,1.77,0.15
6qio,KAA,0.323,211.9,220.94,6.87,1.76,0.65
6qip,KAA,0.299,260.06,258.46,6.81,1.67,0.59
6r2l,KAA,0.33,799.63,654.08,10.22,2.21,0.02
6r2u,KAC,0.233,807.62,672.2,7.61,2.17,0.07
6rp9,KAA,0.227,681.26,527.02,7.07,1.99,0.07
6rpa,KAA,0.171,748.44,548.67,7.82,2.11,0.06
6rpb,KAA,0.114,670.68,537.92,6.63,1.97,0.07
6rsy,KAA,0.092,816.05,621.63,9.69,2.27,0.09
6sny,KAA,0.128,1517.83,1182.57,13.16,4.37,-0.46
6ss7,KAA,0.173,783.22,581.41,7.32,2.11,0.1
6ss8,KAA,0.281,789.26,623.89,10.88,2.27,0.04
6ss9,KAA,0.268,721.44,557.7,7.1,2.06,0.1
6ssa,KAA,0.251,779.54,593.18,7.12,2.13,0.09
6tdo,KAA,0.146,621.86,539.32,7.78,2.05,0.11
6tdp,KAA,0.213,619.92,542.07,7.61,2.0,0.06
6tdq,KAA,0.137,647.78,579.85,9.6,2.37,0.01
6tdr,KAA,0.133,790.56,669.81,9.6,2.34,0.02
6tds,KAA,0.251,691.2,598.81,9.24,2.2,-0.0
6tmo,KAA,0.238,714.1,550.34,6.41,1.9,0.08
6trn,KAA,0.12,720.58,572.1,7.32,1.99,0.07
6tro,KAA,0.185,587.95,491.43,6.03,1.88,0.06
6uj7,KAB,0.217,841.32,625.15,7.8,2.41,0.06
6uj8,KAB,0.114,808.06,635.14,7.2,2.64,0.05
6uj9,KAB,0.146,702.86,547.78,7.2,2.67,0.08
6ujo,KAA,0.204,763.13,633.76,9.39,2.18,0.06
6ujq,KAA,0.265,784.73,611.7,9.62,2.26,0.09
6uk2,KAA,0.249,658.58,553.68,9.6,2.31,-0.02
6uk4,KAA,0.174,773.71,622.87,10.92,2.43,-0.02
6uli,KAA,0.314,806.76,665.04,8.4,2.69,0.56
6ulk,KAA,0.131,803.09,639.1,8.4,2.82,0.43
6uln,KAA,0.176,862.92,687.01,9.02,2.76,0.42
6ulr,KAB,0.104,1072.66,837.23,11.38,3.13,0.45
6uon,KAC,0.201,719.28,607.58,8.4,2.63,0.27
6uz1,KAA,0.214,685.58,602.8,9.69,2.27,0.06
6uzm,KAC,0.077,1092.53,714.33,11.46,3.11,-0.04
6uzn,KAB,0.112,1004.83,715.32,11.4,3.2,0.05
6uzo,KAB,0.192,1076.54,730.02,11.97,3.13,-0.09
6uzp,KAB,0.007,1034.21,709.5,9.6,3.06,0.04
6uzq,KAB,0.13,995.11,705.54,9.0,3.04,0.04
6uzs,KAB,0.177,1018.87,710.42,9.6,3.03,0.03
6v2o,KAB,0.148,960.12,686.29,10.2,2.92,-0.19
6v2p,KAB,0.169,1000.94,659.72,10.8,2.92,-0.2
6v2q,KAB,0.205,949.1,678.53,10.8,2.83,-0.18
6v3j,KAB,0.247,892.08,609.81,9.08,2.63,-0.26
6v7y,KAB,0.159,1335.74,1084.49,15.16,6.22,-0.72
6v7z,KAC,0.191,1365.77,1016.16,16.03,7.42,-0.75
6v80,KAB,0.096,2093.26,1459.83,14.94,6.86,-0.7
6vb0,KAB,0.156,915.84,643.38,10.8,3.03,-0.06
6vb1,KAB,0.277,940.03,654.75,10.8,3.0,-0.04
6vb2,KAA,0.25,918.22,656.41,10.2,2.95,-0.02
6vb3,KAB,0.254,971.57,683.03,9.0,2.84,0.07
6vb4,KAB,0.189,1000.51,715.28,11.95,3.18,0.08
6vb5,KAB,0.126,1011.74,722.83,11.45,3.21,0.06
6vb6,KAB,0.251,1026.0,724.91,11.38,3.19,0.05
6vb7,KAB,0.113,1049.54,727.71,10.2,3.25,0.08
6viu,KAB,0.189,1000.51,715.28,11.95,3.18,0.08
6vm7,KAA,0.156,742.18,574.1,7.91,2.09,0.07
6vm8,KAA,0.239,768.53,608.61,7.71,2.14,0.03
6vm9,KAA,0.175,823.82,615.54,7.1,2.06,0.09
6vma,KAA,0.326,844.34,588.29,6.81,2.03,0.08
6vmc,KAA,0.293,769.61,589.63,6.81,1.95,0.08
6vmx,KAB,0.118,995.98,663.19,8.4,2.86,0.19
6vpz,KAB,0.174,1136.81,769.4,11.88,2.81,0.03
6vq2,KAB,0.189,1141.13,759.04,8.55,2.78,0.05
6vqd,KAB,0.154,1067.04,699.96,8.98,2.64,-0.06
6vqe,KAB,0.163,1225.58,771.39,9.45,2.81,-0.03
6vqo,KAA,0.19,649.73,535.65,8.16,2.16,0.13
6vqy,KAB,0.109,1146.96,751.0,8.94,2.73,-0.01
6vqz,KAA,0.131,1128.82,792.93,11.56,2.91,-0.02
6vr1,KAA,0.156,822.74,659.7,9.99,2.41,0.11
6vr5,KAA,0.147,834.41,653.23,10.0,2.44,0.09
6vrm,KAA,0.187,747.36,588.87,8.84,2.24,0.09
6vrn,KAA,0.165,788.83,564.87,8.25,2.29,0.06
6w51,KAA,0.106,688.82,560.29,8.38,2.13,0.11
6w9u,KAA,0.135,619.49,531.46,11.16,3.03,-0.17
6w9u,KAE,0.289,43.63,59.87,4.2,1.85,-0.12
6w9v,KAA,0.188,683.42,497.05,9.04,2.69,-0.21
6wna,KAB,0.165,166.54,203.39,6.95,2.13,0.13
6wol,KAC,0.403,147.1,178.48,10.68,4.32,0.23
6xqa,KAB,0.239,834.84,627.21,9.0,2.67,-0.06
6xqp,KAB,0.195,607.39,494.46,11.13,3.48,0.17
6y26,KAB,0.148,879.34,624.71,8.53,2.55,0.0
6y27,KAB,0.216,1022.33,708.39,11.46,3.05,0.05
6y28,KAB,0.205,997.06,685.53,8.72,2.71,0.02
6y29,KAB,0.214,776.09,586.65,7.35,2.51,0.06
6y2a,KAB,0.194,903.53,618.19,8.4,2.72,-0.01
6y2b,KAB,0.082,900.5,624.84,7.85,2.42,0.0
6z9v,KAA,0.248,817.56,560.45,7.0,2.08,0.1
6z9w,KAA,0.172,725.54,600.16,7.42,2.29,0.04
6z9x,KAA,0.161,817.13,578.17,8.42,2.13,0.02
6zkw,KAA,0.155,1130.76,720.84,8.2,2.83,-0.02
6zkx,KAA,0.213,1292.54,862.27,9.51,2.79,-0.06
6zky,KAA,0.188,1172.88,769.64,8.67,2.9,0.04
6zkz,KAA,0.23,1166.62,742.33,8.2,2.93,0.01
7alo,KAB,0.224,1022.11,771.67,10.77,2.52,0.02
7bbg,KAA,0.137,737.21,584.69,9.6,2.29,0.03
7bh8,KAA,0.126,1117.58,690.74,8.84,2.74,-0.1
7c9v,KAF,0.215,139.54,174.65,6.6,1.91,0.66
7ciq,KAB,0.213,1045.44,781.03,9.97,2.82,0.08
7cir,KAB,0.277,953.21,730.9,9.97,2.64,0.08
7cis,KAB,0.26,1012.39,730.06,9.08,2.78,0.09
7duu,KAA,0.226,990.36,694.0,8.4,2.72,0.18
7dyn,KAB,0.157,1180.01,821.31,11.56,2.86,0.04
7dzm,KAB,0.191,1005.7,650.02,8.4,2.72,-0.12
7dzn,KAA,0.213,922.54,627.69,9.0,2.54,-0.06
7ejl,KAB,0.18,789.91,594.17,9.67,2.67,-0.08
7ejm,KAB,0.137,821.88,618.8,9.1,2.72,-0.1
7ejn,KAB,0.242,894.46,658.06,9.62,2.9,-0.04
7eu2,KAA,0.208,720.58,584.96,9.62,2.47,0.02
7f4w,KAB,0.244,760.1,610.28,9.64,2.56,-0.14
7fi5,KAB,0.306,179.28,182.77,6.29,2.12,0.62
7fi6,KAC,0.094,452.09,418.44,8.74,2.16,0.52
7fi7,KAB,0.066,397.01,396.29,7.22,2.04,0.65
7fi8,KAC,0.197,343.44,353.01,5.94,1.97,0.54
7fi9,KAB,0.227,413.86,322.62,5.91,1.86,0.67
7jyu,KAB,0.283,889.27,673.55,8.88,2.63,-0.04
7jyv,KAB,0.118,947.59,733.55,10.22,2.69,-0.0
7jyw,KAC,0.148,882.79,690.56,9.62,2.63,-0.1
7jyx,KAA,0.145,942.62,703.02,9.69,2.7,-0.02
7k80,KAB,0.132,999.22,755.24,11.83,3.29,-0.05
7k81,KAB,0.168,1005.05,727.5,10.2,3.27,-0.05
7kgo,KAA,0.179,810.0,615.46,10.77,2.25,0.09
7kgp,KAA,0.283,687.31,542.0,7.54,2.12,0.1
7kgq,KAA,0.218,785.81,597.16,7.42,2.2,0.09
7kgr,KAA,0.24,816.05,608.14,7.22,2.16,0.13
7kgs,KAA,0.278,660.53,573.42,10.06,2.45,0.01
7kgt,KAA,0.245,723.38,592.93,10.63,2.26,0.04
7koz,KAC,0.129,1364.9,998.71,21.07,10.19,-0.38
7kp0,KAB,0.197,1764.72,1212.57,13.68,6.23,-0.28
7kp1,KAA,0.248,1624.97,1097.43,12.49,5.76,-0.31
7l1b,KAB,0.209,870.05,653.5,9.6,2.44,0.15
7l1c,KAB,0.264,807.41,614.16,9.51,2.54,0.1
7l1d,KAB,0.165,937.66,662.43,10.06,2.69,0.14
7lfz,KAB,0.148,994.46,726.62,8.4,2.92,0.22
7lg0,KAB,0.215,925.34,645.08,9.0,2.93,0.16
7lg2,KAA,0.085,721.87,584.37,8.14,2.22,0.12
7lg3,KAA,0.168,716.9,591.35,9.22,2.03,0.04
7lgd,KAB,0.176,875.23,638.81,8.4,2.44,0.12
7lgt,KAB,0.055,954.29,665.54,8.4,2.99,0.17
7lli,KAA,0.126,773.93,685.89,11.05,3.6,0.05
7llj,KAA,0.127,751.68,658.23,9.33,3.06,0.02
7m8s,KAA,0.11,709.99,558.73,7.32,2.02,0.09
7m8t,KAB,0.252,858.6,655.1,9.6,2.5,0.3
7m8u,KAB,0.152,1189.94,729.33,12.0,3.03,-0.1
7mj6,KAA,0.171,672.19,545.18,6.84,1.96,0.07
7mj7,KAA,0.19,692.28,551.16,7.61,2.19,0.05
7mj8,KAA,0.311,623.59,517.34,6.84,1.94,0.1
7mj9,KAA,0.152,691.42,579.79,7.85,2.13,0.09
7mja,KAA,0.336,709.13,561.14,8.42,2.44,-0.12
7mkb,KAA,0.171,693.36,604.71,9.6,2.27,0.01
7mle,KAB,0.247,840.24,599.4,9.6,2.62,0.11
7mx4,KAB,0.185,1675.51,1161.98,15.71,6.52,-0.77
7mxf,KAB,0.25,1476.14,1072.65,15.24,6.63,-0.79
7mxh,KAB,0.154,1726.06,1192.91,16.12,6.82,-0.78
7n1a,KAA,0.211,658.37,561.7,9.93,2.3,-0.02
7n1b,KAA,0.053,829.01,630.76,10.34,2.35,0.05
7n1e,KAA,0.161,696.82,552.25,7.35,2.07,0.09
7n1f,KAA,0.326,722.09,568.95,7.8,2.05,0.02
7n2n,KAB,0.133,919.51,664.01,10.8,2.7,0.07
7n2o,KAB,0.206,914.33,715.36,10.48,2.67,0.1
7n2p,KAB,0.056,870.7,682.54,9.1,2.81,0.03
7n2q,KAB,0.184,902.66,741.38,10.63,2.75,0.15
7n2r,KAB,0.107,926.42,720.5,11.08,2.84,0.11
7n2s,KAB,0.174,959.69,701.07,9.18,2.65,0.05
7n6d,KAA,0.268,634.61,558.08,9.69,2.26,-0.02
7n6e,KAB,0.13,670.46,558.45,9.6,2.36,-0.03
7ndq,KAA,0.148,1147.18,708.62,7.8,2.37,-0.06
7ndt,KAB,0.205,1102.25,696.47,8.03,2.57,-0.08
7ndu,KAB,0.22,1148.69,722.49,8.67,2.86,0.03
7nmd,KAB,0.211,870.7,644.48,9.0,2.62,-0.08
7nme,KAB,0.123,831.6,637.12,9.08,2.74,-0.03
7nmf,KAB,0.097,836.78,632.23,9.02,2.61,-0.05
7nmg,KAB,0.119,926.42,727.63,10.34,3.13,-0.09
7nui,KAB,0.279,1107.43,840.61,10.55,3.37,-0.02
7oks,KAA,0.206,1455.84,1152.46,12.01,4.11,-0.5
7okt,KAA,0.126,1342.01,1049.6,12.38,4.77,-0.59
7oku,KAA,0.186,1324.94,990.99,11.82,4.35,-0.59
7okv,KAA,0.199,1546.56,1163.36,11.38,4.04,-0.5
7ow3,KAA,0.089,887.76,662.65,9.6,2.73,0.29
7ow4,KAB,0.209,848.88,666.98,9.6,2.71,0.33
7ow5,KAB,0.107,948.46,717.09,10.06,2.74,0.27
7ow6,KAB,0.219,833.98,664.21,9.51,2.58,0.27
7p3d,KAA,0.253,567.86,510.9,7.2,2.02,0.04
7p3e,KAA,0.14,665.06,569.16,9.18,2.26,-0.01
7p49,KAA,0.191,1099.44,731.04,10.92,2.7,-0.06
7p4b,KAA,0.23,873.94,658.2,8.4,2.21,-0.06
7pb2,KAB,0.154,905.9,686.57,10.2,2.76,0.29
7pbc,KAA,0.175,617.98,513.31,7.73,2.37,0.15
7pbe,KAA,0.014,626.83,534.76,10.2,2.16,0.01
7pdw,KAA,0.104,642.82,516.59,7.52,2.44,0.1
7phr,KAA,0.214,673.06,531.89,7.12,2.07,0.09
7q15,KAE,0.56,142.99,153.14,4.95,1.35,-0.21
7q5d,KAB,0.238,1471.82,1121.98,12.71,4.48,-0.55
7q98,KAA,0.167,772.63,588.34,7.42,2.09,0.09
7q99,KAA,0.218,651.02,541.38,6.6,1.99,0.07
7q9a,KAA,0.183,754.7,589.66,6.84,2.04,0.05
7q9b,KAA,0.286,740.02,572.61,6.92,1.95,0.08
7qpd,KAD,0.174,690.34,572.62,7.47,1.96,0.24
7qpj,KAA,0.18,632.45,502.26,7.73,2.43,0.11
7r7v,KAB,0.246,929.23,721.07,9.02,2.82,-0.04
7r7w,KAB,0.245,987.98,721.45,10.2,2.95,-0.08
7r7x,KAB,0.269,855.14,642.09,9.62,2.66,-0.26
7r7y,KAB,0.184,915.84,679.39,10.2,2.76,-0.23
7r80,KAC,0.247,978.48,708.17,10.22,2.95,-0.05
7re7,KAA,0.167,661.39,594.85,9.51,2.01,0.01
7re8,KAA,0.191,779.54,619.14,11.03,2.41,0.06
7rk7,KAA,0.257,740.23,605.93,7.35,2.24,0.06
7rm4,KAA,0.082,663.77,569.14,10.82,2.29,0.0
7rno,KAB,0.179,973.51,708.75,10.2,3.03,0.1
7rrg,KAB,0.177,1061.64,719.95,10.9,2.87,0.05
7rtd,KAA,0.244,766.15,643.56,9.95,2.37,0.01
7rtr,KAA,0.153,763.34,618.18,9.6,2.21,-0.01
7rym,KAA,0.247,1381.54,980.06,17.61,8.56,-0.55
7ryn,KAB,0.081,1524.96,1066.66,15.43,6.57,-0.31
7ryo,KAC,0.212,1632.96,1183.3,15.57,6.23,-0.5
7rzd,KAB,0.235,882.36,683.22,9.0,3.08,0.21
7rzj,KAB,0.155,897.05,689.39,9.0,3.07,0.2
7s79,KAB,0.157,892.3,695.13,8.94,2.94,0.18
7s7d,KAB,0.153,857.95,685.0,9.0,3.05,0.18
7s7e,KAB,0.243,775.01,670.63,7.8,2.65,0.28
7s7f,KAB,0.234,837.0,692.13,7.8,2.54,0.32
7s8a,KAB,0.115,907.2,688.34,9.0,3.09,0.22
7s8e,KAB,0.107,906.34,716.98,9.31,3.05,0.21
7s8f,KAB,0.17,969.19,701.5,9.0,3.08,0.22
7s8q,KAB,0.225,922.75,699.67,9.6,2.48,0.31
7s8r,KAB,0.092,919.3,658.46,9.62,2.76,0.23
7s8s,KAA,0.179,855.36,652.04,9.6,2.46,0.3
7sa2,KAA,0.24,733.75,566.59,6.29,1.81,0.07
7sh4,KAB,0.147,1362.1,982.88,20.54,9.77,-0.34
7sif,KAB,0.188,1080.0,698.69,9.9,3.01,-0.18
7sig,KAB,0.135,989.5,660.48,7.91,2.67,0.02
7sih,KAB,0.117,937.22,648.15,10.2,2.51,-0.17
7sis,KAA,0.21,745.85,625.63,11.59,2.58,0.04
7sqp,KAA,0.176,697.46,612.62,8.53,2.21,0.1
7sr0,KAA,0.183,736.34,638.45,8.59,2.37,0.05
7sr3,KAA,0.237,657.5,564.72,8.16,2.1,0.13
7sr4,KAA,0.145,710.21,612.13,8.16,2.2,0.09
7sr5,KAA,0.217,687.1,570.71,8.59,2.11,0.03
7srk,KAA,0.239,1159.7,840.1,10.34,2.91,-0.15
7ssh,KAA,0.238,589.46,522.86,8.69,2.15,0.11
7st3,KAA,0.155,592.06,508.7,7.4,1.99,0.1
7stf,KAB,0.263,873.94,603.15,9.33,2.25,0.04
7stg,KAA,0.223,528.12,476.87,7.25,2.0,0.18
7su9,KAA,0.107,964.01,775.05,10.78,3.03,0.49
7t0l,KAB,0.237,1063.8,771.13,10.2,2.83,0.08
7t5m,KAA,0.142,823.82,602.69,7.73,2.23,0.11
7tlt,KAB,0.249,999.22,695.46,9.56,2.9,0.08
7tr4,KAA,0.064,773.28,598.51,7.32,2.1,0.08
7tuc,KAB,0.174,837.0,634.23,10.2,2.53,0.08
7tud,KAB,0.292,741.96,581.32,10.2,2.59,0.06
7tue,KAD,0.184,1033.13,988.4,10.34,3.76,-0.01
7u1r,KAA,0.172,715.82,573.77,7.8,2.14,0.05
7u21,KAA,0.122,756.86,577.85,6.71,2.07,0.07
7uc5,KAB,0.119,833.54,617.24,9.0,2.42,0.08
7ufj,KAB,0.097,664.63,534.81,9.39,3.08,0.05
7ufj,KAF,0.316,115.56,109.79,6.49,2.1,-0.18
7um2,KAA,0.173,767.88,577.27,7.32,2.08,0.05
7umg,KAB,0.18,679.54,601.28,9.37,3.17,0.07
7ur1,KAA,0.214,705.24,550.07,7.25,2.16,0.07
7wj2,KAA,0.124,1088.64,737.73,9.45,3.21,0.2
7wj3,KAA,0.126,916.49,686.39,9.49,3.29,0.17
7wkj,KAB,0.059,852.34,603.38,9.02,2.29,0.21
7wt3,KAB,0.237,947.81,693.16,10.56,3.12,-0.09
7wt4,KAB,0.102,965.09,726.46,11.0,3.11,-0.01
7wt5,KAB,0.119,853.63,621.04,9.62,2.56,0.06
7wzz,KAB,0.231,992.09,800.98,10.8,3.09,-0.07
7x00,KAB,0.216,1032.26,754.43,10.8,2.97,-0.08
7x1b,KAB,0.126,915.84,710.32,9.84,2.99,-0.05
7x1c,KAB,0.178,992.3,747.82,10.2,2.91,-0.03
7xf3,KAB,0.219,943.49,708.24,10.37,2.85,0.04
7xxa,KAA,0.318,44.93,54.01,2.55,0.92,0.6
7yg3,KAB,0.221,751.03,651.97,9.0,2.32,0.1
7zt2,KAA,0.221,830.09,672.32,11.59,3.29,0.06
7zt3,KAA,0.152,914.98,686.48,8.38,2.55,-0.05
7zt4,KAB,0.153,805.03,675.59,11.32,3.03,0.07
7zt5,KAB,0.123,770.47,651.1,9.49,3.1,0.07
7zt7,KAB,0.047,633.96,558.54,9.79,3.08,0.15
7zt8,KAA,0.098,691.63,556.22,9.14,3.16,0.05
7zt9,KAA,0.141,773.93,664.36,8.92,2.92,0.09
7zuc,KAA,0.184,773.71,611.38,9.41,2.18,0.03
8bp6,KAA,0.25,783.0,676.22,11.53,3.52,0.07
8c44,KAA,0.272,1580.9,1175.4,13.4,4.51,-0.42
8cx4,KAB,0.21,896.62,695.11,10.06,2.6,0.11
8dnt,KAA,0.276,728.78,641.35,10.15,2.73,-0.03
8dv3,KAB,0.133,1888.06,1341.39,15.85,8.74,-0.77
8dv4,KAB,0.204,2002.75,1448.28,15.85,7.83,-0.74
8dvg,KAB,0.208,940.9,701.76,10.63,2.64,0.08
8e13,KAC,0.152,968.11,680.62,9.0,2.82,-0.06
8e2z,KAB,0.056,1586.74,1075.52,9.0,2.73,0.01
8e8i,KAC,0.211,1008.94,694.81,9.0,2.98,-0.04
8eb2,KAA,0.119,748.66,592.58,8.78,2.19,0.12
8ec5,KAB,0.121,1155.38,746.63,8.42,2.85,-0.09
8ek5,KAB,0.222,778.46,617.92,8.59,2.49,-0.07
8elg,KAB,0.166,937.44,676.72,9.6,2.96,0.02
8elh,KAB,0.108,887.76,631.98,8.4,2.8,0.01
8emf,KAB,0.206,1108.3,678.24,10.2,2.74,-0.13
8emg,KAB,0.169,995.76,672.86,9.6,2.6,-0.05
8emi,KAB,0.204,1147.18,695.24,10.2,2.85,-0.08
8emj,KAB,0.206,1129.46,670.96,9.6,2.72,-0.16
8emk,KAB,0.165,1107.22,680.35,11.4,2.86,-0.14
8en8,KAA,0.205,887.54,596.69,8.4,2.4,-0.09
8enh,KAA,0.208,902.45,625.96,10.2,2.34,-0.01
8eo8,KAB,0.183,833.76,584.23,8.4,2.27,-0.04
8erx,KAA,0.069,1241.57,834.88,11.32,2.79,-0.0
8es8,KAA,0.163,821.88,680.17,11.27,2.73,0.04
8es9,KAA,0.157,733.97,590.69,10.2,2.18,-0.03
8esa,KAA,0.193,863.57,735.27,9.18,2.34,-0.05
8esb,KAA,0.14,840.89,616.44,7.35,2.17,0.0
8esh,KAA,0.204,1261.22,853.76,10.15,3.47,-0.0
8f5a,KAB,0.159,882.14,658.16,10.2,2.84,-0.21
8f7m,KAB,0.122,884.3,634.96,10.2,2.79,-0.2
8fja,KAA,0.206,776.52,599.47,8.65,2.25,0.03
8fjb,KAA,0.106,952.34,694.0,11.59,2.55,0.03
8frt,KAA,0.225,782.57,616.79,8.25,2.25,-0.04
8fu4,KAA,0.25,813.89,604.11,8.07,2.2,0.09
8gle,KAB,0.202,2144.88,1584.4,15.65,7.58,-0.7
8glf,KAA,0.202,2186.57,1607.95,15.44,6.86,-0.67
8glg,KAA,0.205,1971.65,1405.98,15.33,7.94,-0.76
8glh,KAB,0.258,1758.89,1287.22,15.85,8.75,-0.79
8gli,KAA,0.217,1748.09,1302.94,15.52,8.59,-0.8
8gom,KAA,0.243,721.01,560.98,7.1,2.05,0.08
8gon,KAA,0.161,629.21,539.84,6.95,1.92,0.06
8gvb,KAB,0.129,968.54,745.74,9.79,2.92,-0.11
8gvg,KAB,0.22,1056.02,801.61,9.77,3.26,-0.17
8gvi,KAB,0.221,1049.76,778.76,10.2,2.91,-0.04
8hn4,KAB,0.095,869.4,640.96,10.27,2.82,-0.12
8i5c,KAB,0.24,1003.75,691.17,9.6,2.57,0.25
8i5d,KAB,0.32,1002.02,713.97,9.62,2.98,0.15
8i5e,KAB,0.2,894.89,651.22,9.6,2.96,0.27
8isn,KAB,0.274,987.98,744.58,11.73,2.98,-0.03
8qfy,KAA,0.218,1138.1,742.23,9.56,2.84,0.03
8rbu,KAB,0.187,841.32,679.88,9.1,2.76,0.24
8rbv,KAA,0.204,780.62,599.35,7.82,2.14,0.11
8rcv,KAB,0.173,877.82,650.56,9.62,2.71,0.07
8ref,KAB,0.031,993.6,716.04,10.8,3.0,0.12
8rh6,KAB,0.166,872.64,724.13,10.62,3.21,0.15
8rhq,KAB,0.222,1042.42,726.57,9.75,2.77,0.23
8rj5,KAB,0.11,772.63,628.35,10.34,3.01,-0.08
8rjh,KAB,0.172,868.1,653.51,9.67,2.79,-0.03
8rji,KAB,0.269,805.68,613.16,9.08,2.7,-0.03
8rlt,KAA,0.09,906.77,627.1,8.18,2.46,-0.09
8rlu,KAA,0.248,877.39,591.58,8.25,2.42,-0.06
8rlv,KAA,0.088,841.32,569.52,8.18,2.45,-0.05
8rne,KAA,0.187,945.86,640.86,8.4,2.56,-0.07
8rnf,KAA,0.099,1004.62,666.94,7.8,2.76,-0.03
8rng,KAB,0.081,989.28,739.07,10.77,2.99,0.04
8rnh,KAB,0.14,1060.34,744.65,11.46,3.09,0.03
8roo,KAB,0.208,1020.6,723.89,10.93,2.97,0.13
8rop,KAB,0.139,1075.68,728.93,10.82,3.18,0.02
8rro,KAB,0.196,1144.58,877.88,11.14,3.12,0.04
8rym,KAB,0.129,800.5,592.52,9.6,2.41,0.07
8ryn,KAB,0.069,894.24,646.4,9.0,2.42,0.27
8ryo,KAB,0.103,777.38,589.99,9.6,2.44,0.06
8ryp,KAB,0.3,750.38,634.89,9.18,2.37,0.04
8ryq,KAB,0.199,718.63,591.96,9.0,2.21,0.21
8sbk,KAB,0.192,891.65,656.08,9.67,2.66,-0.09
8sbl,KAB,0.225,892.51,672.49,9.93,2.74,-0.06
8sgb,KAB,0.226,1622.16,1165.28,16.67,8.07,-0.74
8sgm,KAB,0.333,1305.07,1023.16,16.22,7.85,-0.78
8shi,KAA,0.203,937.01,701.91,9.33,2.78,0.09
8sos,KAB,0.079,1489.75,1145.49,15.14,6.23,-0.7
8t6m,KAA,0.271,870.48,651.92,8.42,2.15,0.47
8t7r,KAB,0.117,980.21,763.82,9.64,2.65,0.53
8tbv,KAA,0.213,632.45,599.29,10.2,2.41,-0.02
8tbw,KAA,0.205,585.58,495.48,7.85,2.12,0.06
8tlz,KAA,0.211,471.1,429.14,8.0,2.62,0.45
8tm0,KAB,0.105,425.74,394.21,7.91,2.45,0.5
8tm2,KAA,0.277,480.38,401.94,7.22,2.29,0.43
8tmu,KAA,0.143,999.22,677.82,10.32,2.48,-0.18
8tnj,KAA,0.245,996.84,709.36,8.05,2.57,-0.19
8tub,KAB,0.178,933.34,644.38,7.2,2.58,0.1
8tuh,KAB,0.159,834.19,611.13,9.0,2.5,0.09
8u9g,KAA,0.228,756.86,601.41,9.62,2.3,-0.0
8udr,KAB,0.212,927.5,643.23,9.0,2.46,0.09
8v4z,KAB,0.248,1107.22,707.84,10.2,2.62,-0.06
8v50,KAB,0.263,1104.84,697.94,10.2,2.68,-0.13
8v51,KAB,0.214,1092.74,669.17,9.0,2.94,-0.07
8vcl,KAB,0.175,889.7,649.44,11.29,2.84,0.1
8vjz,KAB,0.22,937.22,677.68,9.18,2.44,0.07
8vr9,KAB,0.19,712.37,543.77,9.18,2.23,0.15
8vra,KAB,0.204,792.72,579.04,9.64,2.47,0.08
8vrb,KAB,0.229,825.55,616.36,9.97,2.64,0.34
8wte,KAB,0.188,1021.68,754.28,10.87,2.75,0.25
8wul,KAB,0.183,896.4,653.17,9.0,2.73,0.26
8xes,KAB,0.257,834.19,632.04,9.51,2.87,0.27
8xfz,KAB,0.195,1034.86,771.25,9.26,2.65,0.27
8xg2,KAB,0.25,911.74,654.9,10.13,2.93,0.25
8xkc,KAB,0.197,1071.36,790.71,9.86,2.9,0.28
8xke,KAB,0.291,855.14,707.55,9.08,2.6,0.49
8y6x,KAA,0.143,830.09,661.27,10.2,3.08,0.01
8ye4,KAB,0.21,837.43,646.21,9.08,2.62,-0.05
8yiv,KAB,0.219,966.6,715.16,9.6,2.6,0.43
8yj2,KAB,0.154,1021.68,761.48,10.06,2.69,0.44
8zox,KAB,0.267,2070.58,1357.63,14.82,7.87,-0.8
8zv9,KAB,0.203,854.28,682.42,10.92,2.9,-0.09
9asf,KAB,0.234,781.7,608.7,9.67,2.34,0.1
9asg,KAA,0.256,853.2,602.86,9.6,2.68,0.13
9bl2,KAB,0.167,886.25,592.66,9.62,2.68,-0.24
9bl3,KAB,0.171,922.1,616.45,10.22,2.84,-0.23
9bl4,KAB,0.253,887.33,613.65,9.62,2.65,-0.26
9bl5,KAB,0.174,873.29,671.98,10.27,2.91,-0.12
9bl6,KAB,0.192,893.59,726.26,10.37,2.97,-0.05
9bl9,KAB,0.3,925.34,680.62,9.62,3.04,-0.11
9bla,KAB,0.121,950.62,705.9,11.27,3.26,-0.1
9btx,KAB,0.275,628.56,495.31,9.22,3.16,0.1
9btx,KAF,0.403,64.15,74.75,4.8,1.73,-0.2
9bty,KAA,0.166,659.88,523.96,10.5,3.38,0.1
9bty,KAD,0.141,53.78,70.97,1.8,0.53,-0.06
9btz,KAB,0.182,663.34,562.01,11.97,3.21,0.05
9bu0,KAB,0.251,623.81,512.49,8.94,2.93,0.1
9bu0,KAF,0.329,94.18,102.17,5.4,1.74,-0.15
9c3e,KAD,0.188,902.45,756.09,8.86,2.33,-0.12
9c3e,KAH,0.496,413.21,235.91,4.57,1.33,-0.18
9c6v,KAB,0.232,1083.67,746.22,11.92,2.63,-0.18
9c6w,KAB,0.084,1117.15,746.46,12.21,2.73,-0.19
9c6x,KAB,0.221,882.14,666.51,10.32,2.38,0.08
9cgr,KAA,0.135,672.84,523.97,9.56,3.21,0.05
9cgr,KAE,0.335,60.05,73.48,4.8,1.69,-0.2
9cgs,KAB,0.197,400.03,316.41,6.63,1.9,0.1
9cgs,KAF,0.426,60.7,78.79,4.8,1.69,-0.12
9dl1,KAA,0.21,721.01,538.78,7.32,2.09,0.1
