pdb_id,chain,res_start,res_end,uniprot_id,target_length,mapped_length,uniprot_name,uniprot_length,organism,gene_name,entry_status,belongs_to
AF-D3U494-F1-model_v6,NoChainInfo,2,179,D3U494,178,Missing entry,Missing entry,Missing entry,Missing entry,Missing entry,Inactive,
AF-A0A0N7A4Q6-F1-model_v6,NoChainInfo,2,179,A0A0N7A4Q6,178,Missing entry,Missing entry,Missing entry,Missing entry,Missing entry,Inactive,
AF-Q9TP47-F1-model_v6,NoChainInfo,10,189,Q9TP47,180,191,MHC class I antigen HLA-B heavy chain,191,Homo sapiens,HLA-B,Uniprotkb unreviewed (trembl),Belongs to the MHC class I family
AF-G1EPK5-F1-model_v6,NoChainInfo,2,179,G1EPK5,178,Missing entry,Missing entry,Missing entry,Missing entry,Missing entry,Inactive,
AF-Q4ZHW0-F1-model_v6,NoChainInfo,25,204,Q4ZHW0,180,206,MHC class I antigen,206,Homo sapiens,HLA-B,Uniprotkb unreviewed (trembl),Belongs to the MHC class I family
AF-D3XDG1-F1-model_v6,NoChainInfo,2,179,D3XDG1,178,Missing entry,Missing entry,Missing entry,Missing entry,Missing entry,Inactive,
AF-C7FDS0-F1-model_v6,NoChainInfo,2,179,C7FDS0,178,Missing entry,Missing entry,Missing entry,Missing entry,Missing entry,Inactive,
AF-E9LY28-F1-model_v6,NoChainInfo,2,179,E9LY28,178,Missing entry,Missing entry,Missing entry,Missing entry,Missing entry,Inactive,
AF-D0VE37-F1-model_v6,NoChainInfo,2,179,D0VE37,178,Missing entry,Missing entry,Missing entry,Missing entry,Missing entry,Inactive,
AF-D5FHX9-F1-model_v6,NoChainInfo,2,179,D5FHX9,178,Missing entry,Missing entry,Missing entry,Missing entry,Missing entry,Inactive,
AF-F2VYK1-F1-model_v6,NoChainInfo,2,179,F2VYK1,178,Missing entry,Missing entry,Missing entry,Missing entry,Missing entry,Inactive,
AF-C8CJE0-F1-model_v6,NoChainInfo,2,179,C8CJE0,178,Missing entry,Missing entry,Missing entry,Missing entry,Missing entry,Inactive,
AF-I6NS75-F1-model_v6,NoChainInfo,2,179,I6NS75,178,Missing entry,Missing entry,Missing entry,Missing entry,Missing entry,Inactive,
AF-D9U3H4-F1-model_v6,NoChainInfo,2,179,D9U3H4,178,Missing entry,Missing entry,Missing entry,Missing entry,Missing entry,Inactive,
AF-I6QQT3-F1-model_v6,NoChainInfo,2,179,I6QQT3,178,Missing entry,Missing entry,Missing entry,Missing entry,Missing entry,Inactive,
AF-F4YU60-F1-model_v6,NoChainInfo,2,179,F4YU60,178,Missing entry,Missing entry,Missing entry,Missing entry,Missing entry,Inactive,
AF-M1FUU1-F1-model_v6,NoChainInfo,2,179,M1FUU1,178,Missing entry,Missing entry,Missing entry,Missing entry,Missing entry,Inactive,
AF-I6MHH7-F1-model_v6,NoChainInfo,2,179,I6MHH7,178,Missing entry,Missing entry,Missing entry,Missing entry,Missing entry,Inactive,
AF-A0A141AZ86-F1-model_v6,NoChainInfo,2,179,A0A141AZ86,178,Missing entry,Missing entry,Missing entry,Missing entry,Missing entry,Inactive,
AF-E2D5R3-F1-model_v6,NoChainInfo,2,179,E2D5R3,178,Missing entry,Missing entry,Missing entry,Missing entry,Missing entry,Inactive,
AF-A0A1C4HD47-F1-model_v6,NoChainInfo,2,179,A0A1C4HD47,178,Missing entry,Missing entry,Missing entry,Missing entry,Missing entry,Inactive,
AF-E2D5R2-F1-model_v6,NoChainInfo,2,179,E2D5R2,178,Missing entry,Missing entry,Missing entry,Missing entry,Missing entry,Inactive,
AF-D4HPC5-F1-model_v6,NoChainInfo,2,179,D4HPC5,178,Missing entry,Missing entry,Missing entry,Missing entry,Missing entry,Inactive,
AF-F4YZV1-F1-model_v6,NoChainInfo,2,179,F4YZV1,178,Missing entry,Missing entry,Missing entry,Missing entry,Missing entry,Inactive,
AF-A0A1L2BM86-F1-model_v6,NoChainInfo,2,179,A0A1L2BM86,178,Missing entry,Missing entry,Missing entry,Missing entry,Missing entry,Inactive,
AF-G1C121-F1-model_v6,NoChainInfo,2,179,G1C121,178,Missing entry,Missing entry,Missing entry,Missing entry,Missing entry,Inactive,
AF-A0A141AZB0-F1-model_v6,NoChainInfo,2,179,A0A141AZB0,178,Missing entry,Missing entry,Missing entry,Missing entry,Missing entry,Inactive,
AF-G1ENH0-F1-model_v6,NoChainInfo,2,179,G1ENH0,178,Missing entry,Missing entry,Missing entry,Missing entry,Missing entry,Inactive,
AF-G9HW40-F1-model_v6,NoChainInfo,2,179,G9HW40,178,Missing entry,Missing entry,Missing entry,Missing entry,Missing entry,Inactive,
AF-F4YU58-F1-model_v6,NoChainInfo,2,179,F4YU58,178,Missing entry,Missing entry,Missing entry,Missing entry,Missing entry,Inactive,
AF-Q8HWL5-F1-model_v6,NoChainInfo,2,179,Q8HWL5,178,Missing entry,Missing entry,Missing entry,Missing entry,Missing entry,Inactive,
AF-B5LZ22-F1-model_v6,NoChainInfo,2,179,B5LZ22,178,Missing entry,Missing entry,Missing entry,Missing entry,Missing entry,Inactive,
AF-E0YTJ6-F1-model_v6,NoChainInfo,2,179,E0YTJ6,178,Missing entry,Missing entry,Missing entry,Missing entry,Missing entry,Inactive,
AF-A0A2H4FZ31-F1-model_v6,NoChainInfo,2,179,A0A2H4FZ31,178,Missing entry,Missing entry,Missing entry,Missing entry,Missing entry,Inactive,
AF-Q29759-F1-model_v6,NoChainInfo,2,179,Q29759,178,Missing entry,Missing entry,Missing entry,Missing entry,Missing entry,Inactive,
AF-D1MEQ8-F1-model_v6,NoChainInfo,2,179,D1MEQ8,178,Missing entry,Missing entry,Missing entry,Missing entry,Missing entry,Inactive,
AF-A0A0A7C7L8-F1-model_v6,NoChainInfo,2,179,A0A0A7C7L8,178,Missing entry,Missing entry,Missing entry,Missing entry,Missing entry,Inactive,
AF-M4MEZ9-F1-model_v6,NoChainInfo,2,179,M4MEZ9,178,Missing entry,Missing entry,Missing entry,Missing entry,Missing entry,Inactive,
AF-D5FZT6-F1-model_v6,NoChainInfo,2,179,D5FZT6,178,Missing entry,Missing entry,Missing entry,Missing entry,Missing entry,Inactive,
AF-I6M554-F1-model_v6,NoChainInfo,2,179,I6M554,178,Missing entry,Missing entry,Missing entry,Missing entry,Missing entry,Inactive,
AF-D5FZK3-F1-model_v6,NoChainInfo,2,179,D5FZK3,178,Missing entry,Missing entry,Missing entry,Missing entry,Missing entry,Inactive,
AF-A0A0N7A4B5-F1-model_v6,NoChainInfo,2,179,A0A0N7A4B5,178,Missing entry,Missing entry,Missing entry,Missing entry,Missing entry,Inactive,
AF-D2DKQ3-F1-model_v6,NoChainInfo,2,179,D2DKQ3,178,Missing entry,Missing entry,Missing entry,Missing entry,Missing entry,Inactive,
AF-R4N4G6-F1-model_v6,NoChainInfo,2,179,R4N4G6,178,Missing entry,Missing entry,Missing entry,Missing entry,Missing entry,Inactive,
AF-Q95363-F1-model_v6,NoChainInfo,2,179,Q95363,178,181,HLA-B protein,181,Homo sapiens,HLA-B,Uniprotkb unreviewed (trembl),Belongs to the MHC class I family
AF-F8R8J4-F1-model_v6,NoChainInfo,2,179,F8R8J4,178,Missing entry,Missing entry,Missing entry,Missing entry,Missing entry,Inactive,
AF-F4YU34-F1-model_v6,NoChainInfo,2,179,F4YU34,178,Missing entry,Missing entry,Missing entry,Missing entry,Missing entry,Inactive,
AF-G1BEN3-F1-model_v6,NoChainInfo,2,179,G1BEN3,178,Missing entry,Missing entry,Missing entry,Missing entry,Missing entry,Inactive,
AF-C8C9V2-F1-model_v6,NoChainInfo,2,179,C8C9V2,178,Missing entry,Missing entry,Missing entry,Missing entry,Missing entry,Inactive,
AF-A0A0A7C8S6-F1-model_v6,NoChainInfo,2,179,A0A0A7C8S6,178,Missing entry,Missing entry,Missing entry,Missing entry,Missing entry,Inactive,
AF-D3U3V7-F1-model_v6,NoChainInfo,2,179,D3U3V7,178,Missing entry,Missing entry,Missing entry,Missing entry,Missing entry,Inactive,
AF-A0A1X9I422-F1-model_v6,NoChainInfo,2,179,A0A1X9I422,178,Missing entry,Missing entry,Missing entry,Missing entry,Missing entry,Inactive,
AF-R9QZ18-F1-model_v6,NoChainInfo,2,179,R9QZ18,178,Missing entry,Missing entry,Missing entry,Missing entry,Missing entry,Inactive,
AF-A0A180H6E7-F1-model_v6,NoChainInfo,2,179,A0A180H6E7,178,Missing entry,Missing entry,Missing entry,Missing entry,Missing entry,Inactive,
AF-E2GJM7-F1-model_v6,NoChainInfo,2,179,E2GJM7,178,Missing entry,Missing entry,Missing entry,Missing entry,Missing entry,Inactive,
AF-A0A0A7C5D4-F1-model_v6,NoChainInfo,2,179,A0A0A7C5D4,178,Missing entry,Missing entry,Missing entry,Missing entry,Missing entry,Inactive,
AF-D1G0T5-F1-model_v6,NoChainInfo,2,179,D1G0T5,178,Missing entry,Missing entry,Missing entry,Missing entry,Missing entry,Inactive,
AF-F6KRT4-F1-model_v6,NoChainInfo,2,179,F6KRT4,178,Missing entry,Missing entry,Missing entry,Missing entry,Missing entry,Inactive,
AF-D4HP91-F1-model_v6,NoChainInfo,2,179,D4HP91,178,Missing entry,Missing entry,Missing entry,Missing entry,Missing entry,Inactive,
AF-F8R8J1-F1-model_v6,NoChainInfo,2,179,F8R8J1,178,Missing entry,Missing entry,Missing entry,Missing entry,Missing entry,Inactive,
AF-C9WCU8-F1-model_v6,NoChainInfo,2,179,C9WCU8,178,Missing entry,Missing entry,Missing entry,Missing entry,Missing entry,Inactive,
AF-K9L8C4-F1-model_v6,NoChainInfo,2,179,K9L8C4,178,Missing entry,Missing entry,Missing entry,Missing entry,Missing entry,Inactive,
AF-D5FZL5-F1-model_v6,NoChainInfo,2,179,D5FZL5,178,Missing entry,Missing entry,Missing entry,Missing entry,Missing entry,Inactive,
AF-Q56FB0-F1-model_v6,NoChainInfo,25,204,Q56FB0,180,Missing entry,Missing entry,Missing entry,Missing entry,Missing entry,Inactive,
AF-I6NS77-F1-model_v6,NoChainInfo,2,179,I6NS77,178,Missing entry,Missing entry,Missing entry,Missing entry,Missing entry,Inactive,
AF-D5FWD1-F1-model_v6,NoChainInfo,2,179,D5FWD1,178,Missing entry,Missing entry,Missing entry,Missing entry,Missing entry,Inactive,
AF-A0A2H4G2A6-F1-model_v6,NoChainInfo,2,179,A0A2H4G2A6,178,Missing entry,Missing entry,Missing entry,Missing entry,Missing entry,Inactive,
AF-Q8WLT1-F1-model_v6,NoChainInfo,2,179,Q8WLT1,178,Missing entry,Missing entry,Missing entry,Missing entry,Missing entry,Inactive,
AF-L7PG40-F1-model_v6,NoChainInfo,2,179,L7PG40,178,Missing entry,Missing entry,Missing entry,Missing entry,Missing entry,Inactive,
AF-C9WCU6-F1-model_v6,NoChainInfo,2,179,C9WCU6,178,Missing entry,Missing entry,Missing entry,Missing entry,Missing entry,Inactive,
AF-D1G0U1-F1-model_v6,NoChainInfo,2,179,D1G0U1,178,Missing entry,Missing entry,Missing entry,Missing entry,Missing entry,Inactive,
AF-D5FWB7-F1-model_v6,NoChainInfo,2,179,D5FWB7,178,Missing entry,Missing entry,Missing entry,Missing entry,Missing entry,Inactive,
AF-Q9TPS5-F1-model_v6,NoChainInfo,25,204,Q9TPS5,180,Missing entry,Missing entry,Missing entry,Missing entry,Missing entry,Inactive,
AF-G9I2K6-F1-model_v6,NoChainInfo,2,179,G9I2K6,178,Missing entry,Missing entry,Missing entry,Missing entry,Missing entry,Inactive,
AF-G1EPP2-F1-model_v6,NoChainInfo,2,179,G1EPP2,178,Missing entry,Missing entry,Missing entry,Missing entry,Missing entry,Inactive,
AF-F2X5V1-F1-model_v6,NoChainInfo,2,179,F2X5V1,178,Missing entry,Missing entry,Missing entry,Missing entry,Missing entry,Inactive,
AF-A0A0A7C4C6-F1-model_v6,NoChainInfo,2,179,A0A0A7C4C6,178,Missing entry,Missing entry,Missing entry,Missing entry,Missing entry,Inactive,
AF-A0A8F4JDT8-F1-model_v6,NoChainInfo,2,179,A0A8F4JDT8,178,181,MHC class I antigen,181,Homo sapiens,HLA-B,Uniprotkb unreviewed (trembl),Belongs to the MHC class I family
AF-E2DH94-F1-model_v6,NoChainInfo,2,179,E2DH94,178,Missing entry,Missing entry,Missing entry,Missing entry,Missing entry,Inactive,
AF-D3U467-F1-model_v6,NoChainInfo,2,179,D3U467,178,Missing entry,Missing entry,Missing entry,Missing entry,Missing entry,Inactive,
AF-E9LY47-F1-model_v6,NoChainInfo,2,179,E9LY47,178,Missing entry,Missing entry,Missing entry,Missing entry,Missing entry,Inactive,
AF-A0A1X9I409-F1-model_v6,NoChainInfo,2,179,A0A1X9I409,178,Missing entry,Missing entry,Missing entry,Missing entry,Missing entry,Inactive,
AF-A8YQI6-F1-model_v6,NoChainInfo,2,179,A8YQI6,178,Missing entry,Missing entry,Missing entry,Missing entry,Missing entry,Inactive,
AF-D5FWD6-F1-model_v6,NoChainInfo,2,179,D5FWD6,178,Missing entry,Missing entry,Missing entry,Missing entry,Missing entry,Inactive,
AF-J7I296-F1-model_v6,NoChainInfo,2,179,J7I296,178,Missing entry,Missing entry,Missing entry,Missing entry,Missing entry,Inactive,
AF-C9WCS0-F1-model_v6,NoChainInfo,2,179,C9WCS0,178,Missing entry,Missing entry,Missing entry,Missing entry,Missing entry,Inactive,
AF-A0A0G2R1P1-F1-model_v6,NoChainInfo,2,179,A0A0G2R1P1,178,Missing entry,Missing entry,Missing entry,Missing entry,Missing entry,Inactive,
AF-C0KLS1-F1-model_v6,NoChainInfo,2,179,C0KLS1,178,Missing entry,Missing entry,Missing entry,Missing entry,Missing entry,Inactive,
AF-A0A0A7C9J4-F1-model_v6,NoChainInfo,2,179,A0A0A7C9J4,178,Missing entry,Missing entry,Missing entry,Missing entry,Missing entry,Inactive,
AF-L0BVL7-F1-model_v6,NoChainInfo,2,179,L0BVL7,178,Missing entry,Missing entry,Missing entry,Missing entry,Missing entry,Inactive,
AF-D2DKL0-F1-model_v6,NoChainInfo,2,179,D2DKL0,178,Missing entry,Missing entry,Missing entry,Missing entry,Missing entry,Inactive,
AF-A0A2H4FZ29-F1-model_v6,NoChainInfo,2,179,A0A2H4FZ29,178,Missing entry,Missing entry,Missing entry,Missing entry,Missing entry,Inactive,
AF-F6KRR5-F1-model_v6,NoChainInfo,2,179,F6KRR5,178,Missing entry,Missing entry,Missing entry,Missing entry,Missing entry,Inactive,
AF-G1EPQ9-F1-model_v6,NoChainInfo,2,179,G1EPQ9,178,Missing entry,Missing entry,Missing entry,Missing entry,Missing entry,Inactive,
AF-C4PJL1-F1-model_v6,NoChainInfo,2,179,C4PJL1,178,Missing entry,Missing entry,Missing entry,Missing entry,Missing entry,Inactive,
AF-G1EMP3-F1-model_v6,NoChainInfo,2,179,G1EMP3,178,Missing entry,Missing entry,Missing entry,Missing entry,Missing entry,Inactive,
AF-G1EPT6-F1-model_v6,NoChainInfo,2,179,G1EPT6,178,Missing entry,Missing entry,Missing entry,Missing entry,Missing entry,Inactive,
AF-E3SGA1-F1-model_v6,NoChainInfo,2,179,E3SGA1,178,Missing entry,Missing entry,Missing entry,Missing entry,Missing entry,Inactive,
AF-E0X5Z8-F1-model_v6,NoChainInfo,2,179,E0X5Z8,178,Missing entry,Missing entry,Missing entry,Missing entry,Missing entry,Inactive,
AF-K7P5G2-F1-model_v6,NoChainInfo,2,179,K7P5G2,178,Missing entry,Missing entry,Missing entry,Missing entry,Missing entry,Inactive,
AF-Q9GJ54-F1-model_v6,NoChainInfo,25,204,Q9GJ54,180,206,MHC class I antigen,206,Homo sapiens,HLA-B,Uniprotkb unreviewed (trembl),Belongs to the MHC class I family
AF-F8R1A6-F1-model_v6,NoChainInfo,2,179,F8R1A6,178,Missing entry,Missing entry,Missing entry,Missing entry,Missing entry,Inactive,
AF-H9BQ98-F1-model_v6,NoChainInfo,2,179,H9BQ98,178,Missing entry,Missing entry,Missing entry,Missing entry,Missing entry,Inactive,
AF-Q9GIM9-F1-model_v6,NoChainInfo,2,179,Q9GIM9,178,Missing entry,Missing entry,Missing entry,Missing entry,Missing entry,Inactive,
AF-D2DKL9-F1-model_v6,NoChainInfo,2,179,D2DKL9,178,Missing entry,Missing entry,Missing entry,Missing entry,Missing entry,Inactive,
AF-F8R161-F1-model_v6,NoChainInfo,2,179,F8R161,178,Missing entry,Missing entry,Missing entry,Missing entry,Missing entry,Inactive,
AF-A0A0X7YYM4-F1-model_v6,NoChainInfo,2,179,A0A0X7YYM4,178,Missing entry,Missing entry,Missing entry,Missing entry,Missing entry,Inactive,
AF-F8RHG5-F1-model_v6,NoChainInfo,2,179,F8RHG5,178,Missing entry,Missing entry,Missing entry,Missing entry,Missing entry,Inactive,
AF-D1G0S9-F1-model_v6,NoChainInfo,2,179,D1G0S9,178,Missing entry,Missing entry,Missing entry,Missing entry,Missing entry,Inactive,
AF-B0LUY5-F1-model_v6,NoChainInfo,2,179,B0LUY5,178,Missing entry,Missing entry,Missing entry,Missing entry,Missing entry,Inactive,
AF-A0A5B9GAB9-F1-model_v6,NoChainInfo,2,179,A0A5B9GAB9,178,Missing entry,Missing entry,Missing entry,Missing entry,Missing entry,Inactive,
AF-Q3LA49-F1-model_v6,NoChainInfo,2,179,Q3LA49,178,Missing entry,Missing entry,Missing entry,Missing entry,Missing entry,Inactive,
AF-A0A1X9I430-F1-model_v6,NoChainInfo,2,179,A0A1X9I430,178,Missing entry,Missing entry,Missing entry,Missing entry,Missing entry,Inactive,
AF-A0A0A7C475-F1-model_v6,NoChainInfo,2,179,A0A0A7C475,178,Missing entry,Missing entry,Missing entry,Missing entry,Missing entry,Inactive,
AF-I6NN10-F1-model_v6,NoChainInfo,2,179,I6NN10,178,Missing entry,Missing entry,Missing entry,Missing entry,Missing entry,Inactive,
AF-F4YU57-F1-model_v6,NoChainInfo,2,179,F4YU57,178,Missing entry,Missing entry,Missing entry,Missing entry,Missing entry,Inactive,
AF-S4T6R8-F1-model_v6,NoChainInfo,2,179,S4T6R8,178,Missing entry,Missing entry,Missing entry,Missing entry,Missing entry,Inactive,
AF-M1FUT1-F1-model_v6,NoChainInfo,2,179,M1FUT1,178,Missing entry,Missing entry,Missing entry,Missing entry,Missing entry,Inactive,
AF-A0A583ZBH3-F1-model_v6,NoChainInfo,2,179,A0A583ZBH3,178,Missing entry,Missing entry,Missing entry,Missing entry,Missing entry,Inactive,
AF-D5FZK9-F1-model_v6,NoChainInfo,2,179,D5FZK9,178,Missing entry,Missing entry,Missing entry,Missing entry,Missing entry,Inactive,
AF-I6MHI1-F1-model_v6,NoChainInfo,2,179,I6MHI1,178,Missing entry,Missing entry,Missing entry,Missing entry,Missing entry,Inactive,
AF-F8SKW7-F1-model_v6,NoChainInfo,2,179,F8SKW7,178,Missing entry,Missing entry,Missing entry,Missing entry,Missing entry,Inactive,
AF-D3U3Y5-F1-model_v6,NoChainInfo,2,179,D3U3Y5,178,Missing entry,Missing entry,Missing entry,Missing entry,Missing entry,Inactive,
AF-G9HW83-F1-model_v6,NoChainInfo,2,179,G9HW83,178,Missing entry,Missing entry,Missing entry,Missing entry,Missing entry,Inactive,
AF-D5FHV7-F1-model_v6,NoChainInfo,2,179,D5FHV7,178,Missing entry,Missing entry,Missing entry,Missing entry,Missing entry,Inactive,
AF-C9WD04-F1-model_v6,NoChainInfo,2,179,C9WD04,178,Missing entry,Missing entry,Missing entry,Missing entry,Missing entry,Inactive,
AF-M1FXU4-F1-model_v6,NoChainInfo,2,179,M1FXU4,178,Missing entry,Missing entry,Missing entry,Missing entry,Missing entry,Inactive,
AF-E0YTJ5-F1-model_v6,NoChainInfo,2,179,E0YTJ5,178,Missing entry,Missing entry,Missing entry,Missing entry,Missing entry,Inactive,
AF-C9WEP4-F1-model_v6,NoChainInfo,2,179,C9WEP4,178,Missing entry,Missing entry,Missing entry,Missing entry,Missing entry,Inactive,
AF-C8CH89-F1-model_v6,NoChainInfo,2,179,C8CH89,178,Missing entry,Missing entry,Missing entry,Missing entry,Missing entry,Inactive,
AF-G1ENI0-F1-model_v6,NoChainInfo,2,179,G1ENI0,178,Missing entry,Missing entry,Missing entry,Missing entry,Missing entry,Inactive,
AF-A0A0N7A4B8-F1-model_v6,NoChainInfo,2,179,A0A0N7A4B8,178,Missing entry,Missing entry,Missing entry,Missing entry,Missing entry,Inactive,
AF-F8R157-F1-model_v6,NoChainInfo,2,179,F8R157,178,Missing entry,Missing entry,Missing entry,Missing entry,Missing entry,Inactive,
AF-T1WEP2-F1-model_v6,NoChainInfo,2,179,T1WEP2,178,Missing entry,Missing entry,Missing entry,Missing entry,Missing entry,Inactive,
AF-A0A060VCZ5-F1-model_v6,NoChainInfo,25,203,A0A060VCZ5,179,Missing entry,Missing entry,Missing entry,Missing entry,Missing entry,Inactive,
AF-F8RHG7-F1-model_v6,NoChainInfo,2,179,F8RHG7,178,Missing entry,Missing entry,Missing entry,Missing entry,Missing entry,Inactive,
AF-F4YU61-F1-model_v6,NoChainInfo,2,179,F4YU61,178,Missing entry,Missing entry,Missing entry,Missing entry,Missing entry,Inactive,
AF-F2X5W4-F1-model_v6,NoChainInfo,2,179,F2X5W4,178,Missing entry,Missing entry,Missing entry,Missing entry,Missing entry,Inactive,
AF-F4YU62-F1-model_v6,NoChainInfo,2,179,F4YU62,178,Missing entry,Missing entry,Missing entry,Missing entry,Missing entry,Inactive,
AF-B0BK84-F1-model_v6,NoChainInfo,2,179,B0BK84,178,Missing entry,Missing entry,Missing entry,Missing entry,Missing entry,Inactive,
AF-A0A896SZ22-F1-model_v6,NoChainInfo,2,179,A0A896SZ22,178,Missing entry,Missing entry,Missing entry,Missing entry,Missing entry,Inactive,
AF-M1F364-F1-model_v6,NoChainInfo,2,179,M1F364,178,Missing entry,Missing entry,Missing entry,Missing entry,Missing entry,Inactive,
AF-A0A168GUU9-F1-model_v6,NoChainInfo,2,179,A0A168GUU9,178,Missing entry,Missing entry,Missing entry,Missing entry,Missing entry,Inactive,
AF-A0A2H4FZT1-F1-model_v6,NoChainInfo,2,179,A0A2H4FZT1,178,Missing entry,Missing entry,Missing entry,Missing entry,Missing entry,Inactive,
AF-E9LY46-F1-model_v6,NoChainInfo,2,179,E9LY46,178,Missing entry,Missing entry,Missing entry,Missing entry,Missing entry,Inactive,
AF-Q95HM0-F1-model_v6,NoChainInfo,16,195,Q95HM0,180,197,MHC class I antigen,197,Homo sapiens,HLA-B,Uniprotkb unreviewed (trembl),Belongs to the MHC class I family
AF-Q7JFI6-F1-model_v6,NoChainInfo,2,179,Q7JFI6,178,181,Leucocyte antigen,181,Homo sapiens,HLA-B,Uniprotkb unreviewed (trembl),Belongs to the MHC class I family
AF-B2YG93-F1-model_v6,NoChainInfo,2,179,B2YG93,178,Missing entry,Missing entry,Missing entry,Missing entry,Missing entry,Inactive,
AF-A0A0A7C4F9-F1-model_v6,NoChainInfo,2,179,A0A0A7C4F9,178,Missing entry,Missing entry,Missing entry,Missing entry,Missing entry,Inactive,
AF-A0A180H704-F1-model_v6,NoChainInfo,2,179,A0A180H704,178,Missing entry,Missing entry,Missing entry,Missing entry,Missing entry,Inactive,
AF-A0A1C8DT11-F1-model_v6,NoChainInfo,2,179,A0A1C8DT11,178,Missing entry,Missing entry,Missing entry,Missing entry,Missing entry,Inactive,
AF-D5L9C1-F1-model_v6,NoChainInfo,2,179,D5L9C1,178,Missing entry,Missing entry,Missing entry,Missing entry,Missing entry,Inactive,
AF-A0A186VN56-F1-model_v6,NoChainInfo,2,179,A0A186VN56,178,Missing entry,Missing entry,Missing entry,Missing entry,Missing entry,Inactive,
AF-G1EMN0-F1-model_v6,NoChainInfo,2,179,G1EMN0,178,Missing entry,Missing entry,Missing entry,Missing entry,Missing entry,Inactive,
AF-G1EPS4-F1-model_v6,NoChainInfo,2,179,G1EPS4,178,Missing entry,Missing entry,Missing entry,Missing entry,Missing entry,Inactive,
AF-D4HPJ2-F1-model_v6,NoChainInfo,2,179,D4HPJ2,178,Missing entry,Missing entry,Missing entry,Missing entry,Missing entry,Inactive,
AF-A0A186VN06-F1-model_v6,NoChainInfo,2,179,A0A186VN06,178,Missing entry,Missing entry,Missing entry,Missing entry,Missing entry,Inactive,
AF-A0A0A7C9G6-F1-model_v6,NoChainInfo,2,179,A0A0A7C9G6,178,Missing entry,Missing entry,Missing entry,Missing entry,Missing entry,Inactive,
AF-G0ZDT8-F1-model_v6,NoChainInfo,2,179,G0ZDT8,178,Missing entry,Missing entry,Missing entry,Missing entry,Missing entry,Inactive,
AF-B2ZCW0-F1-model_v6,NoChainInfo,2,179,B2ZCW0,178,Missing entry,Missing entry,Missing entry,Missing entry,Missing entry,Inactive,
AF-K4JES8-F1-model_v6,NoChainInfo,2,179,K4JES8,178,Missing entry,Missing entry,Missing entry,Missing entry,Missing entry,Inactive,
AF-G1ENH5-F1-model_v6,NoChainInfo,2,179,G1ENH5,178,Missing entry,Missing entry,Missing entry,Missing entry,Missing entry,Inactive,
AF-D5FHX8-F1-model_v6,NoChainInfo,2,179,D5FHX8,178,Missing entry,Missing entry,Missing entry,Missing entry,Missing entry,Inactive,
AF-G1EPL7-F1-model_v6,NoChainInfo,2,179,G1EPL7,178,Missing entry,Missing entry,Missing entry,Missing entry,Missing entry,Inactive,
AF-F8R148-F1-model_v6,NoChainInfo,2,179,F8R148,178,Missing entry,Missing entry,Missing entry,Missing entry,Missing entry,Inactive,
AF-C8CH92-F1-model_v6,NoChainInfo,2,179,C8CH92,178,Missing entry,Missing entry,Missing entry,Missing entry,Missing entry,Inactive,
AF-C7FDS4-F1-model_v6,NoChainInfo,2,179,C7FDS4,178,Missing entry,Missing entry,Missing entry,Missing entry,Missing entry,Inactive,
AF-J7JWL8-F1-model_v6,NoChainInfo,2,179,J7JWL8,178,Missing entry,Missing entry,Missing entry,Missing entry,Missing entry,Inactive,
AF-A1IVL5-F1-model_v6,NoChainInfo,25,204,A1IVL5,180,Missing entry,Missing entry,Missing entry,Missing entry,Missing entry,Inactive,
AF-O19645-F1-model_v6,NoChainInfo,2,179,O19645,178,181,HLA-B*1805 alpha1 and alpha2 domains,181,Homo sapiens,HLA-B*1805,Uniprotkb unreviewed (trembl),Belongs to the MHC class I family
AF-C7E589-F1-model_v6,NoChainInfo,2,179,C7E589,178,Missing entry,Missing entry,Missing entry,Missing entry,Missing entry,Inactive,
AF-A0A286MCG5-F1-model_v6,NoChainInfo,25,204,A0A286MCG5,180,Missing entry,Missing entry,Missing entry,Missing entry,Missing entry,Inactive,
AF-A0A6B7FVS2-F1-model_v6,NoChainInfo,25,204,A0A6B7FVS2,180,Missing entry,Missing entry,Missing entry,Missing entry,Missing entry,Inactive,
AF-C7FDR5-F1-model_v6,NoChainInfo,2,179,C7FDR5,178,Missing entry,Missing entry,Missing entry,Missing entry,Missing entry,Inactive,
AF-A0A1W5LVZ2-F1-model_v6,NoChainInfo,25,204,A0A1W5LVZ2,180,Missing entry,Missing entry,Missing entry,Missing entry,Missing entry,Inactive,
AF-A0A678ZHD7-F1-model_v6,NoChainInfo,25,204,A0A678ZHD7,180,Missing entry,Missing entry,Missing entry,Missing entry,Missing entry,Inactive,
AF-J7F7B3-F1-model_v6,NoChainInfo,2,179,J7F7B3,178,Missing entry,Missing entry,Missing entry,Missing entry,Missing entry,Inactive,
AF-A0A7L4X757-F1-model_v6,NoChainInfo,25,204,A0A7L4X757,180,Missing entry,Missing entry,Missing entry,Missing entry,Missing entry,Inactive,
AF-A0A167RQK8-F1-model_v6,NoChainInfo,25,204,A0A167RQK8,180,Missing entry,Missing entry,Missing entry,Missing entry,Missing entry,Inactive,
AF-A0A2P1E963-F1-model_v6,NoChainInfo,2,179,A0A2P1E963,178,181,MHC class I antigen,181,Homo sapiens,HLA-B,Uniprotkb unreviewed (trembl),Belongs to the MHC class I family
AF-A0A6B7IH53-F1-model_v6,NoChainInfo,25,204,A0A6B7IH53,180,Missing entry,Missing entry,Missing entry,Missing entry,Missing entry,Inactive,
AF-W0NXX4-F1-model_v6,NoChainInfo,2,179,W0NXX4,178,Missing entry,Missing entry,Missing entry,Missing entry,Missing entry,Inactive,
AF-A0A3S6RFT4-F1-model_v6,NoChainInfo,25,204,A0A3S6RFT4,180,Missing entry,Missing entry,Missing entry,Missing entry,Missing entry,Inactive,
AF-A0A3Q8TKD6-F1-model_v6,NoChainInfo,25,204,A0A3Q8TKD6,180,Missing entry,Missing entry,Missing entry,Missing entry,Missing entry,Inactive,
AF-Q45FY5-F1-model_v6,NoChainInfo,25,204,Q45FY5,180,Missing entry,Missing entry,Missing entry,Missing entry,Missing entry,Inactive,
AF-F4YZU8-F1-model_v6,NoChainInfo,2,179,F4YZU8,178,Missing entry,Missing entry,Missing entry,Missing entry,Missing entry,Inactive,
AF-A0A238TPE3-F1-model_v6,NoChainInfo,25,204,A0A238TPE3,180,Missing entry,Missing entry,Missing entry,Missing entry,Missing entry,Inactive,
AF-A0MVW9-F1-model_v6,NoChainInfo,2,179,A0MVW9,178,Missing entry,Missing entry,Missing entry,Missing entry,Missing entry,Inactive,
AF-R4N2M3-F1-model_v6,NoChainInfo,2,179,R4N2M3,178,Missing entry,Missing entry,Missing entry,Missing entry,Missing entry,Inactive,
AF-Q8WLU2-F1-model_v6,NoChainInfo,2,179,Q8WLU2,178,Missing entry,Missing entry,Missing entry,Missing entry,Missing entry,Inactive,
AF-A0A2H4FZ85-F1-model_v6,NoChainInfo,2,179,A0A2H4FZ85,178,Missing entry,Missing entry,Missing entry,Missing entry,Missing entry,Inactive,
AF-Q9MYA7-F1-model_v6,NoChainInfo,2,179,Q9MYA7,178,Missing entry,Missing entry,Missing entry,Missing entry,Missing entry,Inactive,
AF-V5JAB1-F1-model_v6,NoChainInfo,2,179,V5JAB1,178,Missing entry,Missing entry,Missing entry,Missing entry,Missing entry,Inactive,
AF-I2FK81-F1-model_v6,NoChainInfo,25,204,I2FK81,180,Missing entry,Missing entry,Missing entry,Missing entry,Missing entry,Inactive,
AF-A0A0D6K9C0-F1-model_v6,NoChainInfo,25,203,A0A0D6K9C0,179,Missing entry,Missing entry,Missing entry,Missing entry,Missing entry,Inactive,
AF-A0A6V6XYA5-F1-model_v6,NoChainInfo,25,204,A0A6V6XYA5,180,Missing entry,Missing entry,Missing entry,Missing entry,Missing entry,Inactive,
AF-A0A6B7FV64-F1-model_v6,NoChainInfo,25,204,A0A6B7FV64,180,Missing entry,Missing entry,Missing entry,Missing entry,Missing entry,Inactive,
AF-A0A140HLF2-F1-model_v6,NoChainInfo,25,204,A0A140HLF2,180,362,MHC class I antigen,362,Homo sapiens,HLA-B,Uniprotkb unreviewed (trembl),Belongs to the MHC class I family
AF-A0A678ZVY0-F1-model_v6,NoChainInfo,25,204,A0A678ZVY0,180,Missing entry,Missing entry,Missing entry,Missing entry,Missing entry,Inactive,
