pdb,chain,tstart,tend,status
AF-Q4ZHW0-F1-model_v6,NoChainInfo,25,204,primary
AF-Q9TP47-F1-model_v6,NoChainInfo,10,189,primary
AF-Q95363-F1-model_v6,NoChainInfo,2,179,primary
AF-A0A8F4JDT8-F1-model_v6,NoChainInfo,2,179,primary
AF-Q9GJ54-F1-model_v6,NoChainInfo,25,204,primary
AF-Q95HM0-F1-model_v6,NoChainInfo,16,195,primary
AF-Q7JFI6-F1-model_v6,NoChainInfo,2,179,primary
AF-O19645-F1-model_v6,NoChainInfo,2,179,primary
AF-A0A2P1E963-F1-model_v6,NoChainInfo,2,179,primary
AF-A0A140HLF2-F1-model_v6,NoChainInfo,25,204,primary
