pdb_id,resname,resid,type,nonstandard,in_ptm_dict
1B0R,CDE,709,ligand,yes,yes
1GZP,GM2,278,ligand,yes,no
1GZQ,PII,279,ligand,yes,no
1KCG,CGL,101,mhc,yes,no
1L8J,PTY,171,ligand,yes,no
1ONQ,SLF,276,ligand,yes,no
1T7V,P6G,275,ligand,yes,no
1UQS,GMM,282,ligand,yes,no
1XZ0,JH0,272,ligand,yes,no
1ZT4,AGH,273,ligand,yes,no
2GJ6,3IB,10,ligand,yes,no
2H26,6PL,284,ligand,yes,no
2H26,6UL,285,ligand,yes,no
2PO6,AGH,301,ligand,yes,no
2X4N,PRV,5,ligand,yes,yes
2X4P,MSE,1,ligand,yes,yes
2X4P,PRV,5,ligand,yes,yes
2X4P,PRQ,8,ligand,yes,yes
2X4Q,MSE,1,ligand,yes,yes
2X4Q,PRV,5,ligand,yes,yes
2X4Q,PRQ,8,ligand,yes,yes
2X4T,PRW,4,ligand,yes,no
2X70,PRV,5,ligand,yes,yes
2X70,PRQ,8,ligand,yes,yes
3B3I,CIR,5,ligand,yes,yes
3B6S,CIR,5,ligand,yes,yes
3BGM,SEP,4,ligand,yes,yes
3BH8,SEP,4,ligand,yes,yes
3BH9,SEP,4,ligand,yes,yes
3BHB,SEP,4,ligand,yes,yes
3D39,PFF,5,ligand,yes,yes
3D3V,F2F,5,ligand,yes,yes
3DTX,CIR,5,ligand,yes,yes
3DTX,CIR,6,ligand,yes,yes
3ES6,P6G,279,ligand,yes,no
3FQR,SEP,4,ligand,yes,yes
3FQU,SEP,5,ligand,yes,yes
3FQX,SEP,4,ligand,yes,yes
3FT2,CIR,3,ligand,yes,yes
3HCV,CIR,5,ligand,yes,yes
3HCV,CIR,6,ligand,yes,yes
3HUJ,AGH,277,ligand,yes,no
3O3A,BAL,1,ligand,yes,yes
3O3A,GIC,4,ligand,yes,yes
3O3A,3AZ,5,ligand,yes,yes
3O3B,GIC,4,ligand,yes,yes
3O3B,3AZ,5,ligand,yes,yes
3O3D,TIG,4,ligand,yes,yes
3O3D,3AZ,5,ligand,yes,yes
3O3E,BAL,1,ligand,yes,yes
3O3E,TIG,4,ligand,yes,yes
3O3E,3AZ,5,ligand,yes,yes
3OV6,MK0,178,ligand,yes,no
3SDX,GCY,276,ligand,yes,no
3T8X,T8X,278,ligand,yes,no
3T8X,ULI,279,ligand,yes,no
3TZV,LSC,264,ligand,yes,no
3U0P,LSC,274,ligand,yes,no
3UPR,1KX,276,ligand,yes,no
3VRI,1KX,276,ligand,yes,no
3VRJ,1KX,276,ligand,yes,no
3VWJ,DB3,608,ligand,yes,no
3VWK,4GH,612,ligand,yes,no
4EN3,AGH,601,ligand,yes,no
4GUP,6FP,266,ligand,yes,no
4L4T,6FP,265,ligand,yes,no
4L4V,1VY,606,ligand,yes,no
4LCW,1VY,266,ligand,yes,no
4LHU,JLS,276,ligand,yes,no
4MNG,CIS,277,ligand,yes,no
4MQ7,CIS,174,ligand,yes,no
4NNX,SEP,4,ligand,yes,yes
4NO2,SEP,4,ligand,yes,yes
4NO3,SEP,4,ligand,yes,yes
4NQC,2LJ,256,ligand,yes,no
4NQD,Q87,261,ligand,yes,no
4NQE,2L4,265,ligand,yes,no
4ONO,PMK,178,ligand,yes,no
4PJ5,30W,264,ligand,yes,no
4PJ7,2LJ,265,ligand,yes,no
4PJ9,2LJ,263,ligand,yes,no
4PJA,2LJ,265,ligand,yes,no
4PJB,2LJ,265,ligand,yes,no
4PJC,2LJ,265,ligand,yes,no
4PJD,2LJ,265,ligand,yes,no
4PJE,30W,604,ligand,yes,no
4PJF,30W,264,ligand,yes,no
4PJG,30W,265,ligand,yes,no
4PJH,30W,607,ligand,yes,no
4PJI,30W,603,ligand,yes,no
4PJX,30W,263,ligand,yes,no
4UQ2,XY1,4,ligand,yes,no
4UQ3,XY1,4,ligand,yes,no
4UQ3,XFW,5,ligand,yes,yes
4V3D,PTY,169,ligand,yes,no
4V3E,PTY,361,ligand,yes,no
4WJ5,GRN,0,ligand,yes,no
4WJ5,NVA,1,ligand,yes,yes
4WJ5,LPH,9,ligand,yes,yes
4WO4,JLS,274,ligand,yes,no
4WW2,JLS,278,ligand,yes,no
4WWK,JLS,273,ligand,yes,no
4X6C,42H,618,ligand,yes,no
4X6D,OLA,618,ligand,yes,no
4X6E,42H,176,ligand,yes,no
4X6F,3XU,174,ligand,yes,no
5C9J,DAO,282,ligand,yes,no
5C9J,DAO,283,ligand,yes,no
5C9J,STE,284,ligand,yes,no
5D5M,2LJ,265,ligand,yes,no
5D7I,30W,265,ligand,yes,no
5D7J,2LJ,266,ligand,yes,no
5D7L,2LJ,263,ligand,yes,no
5IEH,SEP,4,ligand,yes,yes
5J1A,6F8,175,ligand,yes,no
5L2J,6UL,281,ligand,yes,no
5L2J,70E,287,ligand,yes,no
5L2K,6UL,287,ligand,yes,no
5L2K,70E,303,ligand,yes,no
5U16,7WO,266,ligand,yes,no
5U17,7WP,265,ligand,yes,no
5U1R,DIF,268,ligand,yes,no
5U2V,7WQ,266,ligand,yes,no
5U6Q,7ZS,262,ligand,yes,no
5U98,1KX,274,ligand,yes,no
5W67,ABA,6,ligand,yes,yes
5WKE,CUY,280,ligand,yes,no
5WKE,P50,289,ligand,yes,no
5WKG,D21,282,ligand,yes,no
5WKG,CUY,283,ligand,yes,no
5WKI,CUY,624,ligand,yes,no
5WKI,D3D,625,ligand,yes,no
5WL1,CUY,281,ligand,yes,no
5WL1,D3D,287,ligand,yes,no
6BJ2,PCA,1,binder,yes,yes
6BXP,KYN,10,ligand,yes,yes
6C09,EKG,271,ligand,yes,no
6C15,6PL,172,ligand,yes,no
6CUG,CUY,278,ligand,yes,no
6CUG,POV,301,ligand,yes,no
6D64,POV,283,ligand,yes,no
6D64,CUY,284,ligand,yes,no
6ILM,SPH,301,binder,yes,no
6MWR,2LJ,266,ligand,yes,no
6NUX,FOF,174,ligand,yes,no
6PUC,Q87,266,ligand,yes,no
6PUD,OYD,266,ligand,yes,no
6PUE,Q7J,267,ligand,yes,no
6PUF,2LJ,266,ligand,yes,no
6PUG,OZD,266,ligand,yes,no
6PUH,OYG,266,ligand,yes,no
6PUI,Q7P,266,ligand,yes,no
6PUJ,Q7S,268,ligand,yes,no
6PUK,OYV,268,ligand,yes,no
6PUL,Q81,268,ligand,yes,no
6PUM,Q84,268,ligand,yes,no
6PVC,P1J,267,ligand,yes,no
6PVD,N18,266,ligand,yes,no
6QIO,JG5,603,binder,yes,no
6QIP,JG5,602,binder,yes,no
6SNY,PTY,170,ligand,yes,no
6V7Y,AGH,273,ligand,yes,no
6V7Z,AGH,277,ligand,yes,no
6V80,AGH,275,ligand,yes,no
6W9U,TKG,266,ligand,yes,no
6XQP,2LJ,244,ligand,yes,no
6Z9X,QCN,4,ligand,yes,no
6ZKY,QMB,9,ligand,yes,yes
6ZKZ,QM8,9,ligand,yes,yes
7ALO,PRQ,8,ligand,yes,yes
7CIR,SEP,4,ligand,yes,yes
7CIS,SEP,4,ligand,yes,yes
7CIS,SEP,6,ligand,yes,yes
7DYN,SEP,4,ligand,yes,yes
7DYN,SEP,6,ligand,yes,yes
7KOZ,WU7,175,ligand,yes,no
7KP0,WUA,176,ligand,yes,no
7KP1,FO4,174,ligand,yes,no
7LLI,2LJ,264,ligand,yes,no
7LLJ,30W,264,ligand,yes,no
7MX4,ZPD,279,ligand,yes,no
7MX4,ZP7,281,ligand,yes,no
7MXF,ZQ4,279,ligand,yes,no
7MXF,ZP7,281,ligand,yes,no
7MXH,ZQ7,283,ligand,yes,no
7MXH,ZP7,285,ligand,yes,no
7NDT,QM8,9,ligand,yes,yes
7NDU,QM8,9,ligand,yes,yes
7OKS,PTY,169,ligand,yes,no
7OKT,PTY,170,ligand,yes,no
7OKU,PTY,176,ligand,yes,no
7OKV,R16,167,ligand,yes,no
7Q5D,PTY,175,ligand,yes,no
7RYN,CIS,175,ligand,yes,no
7RYO,WGR,280,ligand,yes,no
7RZJ,SEP,4,ligand,yes,yes
7S79,E7P,4,ligand,yes,no
7S7D,OSE,4,ligand,yes,yes
7S7F,SEP,4,ligand,yes,yes
7S8A,SEP,4,ligand,yes,yes
7S8E,SEP,4,ligand,yes,yes
7SH4,MW9,274,ligand,yes,no
7UFJ,N36,268,ligand,yes,no
7UMG,30W,267,ligand,yes,no
7WJ3,MYR,101,ligand,yes,no
7WT3,MYR,1,ligand,yes,no
7ZT2,2LJ,263,ligand,yes,no
7ZT4,JSO,265,ligand,yes,no
7ZT5,7ZS,269,ligand,yes,no
7ZT7,54G,268,ligand,yes,no
7ZT8,OVV,258,ligand,yes,no
7ZT9,4MA,603,ligand,yes,no
8BP6,R8F,368,ligand,yes,no
8C44,PTY,625,ligand,yes,no
8DV3,6UL,286,ligand,yes,no
8DV3,PIE,293,ligand,yes,no
8DV4,CUY,278,ligand,yes,no
8ES9,Y01,1702,binder,yes,no
8GLE,SGF,281,ligand,yes,no
8GLE,CUY,282,ligand,yes,no
8GLF,3LY,283,ligand,yes,no
8GLF,6UL,284,ligand,yes,no
8GLG,L9Q,281,ligand,yes,no
8GLG,CUY,283,ligand,yes,no
8GLH,3IV,282,ligand,yes,no
8GLH,3IY,283,ligand,yes,no
8GLI,ZR2,282,ligand,yes,no
8SGB,FO4,275,ligand,yes,no
8SGM,AHF,615,ligand,yes,no
8SHI,ABA,6,ligand,yes,yes
8SOS,FO4,269,ligand,yes,no
8UDR,MOV,301,binder,yes,no
8VR9,MOV,301,binder,yes,no
8VRA,MOV,301,binder,yes,no
8VRB,MOV,301,binder,yes,no
8Y6X,LXU,266,ligand,yes,no
8ZOX,6UL,272,ligand,yes,no
8ZOX,L2B,302,ligand,yes,no
9ASF,4OG,6,ligand,yes,yes
9ASG,4OG,6,ligand,yes,yes
9BTX,H6N,267,ligand,yes,no
9BTY,XIK,265,ligand,yes,no
9BTZ,XIE,266,ligand,yes,no
9BU0,NK,263,ligand,yes,no
9CGR,PXL,267,ligand,yes,no
