resname,chem_comp_type,chem_comp_name,missing_in_pdb,biopython_included
07P,non-polymer,"N-[(2S,3R)-10-[(1R,2R)-2-decylcyclopropyl]-1-(alpha-D-galactopyranosyloxy)-3-hydroxydecan-2-yl]hexacosanamide",,no
09N,non-polymer,"(11Z,14Z)-N-[(2S,3S,4R)-1-(alpha-D-galactopyranosyloxy)-3,4-dihydroxyoctadecan-2-yl]icosa-11,14-dienamide",,no
0SG,non-polymer,"N-{(2S,3R,4E)-1-[(3,6-di-O-sulfo-beta-D-galactopyranosyl)oxy]-3-hydroxyoctadec-4-en-2-yl}dodecanamide",,no
0SH,non-polymer,"N-[(2S,3S,4R)-1-(alpha-D-galactopyranosyloxy)-3,4-dihydroxyoctadecan-2-yl]hexadecanamide",,no
11D,non-polymer,11-({[5-(dimethylamino)naphthalen-1-yl]sulfonyl}amino)undecanoic,,no
12P,non-polymer,DODECAETHYLENE,,no
15P,non-polymer,POLYETHYLENE,,no
16A,non-polymer,CETYL-TRIMETHYL-AMMONIUM,,no
1L2,non-polymer,(2S)-3-(alpha-D-galactopyranosyloxy)-2-[(9Z)-octadec-9-enoyloxy]propyl,,no
1L9,non-polymer,"N-[(2S,3S,4R)-1-({6-O-[(4-chlorophenyl)carbamoyl]-alpha-D-galactopyranosyl}oxy)-3,4-dihydroxyoctadecan-2-yl]hexacosanamide",,no
1LA,non-polymer,"N-[(2S,3S,4R)-3,4-dihydroxy-1-{[6-O-(pyridin-4-ylcarbamoyl)-alpha-D-galactopyranosyl]oxy}octadecan-2-yl]hexacosanamide",,no
1O2,non-polymer,(2S)-3-(alpha-D-galactopyranosyloxy)-2-(hexadecanoyloxy)propyl,,no
1XL,non-polymer,"1-deoxy-1-[6-(hydroxymethyl)-2,4-dioxo-3,4-dihydropteridin-8(2H)-yl]-D-arabinitol",,no
2PE,non-polymer,NONAETHYLENE,,no
3GB,non-polymer,"N-[(2S,3R,4E)-1-{[alpha-D-galactopyranosyl-(1->4)-beta-D-galactopyranosyl-(1->4)-beta-D-glucopyranosyl]oxy}-3-hydroxyoctadec-4-en-2-yl]hexacosanamide",,no
3GD,non-polymer,"N-[(2S,3R,4E)-1-{[4-O-(beta-D-galactopyranosyl)-beta-D-glucopyranosyl]oxy}-3-hydroxyoctadec-4-en-2-yl]docosanamide",,no
3GH,non-polymer,"N-{(2S,3R)-1-[(3-deoxy-alpha-D-xylo-hexopyranosyl)oxy]-3-hydroxyoctadecan-2-yl}hexacosanamide",,no
3TF,non-polymer,(2S)-1-(alpha-D-glucopyranosyloxy)-3-(hexadecanoyloxy)propan-2-yl,,no
3X9,L-peptide,n,,yes
48G,non-polymer,"N-[(2S,3S,4R)-3,4-dihydroxy-1-{[6-O-(naphthalen-1-ylcarbamoyl)-alpha-D-galactopyranosyl]oxy}octadecan-2-yl]hexacosanamide",,no
49M,non-polymer,"(1R)-1,5-anhydro-1-[(1E,3S,4S,5R)-4,5-dihydroxy-3-(nonacosanoylamino)nonadec-1-en-1-yl]-D-galactitol",,no
49X,non-polymer,"(1R)-1,5-anhydro-1-{(1E,3S,4S,5R)-4,5-dihydroxy-3-[(8-phenyloctanoyl)amino]nonadec-1-en-1-yl}-D-galactitol",,no
49Y,non-polymer,"(4Z)-9-[(1R,2R)-2-decylcyclopropyl]-N-[(2S,3S,4S)-1-(alpha-D-galactopyranosyloxy)-3,4-dihydroxyoctadecan-2-yl]non-4-enamide",,no
4LX,non-polymer,"N-[(2S,3S,4R)-1-(alpha-D-galactopyranosyloxy)-3,4-dihydroxyoctadecan-2-yl]hexacosanethioamide",,no
7DW,non-polymer,"11-(4-fluorophenyl)-N-[(2S,3S,4R)-1-(alpha-D-galactopyranosyloxy)-3,4-dihydroxyoctadecan-2-yl]undecanamide",,no
7LM,non-polymer,"N-[(2S,3S,4R)-1-(alpha-D-galactopyranosyloxy)-3,4-dihydroxy-16-phenylhexadecan-2-yl]octanamide",,no
7LP,non-polymer,"(5R,6S,7S)-5,6-dihydroxy-7-(octanoylamino)-N-(6-phenylhexyl)-8-{[(2S,3R,4S,5R,6R)-3,4,5-trihydroxy-6-(hydroxymethyl)tetrahydro-2H-pyran-2-yl]oxy}octanamide",,no
7PE,non-polymer,2-(2-(2-(2-(2-(2-ETHOXYETHOXY)ETHOXY)ETHOXY)ETHOXY)ETHOXY)ETHANOL,,no
A1AHF,non-polymer,N-[(2S)-3-oxo-1-(beta-L-talopyranosyloxy)octadecan-2-yl]docosanamide,,no
A1L2B,non-polymer,"[(2R,3S,4S,5R,6S)-3,4,5,6-tetrakis(oxidanyl)oxan-2-yl]methyl",,no
A1LXU,non-polymer,"5-(2-oxidanylidenepropyl)-8-[(2~{S},3~{S},4~{R})-2,3,4,5-tetrakis(oxidanyl)pentyl]-1,7-dihydropteridine-2,4,6-trione",,no
ALA,L-peptide,y,,yes
ARG,L-peptide,y,,yes
ASN,L-peptide,y,,yes
ASP,L-peptide,y,,yes
B3P,non-polymer,"2-[3-(2-HYDROXY-1,1-DIHYDROXYMETHYL-ETHYLAMINO)-PROPYLAMINO]-2-HYDROXYMETHYL-PROPANE-1,3-DIOL",,no
BO3,non-polymer,BORIC,,no
C1Q,non-polymer,"N-{(1S,2S,3R)-1-[(alpha-D-galactopyranosyloxy)methyl]-2,3-dihydroxyheptadecyl}-10-phenyldecanamide",,no
C6Q,non-polymer,"N-{(1S,2S,3R)-1-[(alpha-D-galactopyranosyloxy)methyl]-2,3-dihydroxyheptadecyl}-6-phenylhexanamide",,no
C8F,non-polymer,"8-(4-fluorophenyl)-N-{(1S,2S,3R)-1-[(alpha-D-galactopyranosyloxy)methyl]-2,3-dihydroxyheptadecyl}octanamide",,no
C8P,non-polymer,"N-{(1S,2S,3R)-1-[(alpha-D-galactopyranosyloxy)methyl]-2,3-dihydroxyheptadecyl}-8-phenyloctanamide",,no
CD4,non-polymer,"(2R,5R,11R,14R)-5,8,11-trihydroxy-5,11-dioxido-17-oxo-2,14-bis(tetradecanoyloxy)-4,6,10,12,16-pentaoxa-5,11-diphosphatriacont-1-yl",,no
CGU,L-peptide,n,,yes
CIT,non-polymer,CITRIC,,no
CLR,non-polymer,CHOLESTEROL,,no
CO3,non-polymer,CARBONATE,,no
CSO,L-peptide,n,,yes
CYS,L-peptide,y,,yes
D10,non-polymer,DECANE,,no
D12,non-polymer,DODECANE,,no
DB6,non-polymer,"(11E,14E)-N-[(2S,3S,4R)-1-(alpha-D-glucopyranosyloxy)-3,4-dihydroxyoctadecan-2-yl]icosa-11,14-dienamide",,no
DMS,non-polymer,DIMETHYL,,no
DPN,D-peptide,.,,no
EL7,non-polymer,"N-[(2S,3S,4R)-3,4-dihydroxy-8-oxo-8-[(6-phenylhexyl)amino]-1-{[(2S,3R,4S,5R,6R)-3,4,5-trihydroxy-6-(hydroxymethyl)tetrahydro-2H-pyran-2-yl]oxy}octan-2-yl]heptadecanamide",,no
ELG,non-polymer,"(5R,6S,7S)-5,6-dihydroxy-7-(octanoylamino)-N-(3-pentylphenyl)-8-{[(2S,3R,4S,5R,6R)-3,4,5-trihydroxy-6-(hydroxymethyl)te",,no
ELM,non-polymer,"N-[(2S,3S,4R)-3,4-dihydroxy-8-oxo-8-[(6-phenylhexyl)amino]-1-{[(2S,3R,4S,5R,6R)-3,4,5-trihydroxy-6-(hydroxymethyl)tetra",,no
ELS,non-polymer,"N-[(2S,3S,4R)-3,4-dihydroxy-8-oxo-8-[(4-pentylphenyl)amino]-1-{[(2S,3R,4S,5R,6R)-3,4,5-trihydroxy-6-(hydroxymethyl)tetr",,no
EM4,non-polymer,"N-[(2S,3S,4R)-3,4-dihydroxy-8-oxo-8-[(6-phenylhexyl)amino]-1-{[(2S,3R,4S,5R,6R)-3,4,5-trihydroxy-6-(hydroxymethyl)tetrahydro-2H-pyran-2-yl]oxy}octan-2-yl]hexacosanamide",,no
EMG,non-polymer,"N-[(2S,3S,4R)-3,4-dihydroxy-8-oxo-8-[(6-phenylhexyl)amino]-1-{[(2S,3R,4S,5R,6R)-3,4,5-trihydroxy-6-(hydroxymethyl)tetrahydro-2H-pyran-2-yl]oxy}octan-2-yl]icosanamide",,no
EQY,non-polymer,methyl,,no
ERA,non-polymer,"(7Z,15E,17E)-N-[(2S,3S,4E)-1,3-dihydroxyoctadec-4-en-2-yl]tricosa-7,15,17-trienamide",,no
ESC,L-peptide,n,,yes
F57,non-polymer,(2R)-1-(decanoyloxy)-3-(phosphonooxy)propan-2-yl,,no
F61,non-polymer,"N-[(2S,3S,4R)-1-(alpha-D-galactopyranosyloxy)-3,4-dihydroxyoctadecan-2-yl]undecanamide",,no
FEE,non-polymer,"N-{(1S,2S,3R)-1-[(alpha-D-galactopyranosyloxy)methyl]-2,3-dihydroxyoctyl}tetracosanamide",,no
FJJ,non-polymer,"(5R,6S,7S)-5,6-dihydroxy-7-(octanoylamino)-N-[(1E)-4-phenylbutylidene]-8-{[(2S,3R,4S,5R,6R)-3,4,5-trihydroxy-6-(hydroxymethyl)tetrahydro-2H-pyran-2-yl]oxy}octanamide",,no
FJM,non-polymer,"(5R,6S,7S)-5,6-dihydroxy-7-(octanoylamino)-N-(8-phenyloctyl)-8-{[(2S,3R,4S,5R,6R)-3,4,5-trihydroxy-6-(hydroxymethyl)tetrahydro-2H-pyran-2-yl]oxy}octanamide",,no
FME,L-peptide,n,,yes
FUL,"L-saccharide,",linking,,no
GAL,"D-saccharide,",linking,,no
GLA,"D-saccharide,",linking,,no
GLN,L-peptide,y,,yes
GLU,L-peptide,y,,yes
GLY,peptide,y,,yes
GSH,non-polymer,GLUTATHIONE,,no
GSL,non-polymer,"(2S,3R)-3-HYDROXY-2-(TETRADECANOYLAMINO)OCTADECYL",,no
GUN,non-polymer,GUANINE,,no
H4S,non-polymer,"N-[(2S,3S,4R)-3,4-dihydroxy-1-{[(1S,2S,3R,4R,5S)-2,3,4,5-tetrahydroxycyclohexyl]amino}octadecan-2-yl]hexacosanamide",,no
HEX,non-polymer,HEXANE,,no
HIS,L-peptide,y,,yes
HP6,non-polymer,HEPTANE,,no
IGC,non-polymer,"N-[(1S,2R,3E)-1-({[ALPHA-D-GALACTOPYRANOSYL-(1->3)-BETA-D-GALACTOPYRANOSYL-(1->4)-BETA-D-GLUCOPYRANOSYL]OXY}METHYL)-2-H",,no
ILE,L-peptide,y,,yes
J76,non-polymer,"(5R,6S,7S)-5,6-dihydroxy-7-(octanoylamino)-N-(4-pentylphenyl)-8-{[(2S,3R,4S,5R,6R)-3,4,5-trihydroxy-6-(hydroxymethyl)te",,no
J81,non-polymer,"(5R,6S,7S)-5,6-dihydroxy-N-nonyl-7-(octanoylamino)-8-{[(2S,3R,4S,5R,6R)-3,4,5-trihydroxy-6-(hydroxymethyl)tetrahydro-2H-pyran-2-yl]oxy}octanamide",,no
JTD,non-polymer,"N-[(2S,3S,4R)-1-{[4-O-(cyclopropylmethyl)-alpha-D-galactopyranosyl]oxy}-3,4-dihydroxyoctadecan-2-yl]hexacosanamide",,no
JTG,non-polymer,"N-[(2S,3S,4R)-3,4-dihydroxy-1-{[4-O-(prop-2-en-1-yl)-alpha-D-galactopyranosyl]oxy}octadecan-2-yl]hexacosanamide",,no
JTJ,non-polymer,"N-[(2S,3S,4R)-3,4-dihydroxy-1-({4-O-[(4-methylphenyl)methyl]-alpha-D-galactopyranosyl}oxy)octadecan-2-yl]hexacosanamide",,no
JTM,non-polymer,"N-[(2S,3S,4R)-1-({4-O-[(4-chlorophenyl)methyl]-alpha-D-galactopyranosyl}oxy)-3,4-dihydroxyoctadecan-2-yl]hexacosanamide",,no
JTV,non-polymer,"N-{(2S,3S,4R)-1-[(4-O-benzyl-alpha-D-galactopyranosyl)oxy]-3,4-dihydroxyoctadecan-2-yl}hexacosanamide",,no
JU1,non-polymer,"N-[(2S,3S,4R)-1-({4-O-[(4-tert-butylphenyl)methyl]-alpha-D-galactopyranosyl}oxy)-3,4-dihydroxyoctadecan-2-yl]hexacosanamide",,no
JU4,non-polymer,"N-[(2S,3S,4R)-1-({4-O-[(3,4-dichlorophenyl)methyl]-alpha-D-galactopyranosyl}oxy)-3,4-dihydroxyoctadecan-2-yl]hexacosanamide",,no
JUD,non-polymer,"N-{(2S,3S,4R)-3,4-dihydroxy-1-[(4-O-{[4-(trifluoromethyl)phenyl]methyl}-alpha-D-galactopyranosyl)oxy]octadecan-2-yl}hexacosanamide",,no
KFP,D-peptide,n,,yes
L9R,non-polymer,(2S)-3-(octadecanoyloxy)-2-[(9Z)-octadec-9-enoyloxy]propyl,,no
LEU,L-peptide,y,,yes
LGN,non-polymer,"N-[(2S,3R,4E)-1-{[alpha-D-galactopyranosyl-(1->3)-beta-D-galactopyranosyl-(1->4)-beta-D-glucopyranosyl]oxy}-3-hydroxyoctadec-4-en-2-yl]hexacosanamide",,no
LLP,L-peptide,n,,yes
LMR,non-polymer,(2S)-2-hydroxybutanedioic,,no
LYS,L-peptide,y,,yes
MET,L-peptide,y,,yes
MLI,non-polymer,MALONATE,,no
MLT,non-polymer,D-MALATE,,no
MN,non-polymer,MANGANESE,,no
MPD,non-polymer,"(4S)-2-METHYL-2,4-PENTANEDIOL",,no
MRD,non-polymer,"(4R)-2-METHYLPENTANE-2,4-DIOL",,no
MVV,non-polymer,(2R)-1-(alpha-D-glucopyranosyloxy)-3-(octadecanoyloxy)propan-2-yl,,no
MX7,NA,NA,4mx7,no
N57,non-polymer,"(2S,3S,4R)-2-amino-3,4-dihydroxyoctadecyl",,no
NCA,non-polymer,NICOTINAMIDE,,no
NHE,non-polymer,2-[N-CYCLOHEXYLAMINO]ETHANE,,no
NIY,L-peptide,n,,yes
NLE,L-peptide,n,,yes
OCA,non-polymer,OCTANOIC,,no
PBS,non-polymer,"(2S,3S,4R)-N-OCTANOYL-1-[(ALPHA-D-GALACTOPYRANOSYL)OXY]-2-AMINO-OCTADECANE-3,4-DIOL",,no
PC6,non-polymer,"7-[(DODECANOYLOXY)METHYL]-4-HYDROXY-N,N,N-TRIMETHYL-9-OXO-3,5,8-TRIOXA-4-PHOSPHADOTRIACONTAN-1-AMINIUM",,no
PE8,non-polymer,"3,6,9,12,15,18,21-HEPTAOXATRICOSANE-1,23-DIOL",,no
PEU,non-polymer,"2,5,8,11,14,17,20,23,26,29,32,35,38,41,44,47,50,53,56,59,62,65,68,71,74,77,80-HEPTACOSAOXADOOCTACONTAN-82-OL",,no
PHE,L-peptide,y,,yes
PLM,non-polymer,PALMITIC,,no
PPI,non-polymer,PROPANOIC,,no
PRO,L-peptide,y,,yes
QOD,non-polymer,"(3R)-N-[(2S,3R)-1-(alpha-D-galactopyranosyloxy)-3-hydroxy-15-methylhexadecan-2-yl]-3-hydroxyheptadecanamide",,no
QUV,non-polymer,"N-[(2S,3S,4R)-1-({6-deoxy-6-[(naphthalen-1-ylcarbamoyl)amino]-alpha-D-galactopyranosyl}oxy)-3,4-dihydroxyoctadecan-2-yl]hexacosanamide",,no
QUX,non-polymer,"N-[(3S,4S,5R)-4,5-dihydroxy-1-[(2R,3R,4R,5R,6R)-3,4,5-trihydroxy-6-(hydroxymethyl)oxan-2-yl]nonadecan-3-yl]hexacosanamide",,no
QUY,non-polymer,"(2S,3R,4S,5R,6S)-6-[(2S,3S,4R)-2-(hexacosanoylamino)-3,4-dihydroxy-octadecoxy]-3,4,5-trihydroxy-N-(phenylmethyl)oxane-2-carboxamide",,no
QWV,non-polymer,"N-[(2S,3R)-3-hydroxy-1-{[6-O-(3-phenylpropanoyl)-alpha-D-galactopyranosyl]oxy}octadecan-2-yl]hexacosanamide",,no
SER,L-peptide,y,,yes
SIA,"D-saccharide,",linking,,no
SRV,non-polymer,(2S)-2-(heptadecanoyloxy)-3-{[(10S)-10-methyloctadecanoyl]oxy}propyl,,no
TAR,non-polymer,D(-)-TARTARIC,,no
THR,L-peptide,y,,yes
TOE,non-polymer,2-[2-(2-METHOXY-ETHOXY)-ETHOXY]-ETHOXYL,,no
TRP,L-peptide,y,,yes
TWT,non-polymer,DOCOSANE,,no
TYI,L-peptide,n,,yes
TYR,L-peptide,y,,yes
UND,non-polymer,UNDECANE,,no
UNK,L-peptide,.,,no
UNL,non-polymer,UNKNOWN,,no
URE,non-polymer,UREA,,no
V8P,non-polymer,"(3R)-N-[(2S,3R)-1-(alpha-D-galactopyranosyloxy)-3-hydroxyheptadecan-2-yl]-3-hydroxyheptadecanamide",,no
VAL,L-peptide,y,,yes
XPE,non-polymer,"3,6,9,12,15,18,21,24,27-NONAOXANONACOSANE-1,29-DIOL",,no
XPX,non-polymer,"(2R)-3-[(HYDROXY{[(2R,3R,5S,6R)-3,4,5-TRIHYDROXY-2,6-BIS(ALPHA-D-MANNOPYRANOSYLOXY)CYCLOHEXYL]OXY}PHOSPHORYL)OXY]PROPAN",,no
Y73,non-polymer,"N-[(2R,3R,4E)-1,3-dihydroxyoctadec-4-en-2-yl]tetracosanamide",,no
