pdb,chain_id
8RLV,C
3X11,C
1QSE,C
3BZF,C
7P49,C
1BD2,C
7LFZ,C
5JZI,C
7NDT,C
7BH8,G
3X12,C
6J1W,C
7EJL,C
3VXU,C
7TUD,C
7TUD,D
1P7Q,C
5EO1,C
6P27,C
3GSN,E
1T22,C
2D31,C
1T1Y,C
3FQU,C
7OW6,C
7UM2,C
8ZV9,C
5VVP,C
6ZKW,C
7LG0,C
1HHK,C
5XOV,C
1T1Z,C
7ZUC,C
7SIS,C
5TXS,C
5VWD,C
6Z9W,C
5WWU,C
8YE4,C
7NME,C
3VXS,C
5VWF,C
6P23,C
4F7P,C
5HHQ,C
7BBG,C
7RTD,C
2ESV,E
4NO0,C
5HGB,C
7NMD,C
1A9E,C
7N6E,C
7U1R,C
7P4B,C
7JYX,C
1Q94,C
2F54,C
4QOK,C
5XOT,C
1T21,C
3RL2,C
7TR4,E
6MTM,C
7MJA,C
3GSW,C
1AKJ,C
1QSF,C
5W6A,C
3FQT,C
4F7M,C
1HHH,C
1T1X,C
8QFY,C
7NDQ,C
6W51,C
8EN8,C
6J2A,C
7S8S,C
5WJL,C
7S7E,C
6UZ1,C
7WJ2,C
3D3V,C
7F4W,C
3I6L,C
1XR9,C
2XPG,C
3PWP,C
6J1V,C
3KXF,E
1I4F,C
8RYO,C
6MT3,B
3V5K,C
6UK2,C
7KGO,C
7RTR,C
3WLB,C
8RBV,C
6UJ7,C
6GHN,C
1T1W,C
7JYU,C
8XKC,C
6VM8,C
6ZKZ,C
4QRR,E
3VXP,C
5WSH,C
5WWJ,C
5VZ5,C
7NUI,C
5HHN,C
1S8D,C
7RK7,C
4JFP,C
6ZKY,C
8I5D,E
1DUY,C
3UTT,C
7PBE,C
3H9S,C
4O2F,C
1A9B,C
6ZKX,C
1YDP,C
7EJM,C
3V5D,C
3QFJ,C
2NX5,C
6ULI,C
7LG2,C
1CG9,C
6GGM,C
5ENW,C
7S8Q,C
3WL9,C
1S9Y,C
2CLR,C
5IUE,C
3MGT,C
5F9J,C
3OX8,C
1E27,C
3FT2,C
3FQW,C
1T20,C
3C9N,C
4WU5,C
2BVP,C
4NQV,C
7KGS,C
6AEE,C
6JP3,D
6JP3,C
5HGA,C
1HHG,C
4JFF,C
7N2R,C
8ELG,C
5NMK,C
1MHE,D
6GH4,C
8RYM,C
5D9S,C
7LG3,C
6MPP,B
3VXN,C
8RLT,C
8ENH,C
7N1B,C
8RH6,F
7SA2,C
5IM7,C
8RNG,C
6D2B,C
7S8F,C
7KGP,C
1EEY,C
2X4N,C
7N1E,C
5W1V,C
8ROP,C
8RHQ,F
7S79,C
6P2S,C
4F7T,C
5JHD,C
7WT4,C
1QVO,C
1QEW,C
4O2C,C
2F53,C
7S7F,C
7KGQ,C
3O3B,C
1S9X,C
2UWE,C
5HGD,C
6VB1,C
1LP9,C
8RYQ,C
7RZD,C
3REW,C
5ISZ,C
7WKJ,C
6AVF,E
5WJN,C
8RYP,C
8XFZ,C
6GL1,C
6UZQ,C
1QRN,C
6MT4,C
5EU3,C
5FDW,C
8E13,C
6UZS,C
3FQX,C
6VM9,C
3FT4,C
6AM5,C
8RYN,C
8ROO,B
6PAG,C
4NO5,C
5HYJ,C
5W69,C
6ID4,E
7MKB,C
8EB2,C
7NMF,C
8DVG,C
8GON,C
7OW4,C
7P3D,C
7P3E,C
6JOZ,C
1HSB,C
3MGO,C
8RLU,C
6GH1,C
5V5L,C
4N8V,C
3H9H,C
6AMT,C
1I7T,C
1HHI,C
7S8E,C
4JFE,C
7PB2,C
3NFN,C
5HGH,C
5T6Y,C
5VUE,C
7MJ7,C
8I5C,C
7S7D,C
5WKF,C
4NQX,C
6J29,C
4PRN,C
5HHM,C
3OXR,C
7MJ9,C
6JTP,C
5VUF,C
5T6X,C
5C07,C
3GJF,C
7LGD,C
5BRZ,C
5C0C,C
8ISN,C
3VFN,C
7KGT,C
3O4L,C
5W1W,C
2X70,C
6Z9X,C
2BVO,C
3GSO,C
6P64,C
6P2C,C
4XXC,B
7S8A,C
9BL6,C
6SSA,C
8TBW,C
3VFP,C
7OW5,C
2VLL,C
7JYV,C
3MRB,C
5SWQ,C
8RBU,C
3PWL,C
3X13,C
2X4S,C
4G8G,C
3IXA,C
7PBC,E
6RP9,C
7WJ3,C
7T5M,C
3VFU,C
6Q3S,C
1A1N,C
5HHO,C
4JQV,B
6UJ8,C
8F5A,E
3LN4,C
4MNQ,C
7R7X,C
6VB2,C
8XG2,C
6R2L,C
8SBK,C
4WUU,C
5E00,C
5FA4,C
8E8I,C
6MT6,B
3MRQ,C
8TUH,C
1W72,C
6G3J,C
8SHI,C
6O4Z,C
2VLK,C
2P5E,C
4O2E,C
7LGT,C
6O4Y,C
3PWN,C
6PTE,C
5C08,C
5E9D,C
5HHP,C
2GJ6,C
3MRM,C
6RSY,C
6TRO,C
8XES,C
4PRA,C
8FU4,C
6BXP,C
3HPJ,C
2DYP,C
3O3E,C
3V5H,C
5WKH,C
3SJV,C
3BXN,C
6O9C,C
3BH8,C
8I5E,C
3VRJ,C
5WMP,C
1I1F,C
6TRN,C
3VFV,C
8TBV,C
6SS9,C
8U9G,C
5MEN,C
5WMN,C
7WT5,C
3D39,C
7L1C,C
5IRO,B
6V2P,C
1S9W,C
5N6B,C
6VMA,C
7WZZ,C
3LN5,C
3GSX,C
8EO8,C
5V5M,C
8EMG,C
7RM4,C
7RRG,C
2AV1,C
7DZN,C
4U6Y,C
5C0B,C
8ERX,C
8ES9,E
6VB0,C
8E2Z,C
4U1I,C
2GUO,C
3L3K,C
3UTS,C
9BL5,C
4UQ3,C
5WXC,C
5T6W,C
6JTN,C
1OGA,C
6D2T,C
6PBH,C
5IEH,C
1B0G,C
7RZJ,C
6MTL,C
3MR9,C
1B0R,C
3GSQ,C
2GTW,C
3MRC,C
3HCV,C
6EWC,C
1AGF,C
4JRX,C
8ES8,E
3I6G,C
4L29,C
6BJ2,C
7WT3,C
4I4W,C
7NDU,C
5EU4,C
6VB7,C
3KPO,C
3PWJ,C
7N6D,C
4E5X,C
5C09,C
1AGD,C
7KGR,C
1AO7,C
7SIH,C
3GSR,C
3H7B,C
7Q98,C
1TVH,C
3GSU,C
3BZE,C
7EJN,C
8RJI,C
3MRJ,C
2J8U,C
4FTV,C
3HAE,C
6UZN,C
1QR1,C
6V3J,C
5NMF,C
7Q9A,C
7JYW,C
2AV7,C
6PYV,C
7N1F,C
6VM7,C
8EMK,C
6D2R,C
7U21,C
5DDH,C
7M8T,C
3VFS,C
3VRI,C
6Z9V,C
4U1L,C
7NMG,C
2BCK,C
2RFX,C
6UJ9,C
8EK5,C
2BNR,C
1AGE,C
7QPJ,E
5EUO,E
3FT3,C
3MRH,C
7Q9B,C
5N1Y,C
6UJO,C
4GKS,C
6VB6,C
3L3J,C
5EOT,C
7SIF,C
5MEP,C
4QRS,C
6IEX,C
3KYN,C
4HWZ,C
7MJ8,C
3BHB,C
8RNH,C
6SS7,C
6P2F,C
5FA3,C
3KPP,C
8UDR,C
4MJI,C
7N2O,C
1I7U,C
8SBL,C
3LKO,C
3RL1,C
3HG1,C
4NNY,C
3VXM,C
1I7R,C
5C0E,C
6UZP,C
5W67,C
7SU9,C
6VB5,C
4JRY,C
2HJL,C
3LKN,C
2JCC,C
6ULK,C
3MRG,C
7MJ6,C
3MV9,C
6XQA,C
8TUB,C
5C0F,C
3MRP,C
4U6X,C
3MRO,C
5WMO,C
5C0D,C
3GSV,C
3UTQ,C
1JF1,C
2BNQ,C
3QFD,C
3BH9,C
6VMX,C
4MJ6,C
6UZO,C
1N2R,C
7Q99,C
8EMJ,C
5TEZ,C
3FQN,C
3VFR,C
7N2S,C
2HN7,C
3OXS,C
3O3A,C
6OPD,C
6AMU,C
6EWO,C
4I48,C
5IND,C
3KLA,C
3BWA,C
6BXQ,B
6O9B,C
4WJ5,C
4QRP,C
5EU6,C
5INC,C
9BL2,C
7X1C,C
3MRK,C
8ESH,C
5VWJ,C
4PR5,C
1X7Q,C
3LKP,C
6SS8,C
3VXO,C
8RNE,C
6VB4,C
6VIU,C
3MRE,C
9DL1,F
2AXG,C
3QZW,C
6AT5,C
3TO2,C
1MI5,C
3FQR,C
7YG3,B
8XKE,C
3KPQ,C
6VQZ,C
6MT5,C
3KYO,C
1K5N,C
4JFD,C
7MLE,C
7N2P,C
6EQA,C
3MRF,C
8EMF,C
3DX6,C
3MRR,C
3VXR,C
3MYJ,C
3MRD,C
5MEO,C
7XF3,C
5VUD,C
5T6Z,C
1AGB,C
7N1A,C
6O51,C
3AM8,C
5EU5,C
6BJ3,C
5NMH,C
2FZ3,C
6VQY,C
2V2X,C
6RPB,C
5EO0,C
3QDM,C
8RNF,C
4L3E,C
3MRN,C
4HX1,C
6JTO,C
4NT6,C
3GIV,C
4WU7,C
6VMC,C
8ELH,C
1AGC,C
6AVG,E
3D25,C
3SPV,C
4U1M,C
4PRI,C
5C0J,C
1DUZ,C
1A1O,C
6V2Q,C
7OW3,C
7TUC,C
5C0A,C
8V51,C
8RJH,C
1TVB,C
2GIT,C
5F7D,C
5YXN,E
7TLT,C
3VFW,C
3MRI,C
2GT9,C
6ULN,C
5BS0,C
6PYJ,C
1IM3,C
3I6K,C
2H6P,C
3VFT,C
7R7V,C
8FJA,C
7M8U,C
4PRP,C
7M8S,C
3SKO,C
3DX7,C
1XH3,C
3X14,C
3BW9,C
5KNM,D
7SIG,C
5C0G,C
2YPL,C
5U98,C
2V2W,C
5NQK,E
6PTB,C
2GTZ,C
5WXD,C
4NNX,C
9BLA,C
8EMI,C
5WWI,C
7X00,C
5NHT,E
7UR1,C
3L3G,C
3BGM,C
4NO2,C
6UK4,C
7L1B,C
4U1N,C
1SYS,C
1EEZ,C
5C0I,C
7N2N,C
3W39,C
2X4P,C
7S8R,C
4PRB,C
1SYV,C
3W0W,C
7DZM,C
4PRH,C
3KPL,C
6ULR,C
6O53,C
6UJQ,C
3BVN,C
6VRM,E
2FYY,C
1JHT,C
5VWH,C
2VLJ,C
1E28,C
7UC5,C
5YXU,E
2X4Q,C
4NO3,C
3CDG,E
8WUL,E
3D18,C
4UQ2,C
1ZHK,C
8VCL,C
6D29,C
4U1J,C
7L1D,C
8CX4,C
4U1S,C
3LKQ,C
6RPA,C
8GOM,C
5NME,C
6VR5,C
3KPM,C
3FFC,C
7PDW,E
4MJ5,C
6AT9,C
1XR8,C
4JFQ,C
7RE8,C
3DTX,E
5T70,C
7R7W,C
6VQ2,C
6DKP,C
9ASF,C
2X4T,C
7K81,C
5IEK,C
3DX8,C
5GSD,C
6VQO,E
6V2O,C
6PZ5,C
5MEQ,C
4LNR,C
4JFO,C
6K60,C
4PRE,C
8REF,C
6UZM,C
3LKS,C
6BJ8,C
3MRL,C
1ZSD,C
4QRQ,C
3MV7,C
1JGD,C
6TMO,C
7R80,E
7K80,C
6Q3K,C
1ZHL,C
2YPK,C
3VCL,C
7R7Y,C
8F7M,C
8DNT,D
1W0W,C
7PHR,E
5VGD,C
8WTE,E
7STF,C
7EU2,C
9ASG,C
6VR1,C
1M6O,C
9BL3,C
6EWA,C
5XOS,C
6PYL,C
6Y26,C
5DEF,C
2AK4,C
1I1Y,C
5WMQ,C
6NCA,B
4U1H,C
3VH8,C
1W0V,C
5GRG,D
5GRG,C
2HJK,C
3VFO,C
3L3I,C
6PA1,C
2X4O,C
1HHJ,C
7ALO,C
5B38,C
2PYE,C
3KPS,C
3LKR,C
6VQE,C
3B3I,C
5GRD,C
6G3K,C
2X4R,C
8GVB,E
8VJZ,C
4PRD,C
4L3C,C
6D78,C
8V4Z,C
6VRN,E
5NMG,C
9BL9,C
4QRU,C
3KPR,C
2CIK,C
4K7F,C
7T0L,C
3KWW,C
2BVQ,C
3VFM,C
2BSS,C
3L3D,C
2NW3,C
7X1B,C
3QDG,C
4JQX,B
5MER,C
3DXA,C
2BST,C
4QRT,C
9BL4,C
8RJ5,C
6VB3,C
8FJB,C
5D2L,E
6EQB,C
6PYW,C
3QEQ,C
7CIR,C
5IB5,C
2P5W,C
3MV8,C
3WUW,C
5B39,C
3UPR,C
3O3D,C
8GVG,E
2C7U,C
4GKN,C
1KTL,C
6Y2B,C
2X4U,C
3SKM,C
8RCV,C
6Y29,C
4EUP,C
3LV3,C
2AXF,C
3BP7,C
3KPN,C
1TMC,C
3QDJ,C
5WMR,C
7RE7,C
5DEG,C
5IB1,C
4G9D,C
8VRA,C
2VLR,C
3BP4,C
6VQD,C
8HN4,C
1M05,C
7DYN,C
6Y28,C
7CIS,C
1KPR,C
4G9F,C
5D2N,D
1A1M,C
3BO8,C
6EI2,C
6Y27,C
4G8I,C
8ESB,C
8RRO,E
6VPZ,C
1UXW,C
8YIV,C
3CZF,C
1HSA,C
5IB4,C
2A83,C
2BSR,C
8T7R,D
1OF2,C
8VR9,C
8T6M,G
7CIQ,C
5VGE,C
6UON,C
8YJ2,C
5IB2,C
3B6S,C
1OGT,C
7N2Q,C
6Y2A,C
8V50,C
8GVI,E
3CII,C
4U1K,C
1JGE,C
8ESA,C
5IB3,C
1UXS,C
8EC5,C
8VRB,C
1QQD,C
7DUU,C
1EFX,C
8TMU,D
5XS3,C
1IM9,C
5E6I,E
3D2U,C
6TDQ,C
6TDQ,D
1HSB,D
3VRJ,D
7SRK,C
6TDP,C
3VRI,D
7SR5,C
7SR0,C
7SR3,C
6VQZ,D
7SR4,C
6VQY,D
6TDO,C
6D7G,D
8FRT,B
5U98,D
7ST3,C
7SSH,C
9C6X,B
7SQP,C
8TNJ,F
3UPR,D
9C6W,B
6APN,B
9C6V,B
9C3E,D
6PUI,E
5U1R,E
6PUL,E
5U16,E
6PUD,E
6XQP,E
7ZT8,E
9BTX,E
5U6Q,E
4NQD,C
6PUM,E
4L4V,E
6PUC,E
6PUJ,E
6W9U,E
6PUH,E
9CGR,E
8Y6X,E
4PJF,E
5D7I,E
6PVD,E
6PVC,E
6PUF,E
4PJI,E
4NQE,E
4NQC,C
5U2V,E
4PJ5,E
9BTY,E
6PUG,E
6PUE,E
5U17,E
4PJE,E
4PJ8,E
5D7L,C
6PUK,E
7ZT2,E
4PJ9,E
9BTZ,E
4PJG,E
4PJC,E
7UFJ,E
5D7J,E
4PJ7,E
9BU0,E
4PJH,E
5D5M,C
8BP6,B
7ZT5,E
4PJD,E
7ZT7,E
4PJX,E
7ZT4,E
4PJA,E
7LLI,E
4LCW,E
4L4T,E
7UMG,E
4GUP,C
7ZT9,E
4PJB,E
7LLJ,E
6MWR,E
3ES6,C
1T7V,C
4WO4,H
6V7Y,F
8SOS,B
3SDX,E
1ONQ,F
7MXF,C
7MXF,D
7MX4,C
7MX4,D
3U0P,D
1XZ0,D
4WW2,E
6V7Z,F
8DV4,E
4LHU,G
8SGM,G
3HUJ,F
6SNY,F
8DV3,E
8DV3,F
3VWK,E
7RYO,E
3TZV,F
1L8J,E
7RYN,E
8GLE,E
8GLE,F
4MNG,D
7MXH,C
7MXH,D
8GLF,E
8GLF,F
5L2J,D
5L2J,E
4EN3,E
7KP1,C
7OKS,E
8SGB,F
6NUX,C
1GZP,C
8GLH,E
8GLH,F
7KP0,C
5C9J,C
5C9J,D
5C9J,E
4X6D,F
4V3E,E
5WL1,F
5WL1,G
3OV6,B
7OKU,D
8GLI,D
3T8X,E
3T8X,F
6D64,F
6D64,G
7SH4,C
4V3D,F
6C09,E
8GLG,E
8GLG,F
2PO6,F
4X6E,C
7OKV,B
4ONO,C
6CUG,E
6CUG,F
1GZQ,C
7Q5D,D
2H26,E
2H26,F
4WWK,E
5L2K,E
5L2K,F
7OKT,B
3VWJ,E
5J1A,C
5WKE,E
5WKE,F
5WKG,E
5WKG,F
1ZT4,C
6V80,G
4MQ7,C
5WKI,F
5WKI,G
8ZOX,E
8ZOX,F
7KOZ,C
8C44,C
1UQS,C
4X6F,C
4X6C,E
6C15,C
