analysis_group,mapped_class,gene_name,pdb,mean_tm_score_avg,n_pairs,n_structures
2L,2L,,3IT8,1.0,0,1
UL18,UL18,,3D2U,1.0,0,1
MR1,MR1,,4PJA,0.9903149333333332,75,76
HLA Class Ia / HLA-A,HLA Class Ia,HLA-A,3H7B,0.9897344939965695,583,584
CD1 / CD1b,CD1,CD1b,6D64,0.9896547619047619,21,22
HLA Class Ia / HLA-B,HLA Class Ia,HLA-B,6V2Q,0.9886782240437157,366,367
HLA Class Ib / HLA-G,HLA Class Ib,HLA-G,6AEE,0.9885937499999999,8,9
ZAG,ZAG,,1T7V,0.9873688888888889,9,10
HLA Class Ia / HLA-C,HLA Class Ia,HLA-C,7SU9,0.9843720512820513,39,40
HLA Class Ib / HLA-F,HLA Class Ib,HLA-F,5IUE,0.982665,2,3
CD1 / CD1d,CD1,CD1d,6V7Y,0.9805315,20,21
EPCR,EPCR,,4V3D,0.9796009090909091,11,12
HLA Class Ib / HLA-E,HLA Class Ib,HLA-E,9NW7,0.9784694285714285,35,36
CD1 / CD1c,CD1,CD1c,9OHT,0.97470125,8,9
OMCP,OMCP,,4FFE,0.96561,1,2
FcRn,FcRn,,4N0U,0.9645459259259259,27,28
CD1 / CD1a,CD1,CD1a,7KP0,0.961435,16,17
MIC / MICB,MIC,MICB,2WY3,0.95931,2,3
HFE,HFE,,1DE4,0.946825,2,3
MIC / MICA,MIC,MICA,1HYR,0.9324055555555556,9,10
ULBP,ULBP,,4S0U,0.913075,8,9
